Jarboe;SA3Qgksfh6;943d6dbfa35b4c82d4ca150dcdf3fc5a
pJarboe;SA3Qgksfh6;T
Butor;nSrl8vZWAC;31f06c8c9ad7061720dd75709b1393e6
pButor;nSrl8vZWAC;T
Drahota;FnrjAFjdG4;3e13624b9484d075702dfe03ffcaa504
pDrahota;FnrjAFjdG4;T
Scardina;AbVjuE1cOR;f76af92bb0c6f36bb5f7c9e9d8d8602a
pScardina;AbVjuE1cOR;T
Lummus;0NYpZ5uvb3;673b33c572f969edefce9d989db7bab8
pLummus;0NYpZ5uvb3;T
Hymowitz;05MrYQJAJP;238d5983693a232ea7acc2d544eca569
pHymowitz;05MrYQJAJP;T
Singerman;VvXSSDmNmS;65e8aae9f0080429fa6e6cba0fee3989
pSingerman;VvXSSDmNmS;T
Cryar;wA03Ft2vGb;d26b354881f09681cddda6a982af08bb
pCryar;wA03Ft2vGb;T
Burnet;pPb8PLLUOq;d8c3c4775f62517d7570ec2511f2d771
pBurnet;pPb8PLLUOq;T
Chevrier;M0mCw5S8gG;eb909ff4db1e716f31c40a5fa7995410
pChevrier;M0mCw5S8gG;T
Minor;nfLoi2EQKx;16dd2964f25db017966fad099d384634
pMinor;nfLoi2EQKx;T
Meyn;QknL3j6uXd;bce337af798935a22ac47119aee90241
pMeyn;QknL3j6uXd;T
Kohm;S8LGO9NbCO;11b6efca6ab6a7478bb1b05344fdecb4
pKohm;S8LGO9NbCO;T
Newham;poduNn9TXs;b7b39154dc68ce66c9ba4ba38abeeac7
pNewham;poduNn9TXs;T
Striegel;nscWnJpLeO;ebcb76b9862cbe9339fdf0c6fc5e1ca1
pStriegel;nscWnJpLeO;T
Menietto;l0qnUojtcV;24e35a2ceb0397933297bda632a161cd
pMenietto;l0qnUojtcV;T
Skiffington;5wlv8EqM3a;5512d982d8e71166951e49a3e20241a3
pSkiffington;5wlv8EqM3a;T
Lopinto;QVfEPlVXHM;d84a05939a14ccb201456b6ef043cdac
pLopinto;QVfEPlVXHM;T
Hyske;EX8PqdYqgA;0fef191ba79aec69167a255aa1db8055
pHyske;EX8PqdYqgA;T
Sutter;Wa8WvaBy8R;d1aab810c9ad9b4ae101404c92d16a98
pSutter;Wa8WvaBy8R;T
Elkins;dtEg8hVx6m;c7938951dc52e3226368f5d418d90ee6
pElkins;dtEg8hVx6m;T
Boccanfuso;qqUBOoBL2w;45e48c00523335c2bf9762236069887f
pBoccanfuso;qqUBOoBL2w;T
York;OZKuEccJlZ;4c1cdf9a21ffb7f6cb42985ef535b792
pYork;OZKuEccJlZ;T
Plate;JwhTjzT2ym;7ac047370e12c054fc9c3fc873c3cd34
pPlate;JwhTjzT2ym;T
Pin;NCKQunE842;9203b5c5915d38233ca1d41beced762f
pPin;NCKQunE842;T
Loeppke;HswigVGBtE;9708cf19e407b682e46ef2ac37ac8a74
pLoeppke;HswigVGBtE;T
Kloeker;L3rfakfSMD;cc4f01bd57554dc8c8a1147747665673
pKloeker;L3rfakfSMD;T
Kounkel;HXRa7PbZWH;ae357efead86f80663d1de6971e8d312
pKounkel;HXRa7PbZWH;T
Ursula;4GCf5py99O;1dd6008aa0e52b79705886739ba7f34b
pUrsula;4GCf5py99O;T
Nickas;a2k5aW0Hip;b95bafe5e927cdf615a77b3ca2db2619
pNickas;a2k5aW0Hip;T
Bigham;PiKuZKEloY;83b649efc7092287245b95df90f8f928
pBigham;PiKuZKEloY;T
Winnike;3zSaqxJzZr;6fd24d42d0550c8cfdaae4cd845822a5
pWinnike;3zSaqxJzZr;T
Collons;SOwBk8bmtv;3216669c718b7346012ea9fbda5dc029
pCollons;SOwBk8bmtv;T
Tomaszycki;w2ElgmxonO;a3e1ae983bba2b4878c9ea7c89665289
pTomaszycki;w2ElgmxonO;T
Hiett;88gryfPK9I;e4b184d8e55c24fb54d3ee3f403a2669
pHiett;88gryfPK9I;T
Bruins;3sYWvPVYs7;da9bf250cc8263d78055bbc30b23c79f
pBruins;3sYWvPVYs7;T
Graybill;umpyF2qFLI;86dedeb538cecd8b28fad6ff6c1808db
pGraybill;umpyF2qFLI;T
Tustin;5Do4fwG3h8;a4b28d6a7d0bfdb1fa70fff27b1f3f70
pTustin;5Do4fwG3h8;T
Tartaglione;yuEKZv0Mlx;7fe06c307979400ac535aa425917fe21
pTartaglione;yuEKZv0Mlx;T
Labounty;Q3TKo8s7eM;3dd88154bd49950d60ff9ba27e3c4334
pLabounty;Q3TKo8s7eM;T
Friedstrom;9lj7h2zvtn;b593a66966b1124ae6823c3944ebfeab
pFriedstrom;9lj7h2zvtn;T
Condren;zJvgMU4rFN;168c0fb9597d08e7ba8d78faea0e8d28
pCondren;zJvgMU4rFN;T
Stafford;F07tNX5WJM;fc50552ba664cea71184db7c556b6be8
pStafford;F07tNX5WJM;T
Eshenbrenner;KiCyUJDdqj;85b83e6969eab84dceaea86c8debcc16
pEshenbrenner;KiCyUJDdqj;T
Kitts;LuUMxZQGHp;6ba7c946c6014dd12f1c5a865afb45c8
pKitts;LuUMxZQGHp;T
Iacopino;tSRrRN2Qxy;a1d9d8124edca13118d48e648e560650
pIacopino;tSRrRN2Qxy;T
Vallo;zuGCE0imnn;a6aaefd4182f69b7bac971c3797fd9cf
pVallo;zuGCE0imnn;T
Kimber;FvAnhut94s;5712178eb68ea2dc6a69b7e1a1b95da5
pKimber;FvAnhut94s;T
Kaczmarczyk;unLLuWZu6v;13e50f99d7696364cb3d94be80c49b70
pKaczmarczyk;unLLuWZu6v;T
Luevanos;hvrIckZTOd;7f4a04809cf493e4bbda406c9b1fa937
pLuevanos;hvrIckZTOd;T
Stinett;DuaM7tsIX1;c4517a956c92a921917d7ac782dce309
pStinett;DuaM7tsIX1;T
Darron;TPi0sn6obS;47b0c46ae7d5d0d9505167984de9f57d
pDarron;TPi0sn6obS;T
Tashina;ZnSUW3lv2q;a9ced21a74bd2faafb6e2dca952d69de
pTashina;ZnSUW3lv2q;T
Rheingold;e2mJ8npQKX;6651884f98d72102e51abcab671a5781
pRheingold;e2mJ8npQKX;T
Kratochvil;BWEzObro3H;01061b3d2d2e0315daf205171eff39c0
pKratochvil;BWEzObro3H;T
Gunto;XQmRFppu8t;0f086ccd40976f3da395b1469639ecb6
pGunto;XQmRFppu8t;T
Nuetzman;hPoWWIMcxP;eb612dbec58e347feaa45a0b072114fd
pNuetzman;hPoWWIMcxP;T
Schweinfurth;If1u7PGwH9;b8d7894b27c9cbeea8f745dcec14deb6
pSchweinfurth;If1u7PGwH9;T
Delcour;THr0hxMpGO;f5924da0491ff512be627b7a23d18174
pDelcour;THr0hxMpGO;T
Blore;FGlW2WM5gi;cb0017df3cc8ff4d6d6db0d10ef5d587
pBlore;FGlW2WM5gi;T
Dakota;GnOqidLGxV;6c43dae542cc25cb893671657452a13d
pDakota;GnOqidLGxV;T
Lisko;cHkxRZe0KT;0f03c7095f6753e14778333e8c4acb38
pLisko;cHkxRZe0KT;T
Greenburg;Vw50Z2VHMU;d7f318155706af8f5324904d9d0bae47
pGreenburg;Vw50Z2VHMU;T
Krishnan;Yi3NInHdHS;7c0ec8463f004a9929e5e5e75e7d13ab
pKrishnan;Yi3NInHdHS;T
Dwire;xA5x8aP10D;0995453783e84fd952b029d2ecbad33c
pDwire;xA5x8aP10D;T
Cumiskey;99tK25tSLy;56c5d4f5a89a0090db19655994bc9d9e
pCumiskey;99tK25tSLy;T
Boozer;hYnVCXyVDi;e7bdb3ba50e3a61dede22d10ac228892
pBoozer;hYnVCXyVDi;T
Gort;n7nGRwAUmf;69e111366c018ebb8ddf3b0d516444ba
pGort;n7nGRwAUmf;T
Gouty;7r3VJtZM2K;9f72b426984493ffd81c11c0c5b0271e
pGouty;7r3VJtZM2K;T
Bisesi;8a2qBNIckd;91bf0181a242c7d6973e88d5e2b7bee4
pBisesi;8a2qBNIckd;T
Traut;NFFd59TCFv;b17a16fd1687a811045e99e9452cb56f
pTraut;NFFd59TCFv;T
Miyose;mTmwK1JKfj;c46045fa8d2eac64f5a5e6df0cd4dbfc
pMiyose;mTmwK1JKfj;T
Martos;jJuuaqxCPC;dfcf66669176f4db352f2dbdcb70cacd
pMartos;jJuuaqxCPC;T
Kuchel;80BiKzpOKV;2082184f62be697602e246d72861fb1b
pKuchel;80BiKzpOKV;T
Easom;8GOiQySEPf;4da3928300cb96d61024bd618d4fe658
pEasom;8GOiQySEPf;T
Quist;28p2Jl5gLu;84c577a72d275d2f924c04179cde47a5
pQuist;28p2Jl5gLu;T
Claretha;s5jrFjsaua;215ce564fadedda3ff7aeeb76a840e8e
pClaretha;s5jrFjsaua;T
Cancer;sQalfv9yLN;56fb2fc9b966a48d221b91446c17c759
pCancer;sQalfv9yLN;T
Nuhn;FhkR0Tfydo;a4516e18b11fca1708f3bf640a2d8ee3
pNuhn;FhkR0Tfydo;T
Redkey;qvvU7vbbrt;6445458c4b1eaeef79e1180418a3dbd7
pRedkey;qvvU7vbbrt;T
Leid;YyBxewtm8k;0326f56125a9ed262bda24ec075ccfef
pLeid;YyBxewtm8k;T
Pinckard;qoPlK9sUV1;fb2df9263eecd0092892ed8e873e6653
pPinckard;qoPlK9sUV1;T
Percey;awNo1YNkbG;3748d1bc5395eda72223d4af721b35be
pPercey;awNo1YNkbG;T
Chapa;xjHdqSPUBa;804041ce4e41d9b19db5d0d39a3a0744
pChapa;xjHdqSPUBa;T
Ocon;IH3hCZd8Ow;84dc1ff5629369ee0a10b240ae4cc657
pOcon;IH3hCZd8Ow;T
Medawar;cfKm3Z1RXt;466948f3e8987525fd81482d1c154991
pMedawar;cfKm3Z1RXt;T
Mita;OTOHPTfjEn;dea0f72db116658f6e0f3f7f25c879eb
pMita;OTOHPTfjEn;T
Jarnigan;WBPUxxzOpx;ced59dcf964e9d18e9503174740b107e
pJarnigan;WBPUxxzOpx;T
Eitnier;bOtF4uo3SK;4620b8dd268271dd325c60fa0ccb9775
pEitnier;bOtF4uo3SK;T
Gabossi;LTOsqT1EdF;c6d2b1931f6fdd0d58ae2eb035a051c8
pGabossi;LTOsqT1EdF;T
Sonny;nsa8iZrhrf;d863f2212c6a7a507ba919c6891f349e
pSonny;nsa8iZrhrf;T
Seligman;JfFjcaVLxc;ebfcac21aee66cfb9d8ec6a30a662d9a
pSeligman;JfFjcaVLxc;T
Pfleiderer;0QHJp4JN2m;2d2649ef85bb167c1d8dac32721d5a00
pPfleiderer;0QHJp4JN2m;T
Feliz;Icv4kEDonE;555fac3c23564f4dc9d5fa1f13871e37
pFeliz;Icv4kEDonE;T
Maria;FuyeS0if7z;b94afbb4e31eb9d61b49e6c5baa02a33
pMaria;FuyeS0if7z;T
Freehoffer;ZmyuuX5duH;dc83c193eda2bddb9232a0ad3429da72
pFreehoffer;ZmyuuX5duH;T
Hopps;zSLeRDvCKw;f8610c42b56b88ef34b4696ca0ce8e79
pHopps;zSLeRDvCKw;T
Cruz;ajyOqsJ5Bp;e61edec419959302034ad0523a4e833d
pCruz;ajyOqsJ5Bp;T
Vassey;tUDoWG9bXG;660795850c5023183cb788aa86655350
pVassey;tUDoWG9bXG;T
Lanosa;e0XWldRAAl;14c735c708cee089be5ba5c757bec427
pLanosa;e0XWldRAAl;T
Gesualdi;5CVIH6aRSq;42b44faf3cea03c9abe2256ddeff0bda
pGesualdi;5CVIH6aRSq;T
Shryock;yDUPUktdhT;ec63e01950f1c0723247598aac80f594
pShryock;yDUPUktdhT;T
Lana;1LqC8NdgSs;218cb58c2675f556cf9dde2b9daef51c
pLana;1LqC8NdgSs;T
Maher;S1YUKNU1jI;a203ba5998e7ee3fe7fdde5a33aa7d00
pMaher;S1YUKNU1jI;T
Derbyshire;fYMY0fjZLv;e4e0079bb0917fcebe8fb3521bbc5632
pDerbyshire;fYMY0fjZLv;T
Segui;eivOSVOfs6;c2084766d78bf7dd3c1604f3555ae095
pSegui;eivOSVOfs6;T
Corona;gQForq2BbV;e191e970f54ddfcdcffe8ea8dfcd61ef
pCorona;gQForq2BbV;T
Brakke;FUba3cY7Vj;789823fdb6742628f06712a92db68926
pBrakke;FUba3cY7Vj;T
Patraw;5lnYwItO7n;5ed4d731b168eb84869c1cce95745e8d
pPatraw;5lnYwItO7n;T
Bumbrey;9ptCR5FDQv;88662e533034405ae5a11175ee2be124
pBumbrey;9ptCR5FDQv;T
Jasper;HyIzhmV3K7;133e377f5d8dc3b6e20d0f78ba19bf6a
pJasper;HyIzhmV3K7;T
Bondanza;Znnj32vKJv;82e219ccb66ab7bbc51d5da43ec87293
pBondanza;Znnj32vKJv;T
Minear;2IOyz8WCeE;a7d29ee10756441471aa9b600cceb811
pMinear;2IOyz8WCeE;T
Jebbett;DkACLBC2n9;61add5e207c7c2d5b620633d4bc34ae7
pJebbett;DkACLBC2n9;T
Scharpman;VZuY64H8Ws;0ba1482fcf748195db63d95f3fedbff9
pScharpman;VZuY64H8Ws;T
Nickless;STeHglph8V;c9d9a71375b12744c3d6f92a6a957895
pNickless;STeHglph8V;T
Pilotte;CbYRHbKUCV;9d9926ad6fa02c01fb7e7a111c507eb7
pPilotte;CbYRHbKUCV;T
Liptrot;5r0SL31ync;d690d0555c03c043a47b42493a1b2333
pLiptrot;5r0SL31ync;T
Monsay;2X21uxert6;b7f899da4d53bb708715003758b9a1a9
pMonsay;2X21uxert6;T
Mcclamroch;KJ03InnT1f;bdf00f167c32090d7c327d077ffd3d69
pMcclamroch;KJ03InnT1f;T
Delger;y74hjOk3GK;9083926ae7ebf8803294d7a6853c1a73
pDelger;y74hjOk3GK;T
Osei;xtKYXuwxjK;39279fe102cbbab39cc9a51650a76b1d
pOsei;xtKYXuwxjK;T
Robuck;KqoNla8EaU;0b20207ad29c7be18ac02ba8d63ea3b8
pRobuck;KqoNla8EaU;T
Norlund;eD3klbqjbP;5e051dc1d87018d2afc49aa0e6aadc30
pNorlund;eD3klbqjbP;T
Nicholson;z1E7pYRneu;bb9cede0eb7f9e92bf1b64b7bc9c502a
pNicholson;z1E7pYRneu;T
Cane;iZXmOqN2pF;6c196fe31594ab41e4ec0eb064383c8e
pCane;iZXmOqN2pF;T
Ogle;tCbIs6hgyB;cb319dcfc9bab0115847bac88f33ce10
pOgle;tCbIs6hgyB;T
Lamon;MtPjrq3ZF5;f5ffd16275945a28b46e9751d41a97da
pLamon;MtPjrq3ZF5;T
Desrosier;bHFO2LRg89;91b70c4ad916bc9db282a744f0b77971
pDesrosier;bHFO2LRg89;T
Stiverson;M2dsudPcb6;a4fc2cff640eb5add861ed42186b9d48
pStiverson;M2dsudPcb6;T
Murakawa;Co6Tsszbv0;fed4810e7c70f54813795aab1bb31106
pMurakawa;Co6Tsszbv0;T
Humphreys;N6QloSpamI;9c158891da91392bf2339f28ffb2b32b
pHumphreys;N6QloSpamI;T
Parm;fcwT92iAT6;b7d04077ff64403f49661db9c9f30b7b
pParm;fcwT92iAT6;T
Finnen;DKaIa4RUiO;23e9e41cd0253e2b46fe75e4c230359a
pFinnen;DKaIa4RUiO;T
Nunlee;585mfVSBsb;3aabd511bbe874ce402067d11b8671cb
pNunlee;585mfVSBsb;T
Ledgerwood;naHmSj9zW4;d70af8138e62ea9c7e5bed7e062a7a96
pLedgerwood;naHmSj9zW4;T
Chahal;Sp9FKq5r4v;0145095b1524772aa513d49d33a4cccd
pChahal;Sp9FKq5r4v;T
Al;eXWvuyoNuO;4b79d4b6cbcccd37c21599240294f762
pAl;eXWvuyoNuO;T
Shelley;LqZ8j83gna;5325fbf7546329f51bbf07e9feb09bae
pShelley;LqZ8j83gna;T
Woodert;M7RCUsKoCD;0c2d345c11242e189b3f36f8c87d42d0
pWoodert;M7RCUsKoCD;T
Jodway;qTxP7kCzMI;192f653cd57b6eef09a134dd78967b48
pJodway;qTxP7kCzMI;T
Navia;QzVBMNxp9Q;6f3d0af66280c780f7a4f1aa55573858
pNavia;QzVBMNxp9Q;T
Torrence;DiMURMSlTT;670f80ed98cd48c55237f728d8795067
pTorrence;DiMURMSlTT;T
Russi;VrFliK2roI;df3d75dea27241a4ef44424a5dc92667
pRussi;VrFliK2roI;T
Stifflemire;grR7NWKbaN;f7daed4e1cf7cd76888e610eaac8248e
pStifflemire;grR7NWKbaN;T
Obryon;fFCLwPojnh;97689b2f8156d191b4ca2781fd7611c8
pObryon;fFCLwPojnh;T
Litvak;Rs8Fn7RXdU;cfc2cd8004eb69dd78ab4c5ef8be6b58
pLitvak;Rs8Fn7RXdU;T
Juliar;6prSiL5gLK;ebab781c28ac86a7b822cabba351129e
pJuliar;6prSiL5gLK;T
Tyrol;TRygJXAAGQ;cb5fb6d73e8488084a92ed39477941f9
pTyrol;TRygJXAAGQ;T
Cavener;WFLIhMmDxa;f823a3cd778af97b61040bd90787a536
pCavener;WFLIhMmDxa;T
Ehrle;ioChJZdipd;59a10e7ba45e778945ad626101206220
pEhrle;ioChJZdipd;T
Sobotta;69AHrKDjeG;b9cf4133db40a14b4d7886f23842e871
pSobotta;69AHrKDjeG;T
Ugolini;9SMewOp8bu;814bb72122baf945bd57985c9af62c8d
pUgolini;9SMewOp8bu;T
Dilday;KrM73kAq8R;d34cc203d0949bbf3a9ccf01cd686385
pDilday;KrM73kAq8R;T
Sweetland;YRr7TzrcYF;81081857724edb83d7948bda34eb94cd
pSweetland;YRr7TzrcYF;T
Paddio;bbrSsHbuEz;f6ca5295f34f46c4b21a8c1cebcada38
pPaddio;bbrSsHbuEz;T
Dellum;7taTstvdVV;f036394af8de8dfbff8fa15d9292f4bf
pDellum;7taTstvdVV;T
Tuck;emQfwfmMp0;04d4d298f70dbeb3d01aaecc699b813c
pTuck;emQfwfmMp0;T
Charise;y6fSNB7qNu;19bfc9585a2e57544678ed30987524fb
pCharise;y6fSNB7qNu;T
Mood;4fsq85mVaR;6b29c6b1069104c34358cb68f6c1b498
pMood;4fsq85mVaR;T
Mecum;dZmtD9zqBb;eab3ba75d3f6e1b86684249b73a3b128
pMecum;dZmtD9zqBb;T
Burham;s20SFD2sDI;921b109e270852248220637eb27e7b54
pBurham;s20SFD2sDI;T
Cobden;xlgQLHf1t9;30a0d845da554355f1925a26fe261d97
pCobden;xlgQLHf1t9;T
Wallingford;MqUhaEyzgS;2af8d842bcdfdec4289f917dcf1046a8
pWallingford;MqUhaEyzgS;T
Cleary;Dmcwzge2Pg;00dc743dff7ab0e2b7878c148ebe42f9
pCleary;Dmcwzge2Pg;T
Crupper;joDMjnRE46;c9779e1e6c5768b8dbfae798925ba734
pCrupper;joDMjnRE46;T
Boster;zSPQOs5UQi;323e99baefe97ef51747720d8af75f0a
pBoster;zSPQOs5UQi;T
Egbert;pkAKYGQJag;a57cbecc6ad500e7f2093037a42c847c
pEgbert;pkAKYGQJag;T
Derrick;T7UGYyLe4p;d1e1825d4cd272127f83c4f6c92f0686
pDerrick;T7UGYyLe4p;T
Shiver;kliTu2uyhq;9bf1d6be03a333eb367bf97915034ded
pShiver;kliTu2uyhq;T
Renzelman;Qy7YQa7Wdb;33abdee74d196d992bf0b6ee27a33be9
pRenzelman;Qy7YQa7Wdb;T
Corazza;VsjUihc841;c45e9b42e41166e4e8f38f698c039b7e
pCorazza;VsjUihc841;T
Goetter;v5pjkNOpeT;ee0fe300b7453396da68d9d019e5e131
pGoetter;v5pjkNOpeT;T
Cook;FgaOfhxbHL;b0cd5154bae1ab2d3bdb3bad71025a2b
pCook;FgaOfhxbHL;T
Soliz;bKgOwbZLly;094bb4d629d3929cb337653081f237c1
pSoliz;bKgOwbZLly;T
Studley;tkDEYBsPZB;bc85cccdc321339fe07b261c85b12897
pStudley;tkDEYBsPZB;T
Peraza;72qujPjAHm;c3a5cb80bc3e236ee359aa6ef4156f28
pPeraza;72qujPjAHm;T
Hargreaves;5Y8QVTIvqB;3ef506c5a963de05d44f9d4958b8bec2
pHargreaves;5Y8QVTIvqB;T
Schneekloth;9a9ZhleUcl;509f691faeae346282f243df499129f9
pSchneekloth;9a9ZhleUcl;T
Benoff;208G8ZrXtG;bc14986b6bd61a3b1aa0f287e4aa49c6
pBenoff;208G8ZrXtG;T
Lezcano;8h9niVIWzG;9edccd5be4155ac81d0289bd671b9263
pLezcano;8h9niVIWzG;T
Porter;uygK3NHnqe;599b8a0ade6181d0d15281c836869303
pPorter;uygK3NHnqe;T
Blome;q5kRbLXrIb;422bd275e79852aa2e2c56fb8f6a826d
pBlome;q5kRbLXrIb;T
Bernmen;TeB0bBWxsw;8572021edf7425302364272f48ca1396
pBernmen;TeB0bBWxsw;T
Twiggs;NZnSAbptph;3c8773c7b5947ae21ec9029bf88c3b1b
pTwiggs;NZnSAbptph;T
Oren;91stWrsCvv;b3d9a77be1e6d50d2c519babd7684ea6
pOren;91stWrsCvv;T
Brenda;xlZnWXnBcW;09b1bc3b638d0ee3662ad3ceeca71e7f
pBrenda;xlZnWXnBcW;T
Bubar;mYcb7v7a3h;70292bbc2158d680a9991c33892f7f44
pBubar;mYcb7v7a3h;T
Billig;Uqr5epJ26b;2c0c5df6468087b189058686e31cfeb4
pBillig;Uqr5epJ26b;T
Milbrodt;OedjgybBsr;adfea073673c2e091af80ca01709c213
pMilbrodt;OedjgybBsr;T
Horris;En1uKZjF1a;0c87410550165c4338bd6763018864e8
pHorris;En1uKZjF1a;T
Mena;eccDFatQzK;7e3118cb5745298b6e69bdfed6d59152
pMena;eccDFatQzK;T
Zschoche;AD8o810EYr;b5ef184f6964bd83e8397a73c1f7a4e5
pZschoche;AD8o810EYr;T
Tuberman;7XDC8kjYfw;9d315bd46cca449aaec43873b52cd1ae
pTuberman;7XDC8kjYfw;T
Hillie;4MYSC57zpa;0592c0f1ad0b6aa4ff082dddb04a77d6
pHillie;4MYSC57zpa;T
Goldsborough;kGMrHiplaf;83a3fe53722656f2934788efab79ccfe
pGoldsborough;kGMrHiplaf;T
Stuller;PAyhcNWdqh;bbe14dfba6fa754e27e0a3ee9be10294
pStuller;PAyhcNWdqh;T
Monfort;nn2u5w8wBr;9461b24108b69c628cfd145fca332cb6
pMonfort;nn2u5w8wBr;T
Porto;rG8O03T6DM;94691c44a856775633a1d4b7cae6bcae
pPorto;rG8O03T6DM;T
Tittl;OAtN2sx1KI;18bda849c5e48b0a59e09242519e568d
pTittl;OAtN2sx1KI;T
Goodrick;rjhXzTgRgp;626e4d416095d4e94b8e7648dcfa189b
pGoodrick;rjhXzTgRgp;T
Cassion;Frgfb57vkJ;1228e6868a375b8ed7f0929008ea99d4
pCassion;Frgfb57vkJ;T
Amie;HUSAnT8RHV;d00c4b046bd7f7fc343a6488617f7646
pAmie;HUSAnT8RHV;T
Heiny;KWokKytwUe;3383d6de40c29615055c532f4553f9d9
pHeiny;KWokKytwUe;T
Keesey;xfW9QIM5LG;50ef40d569b745185c75670e0b5457bf
pKeesey;xfW9QIM5LG;T
Stendal;swSoImcXun;f62fba65e72157fa8b07f430ffee9609
pStendal;swSoImcXun;T
Mccandrew;ruKS0CUZHC;0a806d3ea0b1308da8fd49d169df7a8b
pMccandrew;ruKS0CUZHC;T
Cromley;rAJ1vwjkk9;f1730b1c41574076a6f9b250541901c7
pCromley;rAJ1vwjkk9;T
Freemon;24dWIFekzS;2886feeeda5789d5b295ee6fb62ae30f
pFreemon;24dWIFekzS;T
Hotchkin;c6CCxCJj1p;195d867ef1f1bb3c6d61bb0ab5d3a63d
pHotchkin;c6CCxCJj1p;T
Decaprio;qWIAa6Onn2;fc0100641ab8dc89cfc78d2a0b78e606
pDecaprio;qWIAa6Onn2;T
Gattshall;PRsKGBJADn;d0cd32dec5b4610a1dca83c68d2f09ab
pGattshall;PRsKGBJADn;T
Bellomo;AKGno66dzg;130e241f975320e5d64292dab5451ad0
pBellomo;AKGno66dzg;T
Doniger;AuMo5M4Z0L;bc70914b670d353cb3102f9a3cdbef0a
pDoniger;AuMo5M4Z0L;T
Ledue;gmcix9SVQB;d17d9237064fbce02569af0410807283
pLedue;gmcix9SVQB;T
Remmel;utRNDTT4CY;ae8a3876181e2efe23c3db30dccadb5c
pRemmel;utRNDTT4CY;T
Rakow;luL4SLwF8d;f04c1d654f8aec56c60871e5653bfd5a
pRakow;luL4SLwF8d;T
Silvio;Rf2XGdu3vP;202fba719a178dfd931547325aff25e4
pSilvio;Rf2XGdu3vP;T
Lainez;K5rh6XMy2p;601f8afc95f2bb8a69f0a78aa98893f8
pLainez;K5rh6XMy2p;T
Engel;vmChDvDxA5;530110cd3bdc99a8b7d60569547dbc06
pEngel;vmChDvDxA5;T
Iberg;CueqUdEXQp;388feaca05a2f6d654f58ac4f1b48bba
pIberg;CueqUdEXQp;T
Scearce;hvoyFcTPw8;193046f49fdef40ceab19b0e86831177
pScearce;hvoyFcTPw8;T
Kwok;SKbPkMbLSZ;8363d549e5d6260219f68990cbec061a
pKwok;SKbPkMbLSZ;T
Storlie;m7MUNtxSys;3273c9e1091402a80649f8d096ed96f9
pStorlie;m7MUNtxSys;T
Lauren;ignuvEgB9G;a0b07d18d55a86d74ef7d5ca512eb170
pLauren;ignuvEgB9G;T
Dimitriadis;qKQs01G7eI;31e78528c467bbea934fca31789bd1a8
pDimitriadis;qKQs01G7eI;T
Cassa;cw5OtFXw5p;a6ee248c1334996a6933457c907490a1
pCassa;cw5OtFXw5p;T
Lamudio;Bj5aUYS3DH;e78f9b7a747fd530d756948f00453964
pLamudio;Bj5aUYS3DH;T
Stoeltzing;MqakfKNpFL;2dbc9341dd72df28b79981a080bcc5df
pStoeltzing;MqakfKNpFL;T
Ramsier;2O8QYRWbqp;0d283d812a73f83205d49b5f619453bd
pRamsier;2O8QYRWbqp;T
Cavers;pRb4Ec0lJe;f41a2a53125d91c5a3b48e6890b9b359
pCavers;pRb4Ec0lJe;T
Kaucher;9vnivKkCdn;741c9fadf5637fc8fa92cfdab752a7df
pKaucher;9vnivKkCdn;T
Razo;dN3FbFwhcb;feec56205f13fde603b8f587aec5528a
pRazo;dN3FbFwhcb;T
Orielley;SuPyqJxC0v;7747f6a18ab0f609de99894c2d093705
pOrielley;SuPyqJxC0v;T
Delosa;1a3c4Zc3Ah;d94e3e087d8896d18e9fb5796cb33ac3
pDelosa;1a3c4Zc3Ah;T
Landsberg;hpbYGDhjUu;3074d3e09089eaad65a866924d8a5b65
pLandsberg;hpbYGDhjUu;T
Gaisford;XMV62SYa9L;cf7680453cc834f7eda63ad3f66de008
pGaisford;XMV62SYa9L;T
Longiotti;frb3JqCE7r;90158d6b1dc6e04040415dfb70565006
pLongiotti;frb3JqCE7r;T
Fross;W7wc5NppXO;8dc10040dea5a01395ab6c0032297a08
pFross;W7wc5NppXO;T
Sokul;FWduWp0vKQ;b6f7ef86e9429fbd815a3922a18a88af
pSokul;FWduWp0vKQ;T
Cusumano;LHJNbSxuca;b42ac87ca2b97cb8939712c864b8fcb3
pCusumano;LHJNbSxuca;T
Gracy;rhmZ7qghh3;6f5d324e6c39fb7e335ad337e7878ee6
pGracy;rhmZ7qghh3;T
Mcelvaine;ZggQbu05yC;440a62188824441955c964eb01e001da
pMcelvaine;ZggQbu05yC;T
Malsch;bjdRpngIJB;a4efa6e7d1c389ac6e2dd32902f1e240
pMalsch;bjdRpngIJB;T
Leflore;HAR9JcQseQ;46e0086c1bb933bff626384b82079027
pLeflore;HAR9JcQseQ;T
Stucker;UfRlx1rvPD;7ce23fcd07a92aa0a33f3bdd3cec3e93
pStucker;UfRlx1rvPD;T
Gottfried;JOvyL4iiOq;990624440ee6641acad03ae74785f33d
pGottfried;JOvyL4iiOq;T
Goudy;Feidp2CMg9;5d09bab5b27faca100ef3939d3524c02
pGoudy;Feidp2CMg9;T
Hebrard;abggMva8FR;35dd14ea1cc44a06aaa7ba6d7675b2ec
pHebrard;abggMva8FR;T
Reuland;HSRGdNf0yw;74ed3592655c87221b45b11b25a06061
pReuland;HSRGdNf0yw;T
Kirshman;Ol5H0Tv9z0;247558a6923fbd8692a6cdcdfa75c79e
pKirshman;Ol5H0Tv9z0;T
Gerstein;lI8pkpIiaZ;535475a68015eca8ca1186f22b715b50
pGerstein;lI8pkpIiaZ;T
Poeschel;LFYTgH4cCk;9b78a212f4e639a5d7ca7babe787b7ca
pPoeschel;LFYTgH4cCk;T
Wagoner;wXCGsYOTm0;059b57d8e00e53481efbfffd3ea8dfa0
pWagoner;wXCGsYOTm0;T
Chae;RV8keBg4y5;92218b038c55c271aa461ff3f5a7b5ff
pChae;RV8keBg4y5;T
Wrenne;JL4bJh8Tm1;eb0e9ba481d8c9cdb127102994c4c0ec
pWrenne;JL4bJh8Tm1;T
Decomo;leQ0Wq8FNe;e4e566eee19a82ab2711fea484b41e87
pDecomo;leQ0Wq8FNe;T
Lazurek;nV88l7vb9M;d6254dde14c5ad6a7b662c5a1a27ec4d
pLazurek;nV88l7vb9M;T
Graffagnino;nyVh0riKzF;4b7f864391c62deb8a1c92a795f2c861
pGraffagnino;nyVh0riKzF;T
Filicetti;Us5QWx3ruS;7c9009b0c4406b4a76426c53239a6a68
pFilicetti;Us5QWx3ruS;T
Habicht;mfTqAfMr6y;d33dae627dd7eb9f137ed1323056dc60
pHabicht;mfTqAfMr6y;T
Norsingle;nUdT6i1SXA;2b598013a3daf68aef517857855bfa00
pNorsingle;nUdT6i1SXA;T
Weissmann;Pwv5MDDKmQ;9e59399ca51ea1254b0b17ab95baafd3
pWeissmann;Pwv5MDDKmQ;T
Ilalio;efX4opyekU;44e2a47d6dde8719a06d422ee4db8178
pIlalio;efX4opyekU;T
Elston;SL55nKY6su;a88c980c8f86994f7e2b9303fcead935
pElston;SL55nKY6su;T
Daye;TMol011yh7;c59827a0091d61cf9556dbdec40fdf0c
pDaye;TMol011yh7;T
Mizukami;UHoujx1PJf;a453d8d2b211e49f8ea45b62ada893e6
pMizukami;UHoujx1PJf;T
Thayer;KFCKK0uE8U;b72835ed882bb198c76d197414eac1a8
pThayer;KFCKK0uE8U;T
Maryetta;7WerWwrZ66;240963421dac9e9caab1d3fc3cc64fd2
pMaryetta;7WerWwrZ66;T
Brabble;DzmTCWeE8b;ab76a547cd77d90080a5ecbed75c2c92
pBrabble;DzmTCWeE8b;T
Smithheart;cKOb9zScf1;1c80d53c86b519d3521a81cbc6207c29
pSmithheart;cKOb9zScf1;T
Dolce;6kzeXK4D3L;d1fcdfa2709d8cf6140f429bcf531d55
pDolce;6kzeXK4D3L;T
Smith;9lGJ7EuKnG;4d859592493570d7dd630ec83a41562e
pSmith;9lGJ7EuKnG;T
City;1YKVY6wzJZ;c503325e278f7d14ca4666d897b2c8cb
pCity;1YKVY6wzJZ;T
Watrous;UAOkuu8rt9;b58a347b257bb04f6531da314f97a410
pWatrous;UAOkuu8rt9;T
Luque;DNFPYWFWyX;2fba093e850eef3541d8a8dd3baaea80
pLuque;DNFPYWFWyX;T
Leek;KfPlIaE5Ey;5787a646672aa487aa323546660329d1
pLeek;KfPlIaE5Ey;T
Obermann;5LsmdTrO9n;84d59a740548b8c719b89d87a098c7c9
pObermann;5LsmdTrO9n;T
Hamolik;imfws7uPiv;d2519ecbb3c4931781f334b012be8ed0
pHamolik;imfws7uPiv;T
Rafanan;eU1eCUmLax;21e453654b4cb640bf2cbb86d1d8d508
pRafanan;eU1eCUmLax;T
Ryland;wTiTvgzUqD;f351b7bbdd4ceed31d8c102fe763be33
pRyland;wTiTvgzUqD;T
Clukies;wdeZQBLyUN;26c35d63ab9afb2459a6c107339b0739
pClukies;wdeZQBLyUN;T
Justin;UwkRWuewkJ;ce6189de53c83d124e3c38b3e4f2665d
pJustin;UwkRWuewkJ;T
Lili;v0SwTM4kNL;d65b114d190f5700b5d40a18fc80d53c
pLili;v0SwTM4kNL;T
Sladek;g4e4GTimCE;553a2525bef5ae6ec83f3420a534eb92
pSladek;g4e4GTimCE;T
Fetherolf;4uzsZCr1aZ;2f9dbd9d1b0faf338921c6a7f51f7e32
pFetherolf;4uzsZCr1aZ;T
Narimatsu;qIzLL0kpXP;34afe2af1bca1ca2470bdf0095692633
pNarimatsu;qIzLL0kpXP;T
Kline;GXCXwy7a6E;84a7e515f92a5a4a1d957bf8066add82
pKline;GXCXwy7a6E;T
Desan;5ubhPreR7j;cd75a9559cc763b24e37f35a45b0a8d1
pDesan;5ubhPreR7j;T
Pett;XEmLaqVyMQ;df62e6c25a7751ef96083055aa84b648
pPett;XEmLaqVyMQ;T
Pawelk;qmIgD7ZSxz;5183bd39bf1e500360331b5c29e89b61
pPawelk;qmIgD7ZSxz;T
Treff;4H2mdoRpv4;af16eb640891d67635f1f283eef75b6b
pTreff;4H2mdoRpv4;T
Klingler;JRA2eUnhya;4c71c6fbae4571859b0a70c7b028421e
pKlingler;JRA2eUnhya;T
Hard;lxkoBwIKxr;ff8e4b59559b14499565950bbeb7bc6a
pHard;lxkoBwIKxr;T
Esteban;F0cCYiKQAI;efc67fcd5071cbdb1b3efbf9117f7eef
pEsteban;F0cCYiKQAI;T
Carlyon;2t35JGFkOa;70cff90a9a17ce9f20e9427490290186
pCarlyon;2t35JGFkOa;T
Bogenschutz;akRsXVvJgk;33e09da81c194110a61cc8b53f8f6f47
pBogenschutz;akRsXVvJgk;T
Mccuiston;6VWfBMt6kX;583d461a390fd400aa325b3a0aaa159f
pMccuiston;6VWfBMt6kX;T
Prez;UXcq72JYcp;535b54a727dd46406d7455c152278fbe
pPrez;UXcq72JYcp;T
Deford;sn3Sh6Nvzg;7e5e54d1976d490f92d5ce777315bfff
pDeford;sn3Sh6Nvzg;T
Kerl;rA1Dv1fOgZ;3add34e7a02565485fc4eede3b3ace90
pKerl;rA1Dv1fOgZ;T
Corby;HOC9fopBHF;c11f504cb276be2d8254b7acbcbb8c85
pCorby;HOC9fopBHF;T
Lunning;s7owaufBEx;815e88b0176538f6855c3542e8bcf4d3
pLunning;s7owaufBEx;T
Mekeel;Ic5eRIHofy;9f21dea097d7cba10ca66c3967ba36dc
pMekeel;Ic5eRIHofy;T
Cassens;J9SvYTFdXJ;237a2290bb6cbd46f83feec8a347e79f
pCassens;J9SvYTFdXJ;T
Wueste;gtQRHGjBQu;38d739d15258f545f9c6191d0a829bf1
pWueste;gtQRHGjBQu;T
Marking;iybqiivoXH;866a5e92a970e5129aadf48a4693fbb6
pMarking;iybqiivoXH;T
Guerrido;ZXqhyUBw4w;f83c9d7685286ee1dd0dade0c0c95a70
pGuerrido;ZXqhyUBw4w;T
Santin;2fayXc9W2i;b3ed8b4ffba9b93fbc0b0f948084dd34
pSantin;2fayXc9W2i;T
Reynoso;EpXLFV9smj;da7f55a3500692fe2bacfe8a418136ed
pReynoso;EpXLFV9smj;T
Louil;sMRcOgS4q6;931c2fcb7eae3d370dc809a84188a176
pLouil;sMRcOgS4q6;T
Domagalski;gAZ5qCnMHy;4f50aac40e23bd5e039c128b622bce5d
pDomagalski;gAZ5qCnMHy;T
Saleem;PRrSUx3fn0;cf6591b50dca005d4566d002422ee3a2
pSaleem;PRrSUx3fn0;T
Vandewalker;7Ro9FqiwsH;3cdbd107dae4a890b3ea41314432f9a9
pVandewalker;7Ro9FqiwsH;T
Chadez;l61HW7toCT;ca9a96ff624126cb36a8a1ca31851e57
pChadez;l61HW7toCT;T
Sherice;IgZ8qKYkWr;9c952b505ea0a49d3d710449ddeb8ab0
pSherice;IgZ8qKYkWr;T
Readnour;jCzjiBlaQi;6c74f61a5faaea9d057579cc8ddfe8d1
pReadnour;jCzjiBlaQi;T
Portune;4oGA0HFqtS;ee9ed993921068333a3c22f30ffb970a
pPortune;4oGA0HFqtS;T
Jagneaux;wWcDmOxWKd;733680ba7bdb89fae5b0c0159108da9f
pJagneaux;wWcDmOxWKd;T
Burlingame;wO4oTK8tow;65cd9f48e59f98a0033bcfdefe2161a7
pBurlingame;wO4oTK8tow;T
Fertig;UW642IQkc1;6d9f51f1b97aff7110d5c6f8a93d476d
pFertig;UW642IQkc1;T
Bisking;HJ4OS0Um6b;f29041f6ead7fd39bbd8351deb9cddcb
pBisking;HJ4OS0Um6b;T
Kaase;wGivMfjDvu;3e1c59852bfe2ab1b4a45ec297c8317a
pKaase;wGivMfjDvu;T
Dover;wugum461r4;bbaadef8533b3ed9693694f7b02311fa
pDover;wugum461r4;T
Loyd;lWPJmtz9Xq;02d415167feee7ed4c3396f858ec8f15
pLoyd;lWPJmtz9Xq;T
Liljedahl;ce4OuCVJE4;7f435ecf5ae544b2ebc48d5282c6e00b
pLiljedahl;ce4OuCVJE4;T
Shantelle;q6z2KJLqks;59772b0f62b65b89faa1e63f5d277411
pShantelle;q6z2KJLqks;T
Greaney;bgO6lVQd1p;0ff3e1a3739e7c1c10fa3e29529b568d
pGreaney;bgO6lVQd1p;T
Bora;c2h36WrXEw;d1be81e6038cc195589536cfa467c0da
pBora;c2h36WrXEw;T
Hurtig;NexYqqpZvW;1019698a86ca5eeab5503680bd59445a
pHurtig;NexYqqpZvW;T
Mumm;37VTk65fFs;ed3db2af1d41fc4027da1041a987fe44
pMumm;37VTk65fFs;T
Hirleman;dfJehO3pFD;0887bfadc8b85aced691a99d26004ba2
pHirleman;dfJehO3pFD;T
Toya;JCWyH0zI6x;69955ec72d944d3d82f41c31ae24f5a2
pToya;JCWyH0zI6x;T
Inzana;naZTVOCXk0;1b335f4edae7390780262b3556a4ff76
pInzana;naZTVOCXk0;T
Sedwick;r9iikth1AH;c38fdfd0f6b12cb74afcac0e6b3e9176
pSedwick;r9iikth1AH;T
Tallada;4BDRZkbIYp;ca3d40332219526b3f57a4b6b5ba6249
pTallada;4BDRZkbIYp;T
Pinks;OgL3hqqwgk;75e0c6e4325a507521bc808cb90b67d6
pPinks;OgL3hqqwgk;T
Bentivegna;fEPaocmI2u;6fce18c017a0daf1585b171464348ba4
pBentivegna;fEPaocmI2u;T
Emile;5qy1jMnFNk;1819bdd8369e33089a941b47528abb0c
pEmile;5qy1jMnFNk;T
Tilley;Rt5qZhO6aI;be86fe001f9fc140dcdea5b8c70a7232
pTilley;Rt5qZhO6aI;T
Zipperer;CvCMK3Fcve;4dee9058ef01ae2111c81941e38458de
pZipperer;CvCMK3Fcve;T
Good;lgz84rsOBn;ab69744401cae3cf444653a6e97d0036
pGood;lgz84rsOBn;T
Halvorson;C352RIur04;8650bb9be925a41d3e9a7cff583c9229
pHalvorson;C352RIur04;T
Giacone;fyU0yYYB5x;4eb6f63a328d9d40ed60b38731050f70
pGiacone;fyU0yYYB5x;T
Nestel;YGNkCpj1V4;358b7cff3f8fd6efb4905f754773cc48
pNestel;YGNkCpj1V4;T
Tutela;KP7IDWTQfz;36097ee3741eff49e1297764b9bdbcf2
pTutela;KP7IDWTQfz;T
Frayne;hjyPcGcvgK;ff0e9d533d8c3628d9a488978b206c85
pFrayne;hjyPcGcvgK;T
Staude;JyIQow9G4W;b7d8ebf72ced344c8f4ebc114a9cf4e7
pStaude;JyIQow9G4W;T
Tolles;A1z8kwhEWh;1afbf29b5af557af94892e3b2e862ddb
pTolles;A1z8kwhEWh;T
Forrest;tkXm36tksj;fd755d927488e5ebccbd94b6ec3811b7
pForrest;tkXm36tksj;T
Krasner;XEwfxu5y6N;c612e1a41170800984f753f13381a12a
pKrasner;XEwfxu5y6N;T
Sarullo;ycJKFgtxcr;cee1309c6541bb9b23e6d209b0e344db
pSarullo;ycJKFgtxcr;T
Guadagno;uOE8OwRAPH;3182b51b7749ebb2bba9dd75029ba01b
pGuadagno;uOE8OwRAPH;T
Stoudymire;gmNplaU2fF;0df0b0a3209218133000f2a6239d7ba3
pStoudymire;gmNplaU2fF;T
Giacherio;8bqfPY6lWj;6933633ad4ec530cc4812b3bb4595d10
pGiacherio;8bqfPY6lWj;T
Bichler;MdawGpVSEz;d709670f369bab05bb1a662fb3a9f23e
pBichler;MdawGpVSEz;T
Lisenbee;7yLN67MTwz;90ae16ccf2c64891b701fa9a0e22de0a
pLisenbee;7yLN67MTwz;T
Johal;X0WcmYHAL0;395c9b21422c700d8992b4c511301cfd
pJohal;X0WcmYHAL0;T
Eberley;Yd5FXnkDfk;beed504ed9a1180333b0cc2faff9b999
pEberley;Yd5FXnkDfk;T
Greany;9S7lIPJjAi;240ef48a5194e09dac31b1bc4a541f48
pGreany;9S7lIPJjAi;T
Munnerlyn;0QmRgamImp;0ddea6d367670fd54d13838c78691539
pMunnerlyn;0QmRgamImp;T
Lathrop;g9wwPYIR66;8fd52270e58726a127c7554673bce32a
pLathrop;g9wwPYIR66;T
Blommer;KjoXA9u4eI;fc018df6204c1a78287a6d6f6f3e4e87
pBlommer;KjoXA9u4eI;T
Eldrige;8uM4rUEBMg;137a6a675de4c5fdbaa89fce11a127ed
pEldrige;8uM4rUEBMg;T
Kalich;do3Ow06wl5;957a694ff6551c3584dfbb2eef6273a1
pKalich;do3Ow06wl5;T
Urmeneta;NrX6cVjfHF;45b3b8f3941b6ce0219141503c704f5d
pUrmeneta;NrX6cVjfHF;T
Dimitrov;zXbnd8mbl8;27bc0f64b5392d5aa345968af0aa703b
pDimitrov;zXbnd8mbl8;T
Fancher;GCaMno956i;788fbf0062e8cd69299e94632dc2888d
pFancher;GCaMno956i;T
Bermudez;8RFhW4YM3d;2ac41b86e454a5684ae7bd35de9a2eac
pBermudez;8RFhW4YM3d;T
Blazon;SLFiKNJjjE;afed165db25ceb157c0a37161058487a
pBlazon;SLFiKNJjjE;T
Allyn;tmPx3Wyb2E;3b64cee29ed7de94ea31ca0078fb0ad6
pAllyn;tmPx3Wyb2E;T
Vesley;XBVK7dvurf;90a77538ca33ca47b7435807d45fd8bb
pVesley;XBVK7dvurf;T
Sherwin;QSVAcsp4LL;4af2744884410683683e6f28aaaae9cc
pSherwin;QSVAcsp4LL;T
Gallinger;cFWvpZQwlK;67247f980fdde0761cc5df6a06d92b0b
pGallinger;cFWvpZQwlK;T
Kohut;f1zd9BTywW;c05eaf3449ea5f598cc273dec70d3405
pKohut;f1zd9BTywW;T
Demello;aBt5ddZWQc;55f3459f7674355095c10e38c26cb279
pDemello;aBt5ddZWQc;T
Stahlhut;NmvwFukjFT;c98f985abd40006c05f0ffc6499c57fb
pStahlhut;NmvwFukjFT;T
Pradel;r8m0l4n2NU;18372fbd8349d555f53ce9326ab28b3a
pPradel;r8m0l4n2NU;T
Reddick;HKvsc6TPIg;287f6244c63574c556505632c0eb5ce7
pReddick;HKvsc6TPIg;T
Brownd;XC7f80ffKV;f1a544c021a872be4d1cf8f23d2a5ba9
pBrownd;XC7f80ffKV;T
Deaville;9GpxyLBXEQ;e9726a4cf5b79ad5d3797d1db8393f2b
pDeaville;9GpxyLBXEQ;T
Isassi;uQg0OpjJc6;6e76ea00c02e4f6b89207da53f4f06b5
pIsassi;uQg0OpjJc6;T
Caguimbal;Axf5EQ0zus;baec83629f3e01d0b910dda0982ad8d8
pCaguimbal;Axf5EQ0zus;T
Mandino;cjHP4OSl10;99cf7cbb50546b16e86a51efa267c951
pMandino;cjHP4OSl10;T
Beshears;NR5li6ONv8;7083705c00ad55244c53276d5292b777
pBeshears;NR5li6ONv8;T
Wakefield;su3zaRwXpr;cdb89c76774a886882699f7652de4dbf
pWakefield;su3zaRwXpr;T
Toma;eDISliV8lD;d1b352b8bdc6be70d01f5831e33326cb
pToma;eDISliV8lD;T
Deodato;CKhWuMasNZ;37ec752a86af22469420b0f6a14ad7ee
pDeodato;CKhWuMasNZ;T
Murrillo;5fKupfbITu;6d2d8f7a117c86c5a05395c250d94aea
pMurrillo;5fKupfbITu;T
Burnaman;CiNFCQhKCP;4d67b35e5564373f68aa3609d61407d9
pBurnaman;CiNFCQhKCP;T
Letrent;7crMGjSC83;fd9d526b660357885803408d5db93fbe
pLetrent;7crMGjSC83;T
Rivero;LzrqJu6jvj;574578a0a0b9e53714620088c2f5c719
pRivero;LzrqJu6jvj;T
Gryniuk;DNvO5GdSGy;4a4cffa112cb59c65fff077ff334102c
pGryniuk;DNvO5GdSGy;T
Bialek;kEBfqUUJag;b070bf823b43baf82059c14b7cc6951d
pBialek;kEBfqUUJag;T
Eskelson;A5whcHGBJd;5ba38970b078f7095bb8f63a5d3ff628
pEskelson;A5whcHGBJd;T
Delille;KF2CwuhM5r;3f2c99f8c22b7f678137ace705190bb8
pDelille;KF2CwuhM5r;T
Clowerd;tDpOn5mXF9;0053d3f43363c96ddf86e7d4ba5fc8cd
pClowerd;tDpOn5mXF9;T
Vittitoe;vN9yhCxZih;f82cc31a36768ebc32857d01192b457b
pVittitoe;vN9yhCxZih;T
Berlingeri;zRBOdlzsWJ;d5602ea6691b157bb8f1b97ce90e7d7c
pBerlingeri;zRBOdlzsWJ;T
Camferdam;6k20kcObUq;1c34e3997e3c1ec48b5fc610505974be
pCamferdam;6k20kcObUq;T
Faulk;Ko10LxjY5S;a419e5727e354ff850e57c284d37c820
pFaulk;Ko10LxjY5S;T
Tomasa;EqzytbnJOW;f59ee2d725d06fcd6fdc7a9b7d18e34f
pTomasa;EqzytbnJOW;T
Ronchetti;kZ4ZybbdyD;5483011547b3c4989e2504b05ae118ee
pRonchetti;kZ4ZybbdyD;T
Vormwald;uHyePVOyEL;2f503404efaeb7092ec18d59a0537c68
pVormwald;uHyePVOyEL;T
Kalthoff;ilx44Klpvn;06c7718c6c0975367c99743ac6e6d41b
pKalthoff;ilx44Klpvn;T
Mansbach;GDEq0mP8Sl;1979640cf7da2ef806c083220b20650a
pMansbach;GDEq0mP8Sl;T
Klever;8KBzAlxO7i;39b623e42e7c98934d9d7823d60c8ceb
pKlever;8KBzAlxO7i;T
Veale;8qil0avbPU;a9308845637b5383f94e0da55d71b9b3
pVeale;8qil0avbPU;T
Reiff;9EYLKWALu6;e2de50fcd18ddcb24d3d6a71e65b0474
pReiff;9EYLKWALu6;T
Degraffenried;YxC8INCOps;9a23a0a5028370811118a9cc01b4350b
pDegraffenried;YxC8INCOps;T
Traverso;uddyBtheKh;5ca4303b93cd5d06a18bb49350acf67c
pTraverso;uddyBtheKh;T
Cotheran;McrRPqxXC3;7ab605dcd8e1796ea7d6b23788f4866a
pCotheran;McrRPqxXC3;T
Yerly;GqKo0WQfJc;e5e42ac72fc25116a67acc711fcedbe1
pYerly;GqKo0WQfJc;T
Galashaw;QBM8KRIKIb;ff056a961b7e2b68f13aa0647a17c676
pGalashaw;QBM8KRIKIb;T
Grandel;MA95lJbAK9;ba291f82f1a66002b015cace79a38bb2
pGrandel;MA95lJbAK9;T
Meola;bnoiIGcTFH;8ee2a2f0de2f16f0a05beb3cdfb4a987
pMeola;bnoiIGcTFH;T
Miscavage;vBWLEnuTw9;d0dbbbad9dda67d0a452bef16f219dc7
pMiscavage;vBWLEnuTw9;T
Slaughter;ObPhaoVSOW;6942bac413a16526167d2eb8ea79dbf8
pSlaughter;ObPhaoVSOW;T
Brett;7FQv0Ny41i;ddca84864cfb1172a98db4bac9c48ec4
pBrett;7FQv0Ny41i;T
Royston;pYnGL69eBP;2987722ec840cc1d94550b530f9688d8
pRoyston;pYnGL69eBP;T
Pierpoint;qcjGWVA7Gz;aab311c17862142a20740833ab8c635f
pPierpoint;qcjGWVA7Gz;T
Wesolowski;UjiF0WS0Ts;0b06abbbe43bf359698621c0f3b0bc44
pWesolowski;UjiF0WS0Ts;T
Gaebler;cKEgiioQLM;317e2ee2646409ce613461026fa6dcb3
pGaebler;cKEgiioQLM;T
Bradly;sPS7p89pHz;6cb8b21c80dee57162fa1f3a4f0b76f0
pBradly;sPS7p89pHz;T
Harders;SFDNeHezhp;3b55217eace1451421903a0f5f246a1d
pHarders;SFDNeHezhp;T
Brits;5WDqYEq3T5;ad4bd2afed928bcd108a7c7fbded320e
pBrits;5WDqYEq3T5;T
Gentz;aLIYmHryDo;0a81e8f1d39e150b7f49dbc032215b34
pGentz;aLIYmHryDo;T
Yellowhair;zSkFGdf139;c8a75397447cb365a41708311d06b316
pYellowhair;zSkFGdf139;T
Oehm;Wu89CBBG6c;e45db84c06bd7b48fd8fce51269dcb86
pOehm;Wu89CBBG6c;T
Schoepfer;gS4uduCttF;de076b4e77ae995659f229ce68ce5623
pSchoepfer;gS4uduCttF;T
Kriskovich;cUkdhwBsNc;19ae52b08a65ccaa7c62b627192cc17e
pKriskovich;cUkdhwBsNc;T
Boback;J6TtbkWgeq;a06642dab662b4eb5d1f03c58328b86b
pBoback;J6TtbkWgeq;T
Denisha;oRQfQEO0YM;5042654447e38ed280e9771fdadf3f81
pDenisha;oRQfQEO0YM;T
Siemsen;rnLpYJZ0kw;15e863c96036efc9a81cfa3cf8c74ed9
pSiemsen;rnLpYJZ0kw;T
Hegdahl;tkmnbNn4bD;e11dd070ab1c307f663adf372071aa13
pHegdahl;tkmnbNn4bD;T
Immerman;Kfur9CPp1Z;a8201fe91de532021f2217f421e79bb4
pImmerman;Kfur9CPp1Z;T
Rastogi;OUYkyi0TYM;7ef20290e1081d39fc59c754316f1dc0
pRastogi;OUYkyi0TYM;T
Tomkiewicz;H4tGHtCOiY;9bc6eebf8423a2db10a009a9a74e97ac
pTomkiewicz;H4tGHtCOiY;T
Marconis;PW3fNkYvB9;2e3f06d70904f1d7e8554d75109ae313
pMarconis;PW3fNkYvB9;T
Olaughlin;1UG7yVSUdL;96bee1f4f0de3d30bc5fc525e7ddd2ca
pOlaughlin;1UG7yVSUdL;T
Boamah;4iUVqK5NtV;eda20d159dc869046f0ff8f26d8342f8
pBoamah;4iUVqK5NtV;T
Pleil;op2BJpTIhs;7811a014610ea7c3528aec1dcf57df90
pPleil;op2BJpTIhs;T
Pelligrino;9IopMSliFj;db8cfc9d1fca81b33c6a94c3ddbf3e64
pPelligrino;9IopMSliFj;T
Hotaling;8Wt03vUAok;ef0a92224c19ef600b58cf3d578e8821
pHotaling;8Wt03vUAok;T
Hemrick;4qQgk31OOi;0c882478ab134f5274842a20bcc4097b
pHemrick;4qQgk31OOi;T
Pascoal;wLHIRBtgLG;65ef60f2aeab35e81b64c364b3c35e31
pPascoal;wLHIRBtgLG;T
Prestia;hczJQTq0kI;bf1661ee49e6a40d9582686df8d56eed
pPrestia;hczJQTq0kI;T
Crosslin;lDQkpZH55k;3fa5e9fa2b2f486158a20d73f8d3c4ff
pCrosslin;lDQkpZH55k;T
Palafox;kZili87HK3;56b03473ab95bc77e9b6eb1e85a27b94
pPalafox;kZili87HK3;T
Trimboli;QLMTtGuJJL;376cbb4bdf6eaea295289f274c4a5c3d
pTrimboli;QLMTtGuJJL;T
Laurette;tGqhSQdpWe;260daf53301fa0e60518870e9913c8aa
pLaurette;tGqhSQdpWe;T
Jarred;nmF7aKDZnC;8692249c830430cf6a7b2656082747cd
pJarred;nmF7aKDZnC;T
Lidie;rv3U9c3tP5;04e6c421a601d995167a85192fe57c10
pLidie;rv3U9c3tP5;T
Daren;2IOUipnbvu;84ea18af332b9e6725f7a7bfe1a64300
pDaren;2IOUipnbvu;T
Felipe;lfk3oDBdQ6;d5ef7ebb13de6b562b4d6544a5fa7c70
pFelipe;lfk3oDBdQ6;T
Riviere;B1S5FEslEk;e8373172566f835bfe8516393708ee10
pRiviere;B1S5FEslEk;T
Freeley;67wbcwixLT;1ec46d3df364beed093cae29acef854a
pFreeley;67wbcwixLT;T
Buttolph;XryZpW01Qp;33e1536ab678763a433b4fb40b90c6f4
pButtolph;XryZpW01Qp;T
Conforto;sr4R0bTlgU;d6adccb3f1f0e335d68c8da3f9a25f29
pConforto;sr4R0bTlgU;T
Mcinture;1HFWpH5nYK;a6f67dfd659cedc5b844f2a0cb36871f
pMcinture;1HFWpH5nYK;T
Bodison;foG3b279ek;971eafae1b6cb8fc29ffd5d3778930ab
pBodison;foG3b279ek;T
Hilman;I9n9A4DSoQ;aa90f8663597c2cab49a2a1223cf71c7
pHilman;I9n9A4DSoQ;T
Caroll;GUYcvBwPbt;d6466ecb8ab112b836c01d33db72bb14
pCaroll;GUYcvBwPbt;T
Topping;wtMwAy3cqT;f9a78309a16f4d066e6e9068206ad66f
pTopping;wtMwAy3cqT;T
Pankow;XQxZngcz9a;13feb39f7196b5558809745f2d41b0d6
pPankow;XQxZngcz9a;T
Tiedeman;aPy0C5hn8R;2c6d38d57bf666f679cc434763618a24
pTiedeman;aPy0C5hn8R;T
Nicar;TRNfYXY9J7;82f028f74f65c7bfd679dfb1ed56df94
pNicar;TRNfYXY9J7;T
Soo;u0UPgjXk11;75c63877460d53c737212449c71a5596
pSoo;u0UPgjXk11;T
Patete;YIh5cY6B7s;715532758fbd99b23e4c2f7ee2e00baa
pPatete;YIh5cY6B7s;T
Kuypers;hZoiG3PRX7;80e9fbb83190aa61cc1820f5bcfe6e3d
pKuypers;hZoiG3PRX7;T
Purdue;S0IYQFMRJ7;c5e0dc8b7161cab6039a20884c9c313c
pPurdue;S0IYQFMRJ7;T
Jeneva;SngcwkteOG;2021aff4610af9eee9cd9fdcd3fd9483
pJeneva;SngcwkteOG;T
Leaser;QiNxuubI9e;06d657d7608bc959ecf45fb296ef9eb3
pLeaser;QiNxuubI9e;T
Biancardi;xRknoITJlT;90fc2bfb1749e2800153ed0fbe758dfc
pBiancardi;xRknoITJlT;T
Stonehouse;vNgrZkkeyS;7f85c91c841946e2bead3cd6e7cfc291
pStonehouse;vNgrZkkeyS;T
Radford;rjZijbIcx8;29f95cae8537850af5b1ff4df49b2efd
pRadford;rjZijbIcx8;T
Diazdeleon;6HXE47Wbr1;e4cbf11c37c17602212b2dfceca1a5f4
pDiazdeleon;6HXE47Wbr1;T
Mosakowski;BWSA3QwrSp;a2e323aa6f25008af5b66a4fef05c8b4
pMosakowski;BWSA3QwrSp;T
Knutzen;e0sowWuvot;d70ed1e7a6a01ca650377a22ee58899a
pKnutzen;e0sowWuvot;T
Rim;CPVFbx7APT;fc3a92cb0d23693707c3ba8ee5570d68
pRim;CPVFbx7APT;T
Fellin;qx0TzmNYTK;e3130c64a89897440640a52301a74aff
pFellin;qx0TzmNYTK;T
Cringle;KHYKgNeXft;91e8fe38a3e8b81da7c7826d20dcb34d
pCringle;KHYKgNeXft;T
Hunking;fXbuUG1aUQ;d6ebd0d243c18aa18856ab37838b25b9
pHunking;fXbuUG1aUQ;T
Voight;apCROuH7mJ;fca1e54d1d3c0bdbbd219bd215a11e90
pVoight;apCROuH7mJ;T
Rosina;5lMFdcgZVx;28551e7dc2920d465977512d97afb3cc
pRosina;5lMFdcgZVx;T
Patronella;JkmDLiLpej;6209520b83f6a102e86422fa7175a48a
pPatronella;JkmDLiLpej;T
Tommolino;QkDxFOfsuP;8d645a1b8ad77fc102feddbf065fe8b9
pTommolino;QkDxFOfsuP;T
Neun;PkF9YogNEP;3ed0039b63f6aef89a22e549fa9354df
pNeun;PkF9YogNEP;T
Donte;HUWYSs0kmz;38ebd83ef3a4ccca7494a43b038201d1
pDonte;HUWYSs0kmz;T
Wernex;KH7RGbPaFs;85ef00aad5845e6e3c1a04b178e88b5c
pWernex;KH7RGbPaFs;T
Penanegra;GioTOn5KBi;eb5306c539080c5c9e8368caac66e249
pPenanegra;GioTOn5KBi;T
Presas;k1saznENZM;d3bfb8e544d0e8142abc2ecaa65ac9f6
pPresas;k1saznENZM;T
Charters;mvIDGzeLL9;72b3b68da65d338736930f3f387a28e0
pCharters;mvIDGzeLL9;T
Delone;k0yLSVgYxY;fe60f92f0721a89c2fa7f6b3ca05bc7f
pDelone;k0yLSVgYxY;T
Prinzing;Ikjuf29CGU;dfb5fff6212c7993bec076de3fa72513
pPrinzing;Ikjuf29CGU;T
Harkrader;hp5V4swok7;2b05c5919cec61f5a90155ac29f53b05
pHarkrader;hp5V4swok7;T
Tio;eKaraVwKDY;e2d86fc262c3312217bcc383524cd317
pTio;eKaraVwKDY;T
Fortunato;YQnOs5UYk0;f712818ce1631aab71ef2c832b3317e0
pFortunato;YQnOs5UYk0;T
Kuennen;re2twX83PP;d4bcea68d5e8d4f47a177429fb3716df
pKuennen;re2twX83PP;T
Muyskens;Uzfc6B0cuh;6733650389d6b71fccd4c0a1ca8d3638
pMuyskens;Uzfc6B0cuh;T
Shella;Dp8r4tlhbc;b1d071115e31bb7a59dbeb8771808af7
pShella;Dp8r4tlhbc;T
Sherfy;gpcIakh1bz;6f0663332b9d1193266f252e9e7a2816
pSherfy;gpcIakh1bz;T
Mielczarek;8d9sZVAt4l;63e636eb8a085d9f84e4dbee4644ba02
pMielczarek;8d9sZVAt4l;T
Sautter;5GYjf51hkO;6aa69ffe472a79831546b6ef995d398a
pSautter;5GYjf51hkO;T
Klaft;9t1ESLI5Pa;217bd7eefde9293b6f2c242830c974ed
pKlaft;9t1ESLI5Pa;T
Disney;lqAhlvBYv7;2c8375954f40a44be8ce5053bb763b99
pDisney;lqAhlvBYv7;T
Neumiller;5RuIk4RKzC;6de0f6f4b444af091ac58d03a641a4e7
pNeumiller;5RuIk4RKzC;T
Sugimoto;LPxjm2eZtK;48b44a1ddc703d6f1a09f314e58899b8
pSugimoto;LPxjm2eZtK;T
Zucco;ejkPAslu7w;c472c44b401e590824cbab988f7f042a
pZucco;ejkPAslu7w;T
Pezzullo;9Y93CKWSAE;17fd3d14c3dac96c858320e29017807b
pPezzullo;9Y93CKWSAE;T
Henslin;OL3KpSYzSY;11d17c6e4d2849f6a2c2cc668ccc8113
pHenslin;OL3KpSYzSY;T
Consoli;mxl3GKc8Sp;01bad662fa581b5e6b5281496a9d12da
pConsoli;mxl3GKc8Sp;T
Flahive;R0TjCl0Txk;ef0f76b3492a33f7c0f32477bfb1e6fa
pFlahive;R0TjCl0Txk;T
Ruthenberg;7ZD24H1BlA;8e2abe698305aad1a6f6fd9b94386912
pRuthenberg;7ZD24H1BlA;T
Morelos;yKksoGcBsr;7f36ad0a4f3e10304632fce11556f929
pMorelos;yKksoGcBsr;T
Johanns;o9GDM5Rz92;d92d4905874b819d621a32c5b15bc3f7
pJohanns;o9GDM5Rz92;T
Scarlata;X96yxeB6w3;4475b11ca20b6216065a759e76781b92
pScarlata;X96yxeB6w3;T
Bustinza;klEfKJ8yJL;c42b8f33e008b3bebe00786bbd4d2a84
pBustinza;klEfKJ8yJL;T
Medious;b7KbqtyxGe;b2d72a7e9439850dee752579f7fb32ad
pMedious;b7KbqtyxGe;T
Fatone;wGq6WJiZdo;4c32c0a99d22fd3b184f665863002200
pFatone;wGq6WJiZdo;T
Grunau;x44pqkPG2M;6753f3d5d06ffcfb7c97499d2307e446
pGrunau;x44pqkPG2M;T
Butteris;6EvXdLXBMk;55eedb4ba3e63880c6c75a4226a24a07
pButteris;6EvXdLXBMk;T
Tacderen;4DWdBbK2rx;a5d50ca12dc94c495f81c295c372db0a
pTacderen;4DWdBbK2rx;T
Saracino;aVcqnwAwj3;a20d4b6d7f8891d642a2d4067330c00c
pSaracino;aVcqnwAwj3;T
Marcks;AA0ctjiPa2;73c5b49137175f55d100fefd4919890f
pMarcks;AA0ctjiPa2;T
Braatz;NCAgP9GvNE;9c1ec38f7fe28ea5ef272e42ffaecd87
pBraatz;NCAgP9GvNE;T
Capestany;hQwTx6w6fh;91b0f460dfcde413cbe6588b01843626
pCapestany;hQwTx6w6fh;T
Torez;9yDzIu1pcB;8c413d05f7643409dea75860445ff1bd
pTorez;9yDzIu1pcB;T
Sooter;zi30wsosah;4926fbb13aeeeb138e95be35f5640236
pSooter;zi30wsosah;T
Chapple;7VSTm9Hz5h;29a13160fc8e2ce48a19f26c87f59d8d
pChapple;7VSTm9Hz5h;T
Demmon;8RgGTYYLnL;c1a7395cc73e022baa895fc200467971
pDemmon;8RgGTYYLnL;T
Lemmer;RzBoK4K2sV;a15f0977b09bd16cad383dab1c9ebff5
pLemmer;RzBoK4K2sV;T
Inge;T9j5N0vvB8;8df8ea0a9877817cc4928830a5b54540
pInge;T9j5N0vvB8;T
Thim;0eYl1xqXBA;e345d17d203e3ff112ee34a259c40de4
pThim;0eYl1xqXBA;T
Satterly;hFRE3TA0pb;5e276d342d01ec731f0054235ee01758
pSatterly;hFRE3TA0pb;T
Leonaggeo;idqydNxSPC;726831e52b07bcf372bcfed9df68db5a
pLeonaggeo;idqydNxSPC;T
Menjes;rqfx7JAld4;14c060a8ee2fba4b07e83a8afca126e5
pMenjes;rqfx7JAld4;T
Harner;2Mg2cHeX1D;8c57559f36b07a203c3d5a0a5f82b385
pHarner;2Mg2cHeX1D;T
Collis;3rQ0SEloHY;b4ffa4a0565d44597ff7d89afa2e0a47
pCollis;3rQ0SEloHY;T
Curren;QgnDJ2BodY;749fda50382edb91e264fb92d619a601
pCurren;QgnDJ2BodY;T
Gelhar;k6GPu1ORf9;460515c57c96bae458e93c552162f05b
pGelhar;k6GPu1ORf9;T
Holme;5rGXwSvAjz;05bf27c993aa1ca53f216ddcb44ef177
pHolme;5rGXwSvAjz;T
Gillmor;40WIdnIP3m;caa195f851cee590367a9c5d0c2b45ab
pGillmor;40WIdnIP3m;T
Null;zT0bundya2;540624090f7918da5026686e05cf2932
pNull;zT0bundya2;T
Mcquigg;LiYSlQlf3T;60ce37052a3f90c57cb2052f7c2b80a8
pMcquigg;LiYSlQlf3T;T
Gilchrist;Litf461PfD;19c674a0d4a39230bef2a24a9a39c689
pGilchrist;Litf461PfD;T
Limbo;2ext1uVI0L;0e690fd9bb32dafeb4e1fd893b8fcdba
pLimbo;2ext1uVI0L;T
Brecht;fyFBvUM4uc;da34e74665131a5f07e0c6d2d7858d4f
pBrecht;fyFBvUM4uc;T
Spiroff;uC1vKSNroh;d4da824b9032fac41879a3f8b56d9f73
pSpiroff;uC1vKSNroh;T
Sandusky;NXPt6WErEd;ef2bbafc5874be8501cb7a7d9726a32b
pSandusky;NXPt6WErEd;T
Sueltenfuss;0P97te4QcS;ce993a08d3c39873525f4c8ccd7be50d
pSueltenfuss;0P97te4QcS;T
Saari;PiI22GEhTq;17357662856cc9bbb907842d204fd9b4
pSaari;PiI22GEhTq;T
Susko;QdK9G4Pif0;670bb94a5cea7a2f481d6613c2d4a98f
pSusko;QdK9G4Pif0;T
Ming;mT3Q34EE2X;765293fe0fcaf78daeed4882b4812c67
pMing;mT3Q34EE2X;T
Turcotte;8271ps5OdI;535092813a8a5ece154284fda31ea03c
pTurcotte;8271ps5OdI;T
Hara;8VSqnO8khH;f0b232fee5e7f4fd552b718cdfb28c23
pHara;8VSqnO8khH;T
Dunemn;iv76q5ajUA;539e9fb60bc4c43161bbb93dc44560dc
pDunemn;iv76q5ajUA;T
Derrig;1Fnvpvfw6K;cde477687394059182c7a62b3126a0e7
pDerrig;1Fnvpvfw6K;T
Detering;62VMR3Rya7;0f7b71284f50396bbb0c3e36706437af
pDetering;62VMR3Rya7;T
Virga;dD4X3lGXcA;78c8230288bdbf6dc7210f1c7c046502
pVirga;dD4X3lGXcA;T
Tesoro;CXaBIol6qN;6d7777b419084f66b69b4d94c6425fd0
pTesoro;CXaBIol6qN;T
Robillard;Kk23PIXV7s;428f489522b3920474b1a5d436a6b51c
pRobillard;Kk23PIXV7s;T
Minteer;fUqjUhLkGl;580dd86dd1460cf3732f602bea4fd1b9
pMinteer;fUqjUhLkGl;T
Bendit;UPOF98Misx;8b1b7950e6eaaba4765c7cc8d523f31f
pBendit;UPOF98Misx;T
Farabee;rrr3rHvGzi;7c6899df9d921d972eda569a9150da29
pFarabee;rrr3rHvGzi;T
Peach;0yD7aDnSgR;c6cc71d774923ad934c808444cb72f5d
pPeach;0yD7aDnSgR;T
Thi;LwawgNZ3E4;ff960fbf8e1bda48f9a2286351224206
pThi;LwawgNZ3E4;T
Zwiefel;EgbKJzegYo;8dacfd166009f1276ee2fad3ca896232
pZwiefel;EgbKJzegYo;T
Schlossman;PA7Oy4XiGB;bb017255d50445f4b2a9a8f38776f2e0
pSchlossman;PA7Oy4XiGB;T
Garnsey;3S4qqD61hb;3877725884e503cd2276f8687c8b0f88
pGarnsey;3S4qqD61hb;T
Mcfatridge;FUYsHgF4mP;3546dcd71b0460669bbf1bc28683ebe8
pMcfatridge;FUYsHgF4mP;T
Calvillo;4775AhRzar;bcc85a2082a90fff76eeccbd12adeb6a
pCalvillo;4775AhRzar;T
Thilking;T14H3K2TAN;f4f38f1c5f55b4dca424d0f284717613
pThilking;T14H3K2TAN;T
Moriwaki;jm484A7yJO;c7fd10985f3618c5973c04c539669a79
pMoriwaki;jm484A7yJO;T
Aurora;7cTFwD8vVa;2d4a0d5541b5740eb4106e850762a2d9
pAurora;7cTFwD8vVa;T
Tigar;iH03oNux33;d28f5283cb0ba53ed04fbe90ecf67d2f
pTigar;iH03oNux33;T
Brader;6PyXjDCbZ1;a03adbe6f9f92efb59042967a2d99949
pBrader;6PyXjDCbZ1;T
Rauscher;5PVAd5eOqs;f6fa933d77c91f4108c11bb00e9146b8
pRauscher;5PVAd5eOqs;T
Debell;GIS3QgVDda;c3a5a990858d20b51d4a0ce9b7531c23
pDebell;GIS3QgVDda;T
Lovingood;XWiW27V5Bp;582ab33e252018e0820a6e6465a1b904
pLovingood;XWiW27V5Bp;T
Delphia;44Z4bOEoaw;4ca1a5765107e4e60f6f792bd21cec6e
pDelphia;44Z4bOEoaw;T
Moots;10nfZrW5Dv;8c8867fe6b180e8ee1859b3d73869b47
pMoots;10nfZrW5Dv;T
Gregan;6DSE0sXoh6;cb53ad1f99a5cff7c906770c68c2f44a
pGregan;6DSE0sXoh6;T
Hedgespeth;aUrst432H4;d02d26de6cfeaf5f74b61f5080e6301c
pHedgespeth;aUrst432H4;T
Honerkamp;0caCZfcbPh;95eb14e38bb5f3c945470cc69c613faa
pHonerkamp;0caCZfcbPh;T
Bolado;Divme4DK24;ee265f55190e43ca2d4ac48bf939082b
pBolado;Divme4DK24;T
Ramser;YSIzydT1lw;7da54ff154747b8180072dc1ec7dfb73
pRamser;YSIzydT1lw;T
Waldrop;yZluqay0oc;48f6ff4c213d623458c847f8cf2c75ce
pWaldrop;yZluqay0oc;T
Stemper;8v3bCemY1R;4cf072627cc1dd2ccc31421e8f053305
pStemper;8v3bCemY1R;T
Kiphart;YH97i9WYcO;1101914827c5db357364117b1a51bef5
pKiphart;YH97i9WYcO;T
Haylett;n8nZFhZPAb;9af1f53984b9f0202e17073b03c74c6e
pHaylett;n8nZFhZPAb;T
Rodrigo;hw3rnIf1Q9;6914ca13a1718768a48c449be4133191
pRodrigo;hw3rnIf1Q9;T
Huck;FUOzRX5J5F;f4be46bebebff62b6890fb4270b06297
pHuck;FUOzRX5J5F;T
Vay;vUxpUy83bN;d2ffc0ec03caf7008f77794bab0483eb
pVay;vUxpUy83bN;T
Fairclough;7Ce2757jHU;44e379e9417e96924922b7900360fe1d
pFairclough;7Ce2757jHU;T
Halliman;ffVFyYFJfB;9df0b63af80e2e7876ba087d01048434
pHalliman;ffVFyYFJfB;T
Lafoy;DKlgh2B54I;9c148c40f832a42fc79c277777aa122e
pLafoy;DKlgh2B54I;T
Schmeckpeper;j2LrQD6NUm;f9fc8f03505f518f11b2d17891756df2
pSchmeckpeper;j2LrQD6NUm;T
Gamons;W0td2PIXH1;b07a87b9ff6c83078e9e561c55022883
pGamons;W0td2PIXH1;T
Mickler;QBsyl31sSB;94fd89d53148e794b9ee56acc147fee3
pMickler;QBsyl31sSB;T
Sernas;mM8aXoqfH9;00033cd365f42cd519dfe6868a184e21
pSernas;mM8aXoqfH9;T
Pacetti;Z7A2ubIK40;11d7aa6f1105d881039d6d336d25baa2
pPacetti;Z7A2ubIK40;T
Dellajacono;GDim5zaPqO;5353c9a5a01007320a153ddeac1fb27c
pDellajacono;GDim5zaPqO;T
Lozo;PC2FWwWx3S;489d4122ddbccf0364fb716dad5c32b0
pLozo;PC2FWwWx3S;T
Matelich;WItGaZFK26;d725951bab7e95998e89e89459a76a6d
pMatelich;WItGaZFK26;T
Tryba;LYn6GwTvnl;c4f6aed3e5b3dd8386d691460e88089d
pTryba;LYn6GwTvnl;T
Pozzobon;inFvZrA4ZO;38c0bd7ad1036ed4adff042889d5e48a
pPozzobon;inFvZrA4ZO;T
Digiacomo;dDVPLLMSO4;f73a577dc5f2068cc4ab5aa6a74288c5
pDigiacomo;dDVPLLMSO4;T
Cotham;0hjclAQYDB;35b2882aef723e4ef396b724c13c3624
pCotham;0hjclAQYDB;T
Davia;IPM2XJAwq3;382735b3d13e45bd9f785c1ed03b7261
pDavia;IPM2XJAwq3;T
Durand;vmY8OxoDnp;52531dc0b67a2fe3555f8d1b192d12e8
pDurand;vmY8OxoDnp;T
Degeston;wHBHoi5CQy;bcb7e7b20e28ffba9adde1e55425c276
pDegeston;wHBHoi5CQy;T
Lopey;CqQ0ydGzIf;435efefd69c36650979abb0c2b9f5c5e
pLopey;CqQ0ydGzIf;T
Brackbill;CjUv33Bmer;128b6469ed37b4cc79860a33901be9ad
pBrackbill;CjUv33Bmer;T
Mcleary;xBxUC84AMM;293aeded81bf95fd29dedc7385025d6d
pMcleary;xBxUC84AMM;T
Mccatty;fhJYljGYIt;eb667084915780bab477980f50e925b3
pMccatty;fhJYljGYIt;T
Stgermaine;3zQvGzOXUh;107b672d2ac8c2cb74508cd892f26186
pStgermaine;3zQvGzOXUh;T
Efrati;EP54p1kvh8;65d0131ccb87aefa669daed7195f186e
pEfrati;EP54p1kvh8;T
Burnette;9GFZJ17Hkv;7a3671afeb235a4035b0c4a17447d8bf
pBurnette;9GFZJ17Hkv;T
Deardurff;UzoWnM0tgR;d646773a67b370894af3e753f876985c
pDeardurff;UzoWnM0tgR;T
Maffett;wcvUx6gYdj;3ebed0a2928d90e5606e714be0dc9215
pMaffett;wcvUx6gYdj;T
Hedlund;yHSk2Pc4xa;21d6429054cfb6da896ce536da364c17
pHedlund;yHSk2Pc4xa;T
Ky;poMLnv8JHd;c3ee7dffd8cc9f1fbd450636efb9ea99
pKy;poMLnv8JHd;T
Clemments;B4Km5YlxBg;fcd8cb77e178b24ddd073e0b53e4c542
pClemments;B4Km5YlxBg;T
Lamons;HN2RUTm5Dp;21f72cbef8c9bcb1ca29eefda7dc0715
pLamons;HN2RUTm5Dp;T
Sersen;DMRvxYVeEm;61b412341a6b3b1b9a6ef2b66fffb5c2
pSersen;DMRvxYVeEm;T
Yeskey;6ei6C55PCF;70eee5a79b920db457029d9dcc50bbe7
pYeskey;6ei6C55PCF;T
Wachsman;FGAngfB611;84a0772fcd48e7ab7c645f1841afca3b
pWachsman;FGAngfB611;T
Holloman;ad9qps8P00;82e1703aa48ff81678d1d0e3ffd55501
pHolloman;ad9qps8P00;T
Wadle;Gp4Kfn0MtA;e0a2ec4ea92e8ca6f448743d7b9227f8
pWadle;Gp4Kfn0MtA;T
Wenrick;AZ5Mtpfn6V;fcb575706a511e5919968e7805280693
pWenrick;AZ5Mtpfn6V;T
Halk;d17cqgtcJM;c85b24f1e24e03be478aa80004462189
pHalk;d17cqgtcJM;T
Chimeno;f21bvXPkAW;c67552926000a591eb4170aa8e360c29
pChimeno;f21bvXPkAW;T
Milz;J1q79Iekde;6c31bbdd6b919eabd63694fc935ad3e6
pMilz;J1q79Iekde;T
Drenning;sp51Wroa2a;52b18de9e2ede7ef4c6332f47afc1aa2
pDrenning;sp51Wroa2a;T
Younker;U5ejDufnXC;54c0ecd6dbeecb76b8683827b9acf6ab
pYounker;U5ejDufnXC;T
Braulio;hIfDq3ewh2;ec19abe78bd8432dc1b57bc3749983c5
pBraulio;hIfDq3ewh2;T
Flyzik;jPoqzqGedN;58d186483267051b8bfe70a12ba8780e
pFlyzik;jPoqzqGedN;T
Minton;jTAA4i0azH;7036c48e7d893a612b0852699e71280d
pMinton;jTAA4i0azH;T
Bursi;I6Hc0NomOT;067978f7e803e8a6a68eb65942864541
pBursi;I6Hc0NomOT;T
Derasmo;ysjmMvl73j;b735d7402bd5d7d93e4ff61b445c4e2d
pDerasmo;ysjmMvl73j;T
Tobiasson;DC6BWEUagf;a8076a705b7588fba8a303b8832b05bd
pTobiasson;DC6BWEUagf;T
Gerry;B8q2FYJPud;db8c3b22cd413a5d739592fffd7f3f2b
pGerry;B8q2FYJPud;T
Boody;yILiQ2Lhkr;9eabff3d82e60457dd8c624a527e6651
pBoody;yILiQ2Lhkr;T
Ladakakos;KNhOrOh3SY;464ba164c77f3591d45492c5e96de724
pLadakakos;KNhOrOh3SY;T
Marlette;avFuYJ0p2T;d362ce7ea6ab813cbab75c4b736f58ce
pMarlette;avFuYJ0p2T;T
Mastenbrook;VxGu78Q6M1;ab5f4008ef6179831bfa149400d0872a
pMastenbrook;VxGu78Q6M1;T
Joss;zPjvIqIlpW;6fe3bc0aad8972462cac41cafd09cb3c
pJoss;zPjvIqIlpW;T
Thiara;KYA2VnQ63h;03c8f9c8630b513e1617478254066841
pThiara;KYA2VnQ63h;T
Laursen;wuGGnS0N7t;8ea5820d86838a5a9ef2e039ac4109e9
pLaursen;wuGGnS0N7t;T
Kenda;YT0fIH4qk2;e4f110e846d2e338856455bc296c25a0
pKenda;YT0fIH4qk2;T
Laubacher;U4vvXZELvW;e39546e8de540b76b58d02ee38aaee2d
pLaubacher;U4vvXZELvW;T
Heckerman;sWyGRTK84u;3ac7296a85ae2b182ad27f7b69348fe8
pHeckerman;sWyGRTK84u;T
Dimeglio;GcAnVylBXF;cb37a075f45821939f72ec709ee57f1d
pDimeglio;GcAnVylBXF;T
Paskin;CRrgWPpuKS;66cf1b43af8aa927d8d260435bfeeed9
pPaskin;CRrgWPpuKS;T
Romey;dgxQKlqZdF;8b50ac1affb09551c06ac2ae4221ae9c
pRomey;dgxQKlqZdF;T
Donelan;sT8xbZ4e3N;269757ea0a19f3f5d658b0ee8e1c8f88
pDonelan;sT8xbZ4e3N;T
Lawyer;Yiquy6QO06;9dede202c9d6d7a4d144fe89527bc424
pLawyer;Yiquy6QO06;T
Dayle;zil1ncZL7p;8e4db98dee5d0e6db1820187e9b1a773
pDayle;zil1ncZL7p;T
Graner;unHT1zwjfM;e9db8f82a32266636c687b9d66b891b0
pGraner;unHT1zwjfM;T
Milum;l1HHhny5XQ;2003ae813e45a4da889cf3fc7ccf018a
pMilum;l1HHhny5XQ;T
Leysath;upIOchS1Wy;a6f7e826007c8f2877d57582fccc8c61
pLeysath;upIOchS1Wy;T
Cassi;Es9uSVQRrC;6922ede2939fa67478f87d4f2359eeac
pCassi;Es9uSVQRrC;T
Schoo;sDUaVXGPV6;ac3ffa14091b8af8700c139ab7b47b71
pSchoo;sDUaVXGPV6;T
Raigosa;DQMEGgDSLb;79c9dc41e24ef83c5e6dc2b77e1a05f6
pRaigosa;DQMEGgDSLb;T
Feck;RiNQXsQrDS;24dbf0e0e84df0ba687b0ab1e060544a
pFeck;RiNQXsQrDS;T
Scantling;memHHQZYoi;0ca872d91f71cbaab673433f2b3da5f2
pScantling;memHHQZYoi;T
Tanaka;48owoZoG0t;b356547bde1bff179f22d7277c7d3521
pTanaka;48owoZoG0t;T
Gussin;RHKhpEHia9;aeadbc86d95a07a370faa3cdb673fe4c
pGussin;RHKhpEHia9;T
Zinsmeister;um5bJNSlF5;ebc3cf7cb5d73c6b1fb854e13f254121
pZinsmeister;um5bJNSlF5;T
Caradine;8LdBdahgev;1bf93b050a9ca850f24db2e78435243e
pCaradine;8LdBdahgev;T
Skogen;3XyHE8gDRC;4c922a634b8fe293eeee38b0e9c5c86b
pSkogen;3XyHE8gDRC;T
Cofer;70xsLRR8hr;98be90e78c848853a7e48300c28fe36a
pCofer;70xsLRR8hr;T
Sonkens;F6sfpGOPR9;be46e5be505768cae461d31d1b95c3af
pSonkens;F6sfpGOPR9;T
Linquist;fi3lcdlkY0;1aeb1629013f1ba6f6104bd2f7f2f85b
pLinquist;fi3lcdlkY0;T
Jame;rIvfFv37H3;bd704505849f29aaa522e98a00ecb4e5
pJame;rIvfFv37H3;T
Maggie;WOiMGOVzhZ;e265500f8d8d5418c4e5f38d3a76300a
pMaggie;WOiMGOVzhZ;T
Keobaunleuang;HaYCc2lc5d;bc1dc7571883d3b95026617327a86556
pKeobaunleuang;HaYCc2lc5d;T
Kamai;MLdbxPrxAL;4c45b35478630d7dabc8bd3afef89356
pKamai;MLdbxPrxAL;T
Schlotterbeck;0K3QSBnEE6;febaf15dbc857c8c9bcdd0dedd917290
pSchlotterbeck;0K3QSBnEE6;T
Lollar;3vnf8roqkk;c3cd9318c1037d257fef600e1f6d9a4c
pLollar;3vnf8roqkk;T
Terrance;k9qf6ReVBO;b4a7d679c7591c592f5e314c3302917a
pTerrance;k9qf6ReVBO;T
Mamone;RiQxq36aRL;0f8df9b31e0fcc422862d3aa75bba6c1
pMamone;RiQxq36aRL;T
Gorrindo;kmFmEHXRZ0;7ff1bd8e5c3f4f57153448f5c5a084ab
pGorrindo;kmFmEHXRZ0;T
Wygand;1BWG6QwWhC;3b29318655c6ef4c5a373ae3b04b0b0a
pWygand;1BWG6QwWhC;T
Sandrock;z2LtZLkj85;5036b2a5e3bc3553bb59cd43bc3dbd2f
pSandrock;z2LtZLkj85;T
Frutchey;R8jQMhHeZn;0b93a4a8196ad805be5556799ff33c7f
pFrutchey;R8jQMhHeZn;T
Inostraza;VWDlFvf0u4;750e81a14baec759907ba197aeb70e28
pInostraza;VWDlFvf0u4;T
Gonterman;JBYRMKt0hf;4db5a36142f9ddee012f5ba777713f8b
pGonterman;JBYRMKt0hf;T
Marbury;YoMKePnwPg;88ff759ebbe933d0e9aba9b77a89cf61
pMarbury;YoMKePnwPg;T
Milliner;4InzMS3U1F;6752fb5a13750ab6789ded497bad9db1
pMilliner;4InzMS3U1F;T
Blachowski;eARubOVbV9;efaaddab4c529d0a61c3c9f198c18866
pBlachowski;eARubOVbV9;T
Mcdougall;rMbf6e6Oox;f53ee94b306db7063aea6df8964518ab
pMcdougall;rMbf6e6Oox;T
Cronkite;WVGbK7tWTe;3cecb1d78aeb5d9a3616ad09da1a4095
pCronkite;WVGbK7tWTe;T
Diviney;hCeMonPwU1;1a679e5d8b1739ad8de5cc9a78056628
pDiviney;hCeMonPwU1;T
Vrbka;hGf3QQlYFB;f56d8ec474606cfe7d7fd86ae42bd1b0
pVrbka;hGf3QQlYFB;T
Bullaro;pFhjEGjcal;dfe448a574af4b70375637dac0cdafb8
pBullaro;pFhjEGjcal;T
Sinka;WDzdQNfx4Z;195a6f2897ea2f6a0fc71eb4cb970ad5
pSinka;WDzdQNfx4Z;T
Speis;n7hNnzvPUA;04c850c8fceea392f1cc2eae04367b97
pSpeis;n7hNnzvPUA;T
Cockayne;g6nB9nJRy9;82e1a2ae95ba0949913cee8b8b3cf493
pCockayne;g6nB9nJRy9;T
Kreb;pimwCrI8P5;63c255eed7899650321591b28511e5ce
pKreb;pimwCrI8P5;T
Buitrago;LNDAYGD6nP;32db71d23293c815fca14fd555132c56
pBuitrago;LNDAYGD6nP;T
Malin;X8EF0vEuBc;96dc0949118b52a50422558d2b5ecc5f
pMalin;X8EF0vEuBc;T
Hilderbrand;T6HqomaVww;98a9db4c6ea073bb9e216a244014c393
pHilderbrand;T6HqomaVww;T
Horger;p4ckA8Z7m0;39d93000abcfaca389fbacddecb8c20b
pHorger;p4ckA8Z7m0;T
Harkless;f9t37PAaYe;f39b5c9e8bfef89f4d3f41ed2298e1ea
pHarkless;f9t37PAaYe;T
Kirsopp;gSBJ35cc5p;02801c711611e726cb6d3d0786a4452d
pKirsopp;gSBJ35cc5p;T
Peggs;o431PKTwsz;48ff1cfffc0b076828a0cf30a8130409
pPeggs;o431PKTwsz;T
Tylwalk;FQ1phQ6JSS;feed676c848d0fd7fe5f0ceddf83f56a
pTylwalk;FQ1phQ6JSS;T
Yerian;aCktcmTBlH;c3aec1fac3027122980c10dd3282ee5f
pYerian;aCktcmTBlH;T
Ruberte;m5igNxScAX;2c22fab777aeda26a05426248d24470f
pRuberte;m5igNxScAX;T
Brassard;9xZIDty4HB;a28d9c7cd812df40760dc996bb0d0537
pBrassard;9xZIDty4HB;T
Mangat;i1iKEB90WY;9e364ec059e26d8870620f0470498bba
pMangat;i1iKEB90WY;T
Hogsed;xiNEimlv7k;c1d7b58d893ff617599d685c08efa04b
pHogsed;xiNEimlv7k;T
Chantler;lv12DuZenf;8ff274eff031785103d852b460f21f3f
pChantler;lv12DuZenf;T
Enriquez;fAsOJgOHTZ;1ab2413c98be9014a4dfbec47cb583a6
pEnriquez;fAsOJgOHTZ;T
Rhoan;YAewabJ4SL;a30b6c86bc5f97868fb341788ebc36eb
pRhoan;YAewabJ4SL;T
Slot;tFmdN83Iz8;ee525f908c7c0dc03ae26eca2a7de6a4
pSlot;tFmdN83Iz8;T
Lipham;fIaWGjL6pI;a0a9d995d97ed47caa4ea5e5509ce0db
pLipham;fIaWGjL6pI;T
Herke;Kb4hC9zNqe;fb7ed555cfea02ada54b258a48493198
pHerke;Kb4hC9zNqe;T
Burnstein;emjuWsR1Ot;580668b2945a757c2cad1948a93a97c4
pBurnstein;emjuWsR1Ot;T
Pollins;UO0hNag8uL;8a92fbc9b4ddabf13d8eb08fadc4e1bc
pPollins;UO0hNag8uL;T
Kubica;5tYvP9PXL7;2751799ccfeb55b8c41cad92ad3eec76
pKubica;5tYvP9PXL7;T
Forro;n7U9JAIcSY;16e4a93a5cb0772b2e50d46a8b551b15
pForro;n7U9JAIcSY;T
Gushard;WbDtifvwCL;bed98899044c44c85490259cb9903c03
pGushard;WbDtifvwCL;T
Moeller;oYAdgAbr9C;8b6d22d4f7e36da05d97bf30ac9045e9
pMoeller;oYAdgAbr9C;T
Chrislip;LT0dRHco14;d96363fadf69801f52e1f07e6abc72b8
pChrislip;LT0dRHco14;T
Mccandles;cJniadpVxv;e61a88fd6a1c774a7d2f099b6b17522e
pMccandles;cJniadpVxv;T
Fackrell;BqZlmxKiz1;dc1b262237eeff7aef74fc827806a67e
pFackrell;BqZlmxKiz1;T
Lanie;lzRSkUx4UQ;f4a9f01db54c776924cf65cd54aab8fd
pLanie;lzRSkUx4UQ;T
Lanzetta;ySKTkUThy1;a86110bfef0a882f6b24bcd70c03f6e5
pLanzetta;ySKTkUThy1;T
Kosh;l0CTTSsIF6;2246f0f468bc428626fd596dcb3d6ed9
pKosh;l0CTTSsIF6;T
Mckanic;62hmyiAGhK;8094ed04f2f1a520d1d36bca0f5305a2
pMckanic;62hmyiAGhK;T
Pockette;YFKunnU1N5;259bbcba4c5ae1a62381cf2671a79fc3
pPockette;YFKunnU1N5;T
Hortense;IpukxJD7bk;9de63d60a446a3542274f051f66b8c21
pHortense;IpukxJD7bk;T
Passon;Vqgzu6wsNZ;55b34c87983a8452358d732b9f25101d
pPasson;Vqgzu6wsNZ;T
Rifenbark;67gED8fuoX;794863a12071dc035fcd5430df31f7da
pRifenbark;67gED8fuoX;T
Vankampen;euem9AVYic;25f933526c1f7e814f89fab8725e748b
pVankampen;euem9AVYic;T
Kaemingk;tZFmigcDFX;e407b271c2465d7e21af30bd023d3cba
pKaemingk;tZFmigcDFX;T
Goulbourne;f2J6ZPA8Aj;5fe05de67983b4cc4d3f16265c014644
pGoulbourne;f2J6ZPA8Aj;T
Hurney;tZ6wm9CLeQ;d83c4032e12b8e3d8a8f4f88679e849e
pHurney;tZ6wm9CLeQ;T
Scheffer;L5xprQSJ85;38662fc7601a84adeef35cf8357b9b28
pScheffer;L5xprQSJ85;T
Bostow;zSUpuwHHT3;d53b95b9481aafa11549d064597564f0
pBostow;zSUpuwHHT3;T
Kushnir;pJTfl4PgxB;f35cc595af13de0bc8645d503c90af36
pKushnir;pJTfl4PgxB;T
Oddi;yxf9nhhHVz;5ab99dfc06d7baa35498fb0be3772a36
pOddi;yxf9nhhHVz;T
Kloss;Q55H3bIDGa;2ce74226e8d8e84a2c997d57c51ec173
pKloss;Q55H3bIDGa;T
Silvestre;NaexP5Xlba;ed44c9f6012198705fecde8fd2b241b9
pSilvestre;NaexP5Xlba;T
Murwin;kA8sqyPq4f;4a2880defcfa31ce8824de40aabcf0ae
pMurwin;kA8sqyPq4f;T
Kamstra;OdERrlumNW;163ea141711353e4a4f1a1d122ee7a89
pKamstra;OdERrlumNW;T
Petermeier;fX6S6FcuGN;49e9f5ad0a289b4ddf10810f0ec64f32
pPetermeier;fX6S6FcuGN;T
Vitali;qI5vhaRKBe;2fe7f17d9b927ff9f0d9d0f9af8a1148
pVitali;qI5vhaRKBe;T
Ziesmer;0kvYqrAMr0;79f177d4c947500a89651b5ac1747eb8
pZiesmer;0kvYqrAMr0;T
Bello;jBAAVOAJ3G;8aea1abd3c98dc7ce7ca6497643e0bb2
pBello;jBAAVOAJ3G;T
Delahunt;Rs4IU9RJRj;562f475eae704c75fb89cccc643c3d26
pDelahunt;Rs4IU9RJRj;T
Ostiguy;f28DVDjlA7;84c1c1392f4c0d8ba5b2b113efdfef73
pOstiguy;f28DVDjlA7;T
Vassie;zeojGlFlpk;4911280b3d4a2333b51282a2b700ad36
pVassie;zeojGlFlpk;T
Trenton;pcyfvyLApP;fde030e1b975578d26e4c7c17a191529
pTrenton;pcyfvyLApP;T
Kreiger;w50x7w83Kk;33a1855f32942947ca1734de0d7c1cb5
pKreiger;w50x7w83Kk;T
Fabin;M4GOjpG59L;021a0750cb01958c2f78801c1618dfbf
pFabin;M4GOjpG59L;T
Hutton;7WYazSZqSh;7e44599fecce5f613e31c427b524f7d5
pHutton;7WYazSZqSh;T
Vroman;UPoGydpMpN;57973813d79af98bee819f32e97cd724
pVroman;UPoGydpMpN;T
Isenberg;WoNmTMmTnK;da1bbe9d7579be760d720beea2cebecf
pIsenberg;WoNmTMmTnK;T
Adina;U3mt2XGkmC;2539d1b58a284016abd4be18934b5923
pAdina;U3mt2XGkmC;T
Maleski;foZ11HByvS;d4cb18f45f139e969e9755ecd5619b9e
pMaleski;foZ11HByvS;T
Carnine;a79nAy9BuU;f1308f5ed5b1e2a0878d0b7943cedf6a
pCarnine;a79nAy9BuU;T
Pestronk;8k5ChJlVpX;6df70f39206adfc0e83e031239a200a6
pPestronk;8k5ChJlVpX;T
Warwick;K3JoURykEt;97088069b11547b1e2177007f8a2afbb
pWarwick;K3JoURykEt;T
Kareem;cWTPbqvJ5f;c8df418ff033256b57c6de2f22592fc2
pKareem;cWTPbqvJ5f;T
Milot;BrDYbdZg4K;c113818bee2113f920de8e3c158a9b17
pMilot;BrDYbdZg4K;T
Dong;aZGD0EBsHs;35501d7976609726b177b7486b0c35eb
pDong;aZGD0EBsHs;T
Iafrate;zi7075lLdI;260f5076e300a6eed105659b02eaffa6
pIafrate;zi7075lLdI;T
Parmer;WPtX86d8wb;a61643f58e3f24b81e163a06f656c6d6
pParmer;WPtX86d8wb;T
Thigpin;kMg1Z7hgzJ;e8dd25a36741a161dcd11d9a8e154644
pThigpin;kMg1Z7hgzJ;T
Stimson;WGKRm7hbtT;92281338874435f40f67d46b1e9511c0
pStimson;WGKRm7hbtT;T
Rogian;lQiLAXpkqw;da9465604c641c88cc3e77741dd2edd3
pRogian;lQiLAXpkqw;T
Overy;7xRMS1wx2M;b03c576cfa9e4fa550743526f695f3cb
pOvery;7xRMS1wx2M;T
Guillaume;OHB4DBcJz3;ced0c628ab5af26f44f3f700b637ed55
pGuillaume;OHB4DBcJz3;T
Selig;yQ1VnAgG7n;231c8018b4f93c2d04ff052f31e3be6a
pSelig;yQ1VnAgG7n;T
Sorenson;jvTs6cE3Yg;ed1809bc70c5a80b6b13a25c3a9fb8a9
pSorenson;jvTs6cE3Yg;T
Makino;WWhsD3yBRu;573f8d686693bfbe3d6fc93056a8c08e
pMakino;WWhsD3yBRu;T
Nquyen;c0qBH4qzUr;7071aad48968e41116e99f2775eb6196
pNquyen;c0qBH4qzUr;T
Cronenberg;kVZK1ieq5r;d81c424238be1c350a1c08985021a95a
pCronenberg;kVZK1ieq5r;T
Park;GinLGcId7O;45d7d97ce63b2e7aa161bcdfa5d26178
pPark;GinLGcId7O;T
Prestwich;gfWfqxkvYo;b1896fa73106ac03b8ce545e9871c8a4
pPrestwich;gfWfqxkvYo;T
Mallery;qZwjO3ugXr;4f60608c247402e0b4deaf7b5b0fe312
pMallery;qZwjO3ugXr;T
Swager;vN64nWbaf0;6a919080f2b29e635cc1fc9b09bf026c
pSwager;vN64nWbaf0;T
Culmer;cP81pDxH1f;0c481ceac14a09be07b12fb24bf326df
pCulmer;cP81pDxH1f;T
Villasana;c6uP2MRYYE;a3eaa7e6a7abdd86eefa30501c465e9f
pVillasana;c6uP2MRYYE;T
Giaimo;hLDTEUZLCX;3efda7f9be6397ba836d0b3419cb84e5
pGiaimo;hLDTEUZLCX;T
Desanty;iSRZaKnF2A;9852ad04c3f9ced86fa7eee44e8166bf
pDesanty;iSRZaKnF2A;T
Lokuta;7tW12tMPRe;7392fadf049f30df121b7dcfba527240
pLokuta;7tW12tMPRe;T
Virrey;W4QCibVmlJ;a66d4a00b0010b7c6386bbb01949af96
pVirrey;W4QCibVmlJ;T
Kemper;irnXMxLR71;94caccb17bf9de8e6621dbcb29f794a0
pKemper;irnXMxLR71;T
Luvianos;91WD84kBcK;bc2efc2ec3f607bfc40fa68a9e8ea187
pLuvianos;91WD84kBcK;T
Kreese;jZYrVhK82V;8f9373dc84dc48c50268688e58ac835b
pKreese;jZYrVhK82V;T
Dicarlo;zPS149Sl5N;fc013ff264cc98720c6726695c08b99e
pDicarlo;zPS149Sl5N;T
Virginia;btZiXqi9O2;cef4dbb0ba79c281db34cef95b8d5a0c
pVirginia;btZiXqi9O2;T
Brockberg;1cK0HIcnPF;771770c2657de26107a43a02cda41e31
pBrockberg;1cK0HIcnPF;T
Raiford;EYmlqMMSaG;381f16dbaf4faf8610a50f7db01b9d78
pRaiford;EYmlqMMSaG;T
Schlotfeldt;Ge4eHGeCU6;cdd32eb6b244ac7abe9e94c1a954c24e
pSchlotfeldt;Ge4eHGeCU6;T
Caselton;Iq4bWsXKX5;9534dc650aa43025500979ba1de4f567
pCaselton;Iq4bWsXKX5;T
Landgrebe;Qpnvp4eRHe;baa46205592f11e678d79749e16e7371
pLandgrebe;Qpnvp4eRHe;T
Francesco;HpmCypnSZy;037626a2926c4922b2ec977f54e049f8
pFrancesco;HpmCypnSZy;T
Deason;nZlBPGsBci;907e9816f3229b8f402aa680ebf2366b
pDeason;nZlBPGsBci;T
Incle;KlS0npM2Nv;58b8a9c57dd6bdf321450bb898215adc
pIncle;KlS0npM2Nv;T
Mannella;7ImE0uour9;ef08b50a0268755714fd26b4c98a86ef
pMannella;7ImE0uour9;T
Benko;ofv7lJnBK7;548b567d353862b70dd85a2f99c77149
pBenko;ofv7lJnBK7;T
Spraker;YkjSGH6z3V;9fb739bfbf7289950e7e174dfb297367
pSpraker;YkjSGH6z3V;T
