Droneburg;zzdo75xARn;0757653812d863d5f13ab4cf5a49cabf
pDroneburg;zzdo75xARn;T
Giacobbe;pZaefOI7Es;bffd8290c133ffa4346822a1258150e4
pGiacobbe;pZaefOI7Es;T
Demuro;QVYb58wgrJ;eb6e4c6150443dea1c18bcf5335cef40
pDemuro;QVYb58wgrJ;T
Paar;mTVSUtawDb;2cc200b104141b9879392878450ec272
pPaar;mTVSUtawDb;T
Myles;d5MWnzAwau;59e374120c1a188ed6bf5eb2e568de36
pMyles;d5MWnzAwau;T
Biddie;z7S4sh45Or;c0c9908c3a24bfb5b5a7d7e20a0be453
pBiddie;z7S4sh45Or;T
Blanck;hJGns9a7R4;1eb48c2b20f98228e063aaa80a8748e8
pBlanck;hJGns9a7R4;T
Ganibe;xHiWwH4f8u;4c5c1ce9f1df7491ecd86c2e4347c625
pGanibe;xHiWwH4f8u;T
Sladick;RLLtHhZK8T;85a2adaef3027de249b345181274dd59
pSladick;RLLtHhZK8T;T
Mccormik;1q9IowTLpa;d2879a66ac3175740bc93012d2cf699c
pMccormik;1q9IowTLpa;T
Plomma;5WAVW7GJ2q;16dc39418d11a73a490432653cb5c309
pPlomma;5WAVW7GJ2q;T
Wislocki;7M7hqC3AnC;46fd4600f8db62624f877987b0ca61fe
pWislocki;7M7hqC3AnC;T
Winfield;1YAxQtqHcN;821b042650d25751ad8aafb9c4499336
pWinfield;1YAxQtqHcN;T
Lillis;qTAXatbVQC;94dcccc3ee3665f5b2a248e1eb554c4d
pLillis;qTAXatbVQC;T
Hutchenson;xPqXC4ZAvc;286de3c8bd8cd4d4ac5db6d046843d5d
pHutchenson;xPqXC4ZAvc;T
Latulas;C4wHDN5i38;00ecb454aa9d4a9a174bd1b4a1cecb3e
pLatulas;C4wHDN5i38;T
Capshaws;HbDXiVY14r;3ac70318ac4b97b1585de739d28ff741
pCapshaws;HbDXiVY14r;T
Joyner;qkyuh3LQmC;7cb32cd208eb630e6f3395cdc46775b9
pJoyner;qkyuh3LQmC;T
Pickren;gVvTNUOuJy;f0925a00ca8ad7aae16357e350d157d4
pPickren;gVvTNUOuJy;T
Chilson;rhNkNOJiNg;46fd55bb2a070f97da49a0f5576e4359
pChilson;rhNkNOJiNg;T
Mitcham;ZcWvv1fOJG;9dd42b95844fd22bd7bba293403ef625
pMitcham;ZcWvv1fOJG;T
Tafelski;TsaqbWmzkj;e4ea889fdd757414efb62eabdaa47299
pTafelski;TsaqbWmzkj;T
Siregar;h2lBVtMmUM;f3c994a0d0664cfe0c971a1d45d41bd6
pSiregar;h2lBVtMmUM;T
Eves;D1GttuHIO9;9f80443022c36e8092d8f3ac3be00198
pEves;D1GttuHIO9;T
Patchin;YdUQboFDDO;21ec4bbe91f5765bfc4491072d8220d4
pPatchin;YdUQboFDDO;T
Corino;a8NAmDS7lV;3bce5e0aa539dc9e42f2445ee3c4c1b4
pCorino;a8NAmDS7lV;T
Burwick;zCfdVMNwQD;3145a2bcb0df2c91d3bd22ed8900e8bd
pBurwick;zCfdVMNwQD;T
Donota;valtWFdvLp;f4a70980590492ca094d57541d9b4cf7
pDonota;valtWFdvLp;T
Flis;wjS2g3hblK;c57be24f9b0b0c33d5fe7951dfa4bd9a
pFlis;wjS2g3hblK;T
Dukas;HPpvqL91co;bda7163630e43faa734e880a78454bc2
pDukas;HPpvqL91co;T
Hainsey;f5pwcyzbwL;aeaa67f35bb9d44177b1e5d886e5be06
pHainsey;f5pwcyzbwL;T
Gackle;RYw9GQrA2n;c2b13daea6b6ae80c35b8396df924582
pGackle;RYw9GQrA2n;T
Stillwell;9YYSA1miB3;d140e7769429e8061b1e3ddf2376c52d
pStillwell;9YYSA1miB3;T
Decoste;Pmtwi9Obmu;e9739002bf680d202bc1cae503bbe43d
pDecoste;Pmtwi9Obmu;T
Marilyn;njkIefc9TU;ca5c8ce6512628d0527da1010bda20f4
pMarilyn;njkIefc9TU;T
Kreitzer;im4pXPfh0J;02affe8b51fc1f86c4eb2cffd31f9d06
pKreitzer;im4pXPfh0J;T
Marshman;6h19FWADI7;c2da17055f6f7ccc849f93d1a148af38
pMarshman;6h19FWADI7;T
Zeller;AFXmHSuakb;44d4e4c47788f79e1ed938b00b54d743
pZeller;AFXmHSuakb;T
Travaglio;mwYg74buAh;f813fce64192bf3b3b6ee9b2d8d79bd6
pTravaglio;mwYg74buAh;T
Thormaehlen;eqRjZvDj2q;4412a34b8305fb50c0d75422e9615cac
pThormaehlen;eqRjZvDj2q;T
Daughetee;dJSbaaW16n;c21d46fa326505f859bade53452fff59
pDaughetee;dJSbaaW16n;T
Bleasdale;XCuEH15Xbd;cfda76483d3a065a73effd4a8de2cb65
pBleasdale;XCuEH15Xbd;T
Westin;tgsHgCswza;170bfe8a9aa51435c28f98e4ecb84507
pWestin;tgsHgCswza;T
Frerich;NvVUBP4Wjy;6f21ce1ce5227d364b90dc29d7dede09
pFrerich;NvVUBP4Wjy;T
Nowlin;9wJxG3ACxj;d3d4ad85d4ecd9317e0cb9c05aeb0d92
pNowlin;9wJxG3ACxj;T
Eilers;3UJlO6I9sl;a4a9175b44d1ec38af944e266d573b3c
pEilers;3UJlO6I9sl;T
Trezza;tTkVTxS8Cy;31c05cf1cb0254aec82df212ba475367
pTrezza;tTkVTxS8Cy;T
Renert;S90b4BweSw;907a70461685faff47f9225ad16a59f2
pRenert;S90b4BweSw;T
Helo;RAogXG5R43;d3b6ffb69b9d2a83eccae2df794a4200
pHelo;RAogXG5R43;T
Neu;Um9XROa8yI;9d04247022434d4f72a17daa684167cc
pNeu;Um9XROa8yI;T
Eroh;1CjikZj6U3;117b014fd020e33b4974a6ed64ead7ed
pEroh;1CjikZj6U3;T
Wickliffe;LnxjLUdY6D;f92cccc9eb7c968a250c878906f64526
pWickliffe;LnxjLUdY6D;T
Fullard;QwC0YKqMZ4;1c01ba54a2c39d5cb5237a680c91b413
pFullard;QwC0YKqMZ4;T
Matthes;W7QW3NBOXM;0368413ca0654b4a01deee3722d5dfb8
pMatthes;W7QW3NBOXM;T
Remaley;8iTMmc5iyS;3b6cf1ae5f5157f94ffeea5490a45606
pRemaley;8iTMmc5iyS;T
Heberlein;31NSl0a3yt;0b4e733a901054af6f7be90a79ee0f6a
pHeberlein;31NSl0a3yt;T
Prezzia;FcURWQHMyk;ef22363ac31efec1934a02e9756150ce
pPrezzia;FcURWQHMyk;T
Degroote;NMSjEa3uGS;bc13eb3c3553fb428c10c2209fdaa6d0
pDegroote;NMSjEa3uGS;T
Honey;QEaNbdSMh4;ecdae296f057d620c94e376179ed077c
pHoney;QEaNbdSMh4;T
Laszlo;0FnqePRJeV;90ee54adbbc8d6237924646cf7bfb35d
pLaszlo;0FnqePRJeV;T
Habersham;3HI2UPYZ5O;c983ad98ecc6daf9790520c94c98178e
pHabersham;3HI2UPYZ5O;T
Kahle;I3sR1fvuQq;4a203291817cb38fcd65cd724e230c02
pKahle;I3sR1fvuQq;T
Galioto;WbWaTvBAm1;a2ff407fd8dbd5a39974fac45fa33b96
pGalioto;WbWaTvBAm1;T
Randon;DDFhHCu2qe;5a4fe63b1e28414648581efc48580580
pRandon;DDFhHCu2qe;T
Kristopher;ix72SZJmei;e1217d82a8f163c09a1e16d00113ca34
pKristopher;ix72SZJmei;T
Hadel;DcwIN2r2cX;962be5e0ece6ded42cd700daa2d45096
pHadel;DcwIN2r2cX;T
Foney;rNUGx3riNa;1e4f24c0362d7bf063c21cafb036b439
pFoney;rNUGx3riNa;T
Wewerka;ocSVBcakUk;40da6d24b9289d6b80ce5b2b57ca3829
pWewerka;ocSVBcakUk;T
Paswaters;Hb5oBjB1CR;40689c69794b925167e078795706dc60
pPaswaters;Hb5oBjB1CR;T
Lammy;zKgBMFLr1p;d89ef2ec38a08aa35c3cde633c4e4607
pLammy;zKgBMFLr1p;T
Bradicich;QzWXgdjChC;01d61a588eabaf572c74a09be0638120
pBradicich;QzWXgdjChC;T
Bustillos;v2UOBDCLje;e0d058ab66fbb1e9076362ba59cfcc33
pBustillos;v2UOBDCLje;T
Callaro;jDW6UaSRlq;5c3665a4ddf183bfcdc5da2676e1cb99
pCallaro;jDW6UaSRlq;T
Sandven;gxjg6krZju;0b61390801c2fc345349afb92ea1cc63
pSandven;gxjg6krZju;T
Sherly;FZbF0tctMn;be885722b777edb0f30a1cb95f0285e9
pSherly;FZbF0tctMn;T
Kozlovsky;ohQY188Y84;5d3058a48dd310475fd3dcb7022d5ba9
pKozlovsky;ohQY188Y84;T
Chaven;lzi0U4FP3R;72b1a7fc701b01313ef71b869140f69d
pChaven;lzi0U4FP3R;T
Papelian;xXiSp8VoT2;a0e36017fb5203d2e296a0383a8407b5
pPapelian;xXiSp8VoT2;T
Tornquist;5oT3S58qAy;adb0a8176a2a8b29845d616dee1d2051
pTornquist;5oT3S58qAy;T
Bembury;99wpetaW7t;3b477000aebc847b68e609a9ca7e710c
pBembury;99wpetaW7t;T
Furno;WftWN2MScH;4aa6a38d73196d71e8b2d35a10808f0b
pFurno;WftWN2MScH;T
Gionson;E2KxNboX5g;973167d2ec570c38621541835df7fde8
pGionson;E2KxNboX5g;T
Blada;E5OtEp1Z58;28725616c31c95cfe5f03406405412e6
pBlada;E5OtEp1Z58;T
Rotelli;FKZeLSbTIH;9f213974ac23e762f536f8439570dd66
pRotelli;FKZeLSbTIH;T
Pieters;2uqQRCsSUQ;57f2024b8915c6e433f5c2568a1cee3b
pPieters;2uqQRCsSUQ;T
Hoeffliger;qu3LRdvzDI;8da552fc00bcc28847b35f376ba7ed84
pHoeffliger;qu3LRdvzDI;T
Lalli;5kWEDShHkg;c02290e9f55088001ceb35a1ecae7bac
pLalli;5kWEDShHkg;T
Duryea;n77sJA9Ypl;246517f98297c5df5e9cb36ee5853d4b
pDuryea;n77sJA9Ypl;T
Ramon;vqWp5hVYjo;5d5d41f94971f302c04d0f9dbc7d8c73
pRamon;vqWp5hVYjo;T
Keziah;V190bSBork;6909c579564ca043a4fe04f0118e46fd
pKeziah;V190bSBork;T
Culpepper;g2qKZwRmRX;084f38935602eb6892fc5ec981b58d4d
pCulpepper;g2qKZwRmRX;T
Ikuta;c9G5PntnFz;164935dd9aa3ce8915194ecc22ce1bfd
pIkuta;c9G5PntnFz;T
Pikey;GYSQxVySjb;f96f38e552ee191133fae821807efa3c
pPikey;GYSQxVySjb;T
Hanle;AY73tKkT7b;0777a27e1832b098465df08277af81bc
pHanle;AY73tKkT7b;T
Randolph;PQI4mP5Lv5;048f890493fcdb46b5f8caa9f4633989
pRandolph;PQI4mP5Lv5;T
Profera;3sixxXPeOl;a2e3c6200a40cf50414df312d6b93b3a
pProfera;3sixxXPeOl;T
Jovanovic;Ko6kgSE417;a5912b948503c06b69e64ab2470abc1c
pJovanovic;Ko6kgSE417;T
Bonello;nzaK3rJNvV;6b55ebb486b24a7933f05ddaa13594f9
pBonello;nzaK3rJNvV;T
Schellenberg;OdSD4rR7xT;15f5deb0fe848abc4069b0bd8ef0fdbb
pSchellenberg;OdSD4rR7xT;T
Opal;90kC0TgOIY;a2222bc786acd21c680a595a135d7893
pOpal;90kC0TgOIY;T
Bozzi;pytif5eufB;b2cc1f978122aaec73d0d51f62cf30d3
pBozzi;pytif5eufB;T
Vanlaningham;ndEMiJpA9i;6fcbf866cd8c936759b783a1bd0c8be1
pVanlaningham;ndEMiJpA9i;T
Dose;GhBSSnzOEM;1a947c5333e402d37ca706af36b80c7a
pDose;GhBSSnzOEM;T
Driesbach;Wyk3EJUbIG;0c9e4f09e7e896000ef86f6fc7c012b1
pDriesbach;Wyk3EJUbIG;T
Lang;fCfoHcihdk;50c12eb4ba866b650e2a241ef4071c13
pLang;fCfoHcihdk;T
Jankowiak;3VPKe37EdY;71cd6c712b0c7893e5e960b409c73f09
pJankowiak;3VPKe37EdY;T
Catalfamo;M2WOKSEOeg;3032f042092121fe4c79c54ff22e8795
pCatalfamo;M2WOKSEOeg;T
Amal;XJry2Bi9h7;82ca8e869aa19dc07fba6272b4c9b238
pAmal;XJry2Bi9h7;T
Kissik;7cX124DODl;42784064566543aa0ed8445410f60395
pKissik;7cX124DODl;T
Ereaux;jHfG12AhNI;1f12cefd01b380bd0d300e8b47dc6b96
pEreaux;jHfG12AhNI;T
Oats;bLUhYE8odv;18dd5fefc9bb930d2c342479b6622d2a
pOats;bLUhYE8odv;T
Critelli;TqvCn2sc5e;958ad7c24f5f96a7619fbc49604ff822
pCritelli;TqvCn2sc5e;T
Lazier;fEQS9JOQG9;5f21d77a7cef9afb5d4cb7e8275556db
pLazier;fEQS9JOQG9;T
Petro;PWvuhbUt9l;6dff94993eec0defda9e9deed9ebbbd8
pPetro;PWvuhbUt9l;T
Lindloff;7dtwhLLzWu;49edc3245782c064500262cb58c526d5
pLindloff;7dtwhLLzWu;T
Matalavage;MK3eNwWVVJ;813541f45cc4da964f042f7f1f5c3556
pMatalavage;MK3eNwWVVJ;T
Wolverton;R3Iw4O7bXj;d95e3b9ad006eea4ec4f4b50dc299e6b
pWolverton;R3Iw4O7bXj;T
Gangel;X3LfYxOIvU;1c40a94b6cb5902dd94961c6b63f94a1
pGangel;X3LfYxOIvU;T
Hartranft;oO1V93k643;27597cb975817e829037917ce7e246d3
pHartranft;oO1V93k643;T
Catello;oW5S2Y8y01;beff559d79574018628ce767e7123571
pCatello;oW5S2Y8y01;T
Ordiway;BFdVKWqmok;b571adf55bf8d60d3a80a4af976b2851
pOrdiway;BFdVKWqmok;T
Horman;tNJhyu01ak;d617e517d4518aa295b0b3071e5d50e7
pHorman;tNJhyu01ak;T
Gallander;CjF0TNt0uc;d5d06d7a4bb1e816d559dfc65553e8a6
pGallander;CjF0TNt0uc;T
Koo;Cn6J1J0C9u;a38c0c56b813a2174bf409fd4048589d
pKoo;Cn6J1J0C9u;T
Wessell;XyToxga8mU;ff6f4da7e95a1464cdc02f1a8a2206e0
pWessell;XyToxga8mU;T
Mcpadden;2Sb3De5CBR;214c4ebb54cf2365802bf395e5f1d484
pMcpadden;2Sb3De5CBR;T
Jonak;0AwL9w10ud;d423c0186837d5e7d1aeec4cc84dbc4d
pJonak;0AwL9w10ud;T
Stuve;HUfYs7HMU5;45db2edb330d1d2c87b4021f286e8e44
pStuve;HUfYs7HMU5;T
Debari;JbMqnWJ0KG;7f3e76e854bb1969c6c1c4a53f34cd0a
pDebari;JbMqnWJ0KG;T
Lynn;Hh93noXaVZ;485d36c2e272a17b6212f8c3b097f3a0
pLynn;Hh93noXaVZ;T
Hudlin;RYd8uMjJDk;9d2adc82046188a798aa6af6b037f411
pHudlin;RYd8uMjJDk;T
Huprich;CMJxteQDz3;f5c950e17144b3deb8e3c7e6dac191a7
pHuprich;CMJxteQDz3;T
Eduardo;myUlfcLBNf;9430c98d0f06c0d7363c5ea50e1609f0
pEduardo;myUlfcLBNf;T
Passer;bNEdaFtSFZ;c661c666e464ee61b953d203f755d5de
pPasser;bNEdaFtSFZ;T
Mcalhaney;FEhy6di7aT;d1bd969f5dac927021558d4d4e079cba
pMcalhaney;FEhy6di7aT;T
Ork;CE09LT7ddb;1bd42caac831ebc6fb39144d7086674f
pOrk;CE09LT7ddb;T
Sharilyn;XK7tuiGYUw;29299d9efca77d333a4b33dfc5720375
pSharilyn;XK7tuiGYUw;T
Guzma;o95gEHFjfy;58814c983f192c563aa6a1c1075647b6
pGuzma;o95gEHFjfy;T
Opstein;6GEPakvZqE;33bca86b13c1115f30102cdfc2a3f236
pOpstein;6GEPakvZqE;T
Lachley;X8NUEyGuLT;e7b32129a49a3a0f27fc324eba872a0c
pLachley;X8NUEyGuLT;T
Nanes;2035mxDLhc;5823a1d4b828249fc457dc542f4dbefd
pNanes;2035mxDLhc;T
Gabbamonte;03XUSDpCLu;8657d7e0a13bd320275894c4a516a43b
pGabbamonte;03XUSDpCLu;T
Blyze;e5SWjrd0az;1071fa85173524dfb644fdf1a16815e3
pBlyze;e5SWjrd0az;T
Norman;axwylimio4;855b9373ab4a8854169751f47d828d0f
pNorman;axwylimio4;T
Pines;YXfze787c8;976f3edbedf083a3637f83e5a5d949e5
pPines;YXfze787c8;T
Sigrist;suqM6chovU;d9c57a62424752a6e79b8d8b5be7f065
pSigrist;suqM6chovU;T
Terra;i0I4KgQ7al;ad5f64a7decddd31e0269c56a9086ac3
pTerra;i0I4KgQ7al;T
Adelle;F1KCvLoJnR;73d006c3efb106826d2488a4f94f9261
pAdelle;F1KCvLoJnR;T
Nases;p5qmO9tEWk;218070b07f70d437d46e9d0f7281f33c
pNases;p5qmO9tEWk;T
Ina;F5FSTHnfwV;3579ec803c2c86d56d33c6b3c1341fc3
pIna;F5FSTHnfwV;T
Roshak;Q79kMrr6pT;3b6fa66a651a3fe2d7d53b643bd8f8e4
pRoshak;Q79kMrr6pT;T
Menchavez;ykM3UHNxvk;a5c0f50d7c174ae8989d8b26c9dd5e8a
pMenchavez;ykM3UHNxvk;T
Paulo;7AvW1j0MJp;917d57c0c63aa48cde14b9721eca4784
pPaulo;7AvW1j0MJp;T
Mccumbers;LOxhdS2mLo;ada52d02bf6924016764ff0bb67dd21c
pMccumbers;LOxhdS2mLo;T
Lamparski;961W71JrpN;10ac5c6d8be917b5167bf45948c16554
pLamparski;961W71JrpN;T
Trest;5L25ZjxzIM;756085d483e5818cd60bf4e08a8c79da
pTrest;5L25ZjxzIM;T
Schells;9NcDC6Tlj6;b5786b8868ab2cd8001cab30963dece4
pSchells;9NcDC6Tlj6;T
Cerasi;U4JA49VkKD;3c3ec398a0081e8ddf12aa2810d65179
pCerasi;U4JA49VkKD;T
Franca;tvTVgkKPdH;aa22583aaeced0fa674f55c2b1163fe0
pFranca;tvTVgkKPdH;T
Schiro;RvZhKeggMZ;0aff6ca980fb5a7457088a56e9bc4ef7
pSchiro;RvZhKeggMZ;T
Geuder;h9jm8GdMRN;9fc589f14c05873078664b4ffbdb5d1f
pGeuder;h9jm8GdMRN;T
Simpon;qmQ6yNvGSR;096fabc86cb10c6f0609d75a7c3ab647
pSimpon;qmQ6yNvGSR;T
Shumway;TU7MVQebju;d011e9f43a6dd89974abc3666a7ae3f9
pShumway;TU7MVQebju;T
Czarniecki;KlYgtlhnJ0;b4cef2281c66bca14932923775b15ae4
pCzarniecki;KlYgtlhnJ0;T
Myesha;4oAwTfUVbP;db8be539b1ddb51095a2c71a9888dabf
pMyesha;4oAwTfUVbP;T
Gierut;LE7SflY7Ql;8bf0b959aaff0f2243c7128ad9deb618
pGierut;LE7SflY7Ql;T
Lewicki;IKsqXigO8R;2cb0ab994f135bd2ccf821924372e89f
pLewicki;IKsqXigO8R;T
Villena;YWItquHnbo;2697ff4fd0bab63dd2be585cc1964f58
pVillena;YWItquHnbo;T
Masincup;urAVpBg2tR;d51ace089e9be0ef1c7280a2d84305bd
pMasincup;urAVpBg2tR;T
Blau;1fbiFcTovb;694655034693af00f4d316631446e5a5
pBlau;1fbiFcTovb;T
Gilson;YgFL7agLBJ;4eb7d9a1fcfaa98515f3d457d6fc2e11
pGilson;YgFL7agLBJ;T
Bohley;5UfUdVdKA1;b96d93d7f49d670299e9c62f94125a41
pBohley;5UfUdVdKA1;T
Feerick;Qr0P32AjKI;b6a28aa5908497bcd0dba51e17f9e16e
pFeerick;Qr0P32AjKI;T
Jew;OqaNTinyzx;ccf86eaead4333b7e7dd3aa9dcdb8af8
pJew;OqaNTinyzx;T
Picerno;HfnXn49OlM;499e7f5f763d2773555837e4ce0d4094
pPicerno;HfnXn49OlM;T
Goyer;48l3tn1AzO;a7d5665fb9604216dfa1db6ee9190a78
pGoyer;48l3tn1AzO;T
Teas;qN9uTm5Q63;f7cc66f5a52e933e283c4f4e28bea352
pTeas;qN9uTm5Q63;T
Hulburt;SYPNy0Euch;73486ded81a58fb74a7d4934591e5142
pHulburt;SYPNy0Euch;T
Matuszeski;nPXjLqc5p1;38124832e4a3a31ca0a84d83d7400b18
pMatuszeski;nPXjLqc5p1;T
Streeter;iGSWMS2F7H;aebfb1f430c58ee1fed0317beb65b2c2
pStreeter;iGSWMS2F7H;T
Zayas;63QZj593Ng;970eb8f894206ef2d782096b6ab15378
pZayas;63QZj593Ng;T
Leviner;5PN2fTuNQH;af25835e984572fa32099af9678d5298
pLeviner;5PN2fTuNQH;T
Russo;teTVZgj312;34e42b694141680c6729531cad6e7806
pRusso;teTVZgj312;T
Oborny;N5fhIHiY9N;ff2b4b2ffdd7835b764c4d7c46ce776b
pOborny;N5fhIHiY9N;T
Ezernack;IsGHdtlwzs;88aff44af295e6b9a816d2d8bf355016
pEzernack;IsGHdtlwzs;T
Sledd;PCCtDU1MQB;a633baec68a202da3dda91de1b5fc33a
pSledd;PCCtDU1MQB;T
Lyness;TU9lphMRZz;f1961b3119d7ccf3967f7105aa29f232
pLyness;TU9lphMRZz;T
Raveling;hVl4iAtTOC;d394dfe01805c919a104b1cf458f4ab9
pRaveling;hVl4iAtTOC;T
Lin;IAj69ra0g5;d943e17f53fc8cc94e771a11d22f9e40
pLin;IAj69ra0g5;T
Desonia;o0x3lEM8y6;4ba7db078990c1b0940bf5a543250077
pDesonia;o0x3lEM8y6;T
Sundseth;6pTJpHzpjZ;ed4fc83279782725a35e48af82df04c5
pSundseth;6pTJpHzpjZ;T
Cozzolino;asqzKeQJUc;8c1c550224d622ca237269d2c1fd14a9
pCozzolino;asqzKeQJUc;T
Pardo;H4sBIiO05v;9fd9758e3147de67718104cab7411f47
pPardo;H4sBIiO05v;T
Hark;YSGYmrr9sG;ac26b5f7984d94972c5b3abdd949a519
pHark;YSGYmrr9sG;T
Flenniken;kFp0cyWtz0;71c5b44f89c611fcbc7905fb079c4e30
pFlenniken;kFp0cyWtz0;T
Wisenor;0EJKKTCyY8;b6c0c5b3907e51579bd0db2590a3135a
pWisenor;0EJKKTCyY8;T
Leppke;YiLJd5W2fZ;d960c5d6b9b076cf8b6968c13971c476
pLeppke;YiLJd5W2fZ;T
Carla;LRYvq2okvW;fdf763a9d20a31e436358a4a895801e1
pCarla;LRYvq2okvW;T
Papitto;czrH3OKu5W;d2468ff2495c1e1ebb2d433d54b27d18
pPapitto;czrH3OKu5W;T
Boris;ljfIUqu64O;a2603828df9802cdb28b6018391c6f32
pBoris;ljfIUqu64O;T
Shivers;wfunifzGmq;b4890d05ce44b035eba0ce61a62510a4
pShivers;wfunifzGmq;T
Samad;szKvzQOdve;97c9f9b5debfcc13dea065d6894de175
pSamad;szKvzQOdve;T
Bev;gFInixVtSL;c7e0dbbf1c507bf29f7ededdb45f0203
pBev;gFInixVtSL;T
Dinham;1hSzC8gxI8;abba917ddc8c437b826874def3c4cf89
pDinham;1hSzC8gxI8;T
Burgdorfer;4UtDaU57Rd;afdfbcf4df0c7c64421b9c700e397403
pBurgdorfer;4UtDaU57Rd;T
Skarupa;Jg9Iu6cVMP;fcc41fef38bdf5151eb89f11cce9c177
pSkarupa;Jg9Iu6cVMP;T
Mcinerney;4hiCnBjLO8;845a267d1dbbaeb13722c4d41214a297
pMcinerney;4hiCnBjLO8;T
Lashier;XtcSZSN1Rx;412f14cd98fe6d31a51e07ee050fce82
pLashier;XtcSZSN1Rx;T
Sockalosky;5FMD9dPcWR;362cdce7b626e04a5d21cb5be8318a7e
pSockalosky;5FMD9dPcWR;T
Biscardi;b9ttUSEuR4;38bf09b0bf65c25dba0c91a03a609d0e
pBiscardi;b9ttUSEuR4;T
Branes;ktNq9AejpB;a722ed27ed9e9465a05ed312e00d7765
pBranes;ktNq9AejpB;T
Nabhan;HV2k1Ye8L7;616b4e4c0c58f708741c9d9dcae0b3c4
pNabhan;HV2k1Ye8L7;T
Robilotto;WZwXh0hkDc;cdfb694511d01d7b4e5055a634308bac
pRobilotto;WZwXh0hkDc;T
Quinlan;i8fHUwixud;a764d865aeb138e155ae0d82219ee630
pQuinlan;i8fHUwixud;T
Benyo;NkeXnCFgO6;2b5ebd1cb0671f86c5fc4d4f69cf0952
pBenyo;NkeXnCFgO6;T
Deitrick;IfkH0MIvxC;b901ad79f084b83304ab6d4b47f06d3b
pDeitrick;IfkH0MIvxC;T
Marsala;nERN5A9By4;4a102097696dac3a4007ade1874eacb9
pMarsala;nERN5A9By4;T
Debusk;mgA0A9PLhm;b350b8f6a35960ba0429d88c45e0f356
pDebusk;mgA0A9PLhm;T
Misko;Yy5kRl2DaF;6033a3dd5b895ce13bbc506fcc981e67
pMisko;Yy5kRl2DaF;T
Dimitri;xg3A8y5yHm;ef8ba0c22c750804d57dc0970884aae6
pDimitri;xg3A8y5yHm;T
Buford;TPymSPZI5b;4e61093faf87bb0b65a47c11d7e7b83d
pBuford;TPymSPZI5b;T
Markert;IvJVoAwS1E;b43a5cb5c98b3881d71da1d74f349cd5
pMarkert;IvJVoAwS1E;T
Sulkowski;i6HYka6etS;3cd2856ee07cffb78bb2aa0dc92bb887
pSulkowski;i6HYka6etS;T
Szermer;u3ypeFS0tY;3aefeb4ceb823376920c6b582d5e8add
pSzermer;u3ypeFS0tY;T
Lidge;OGSbJ8BNb7;ad79d343b9df557dd09408344ca37308
pLidge;OGSbJ8BNb7;T
Borr;KQkPM4ErVZ;f4f82db38f14fedce9ad41533b93f1f1
pBorr;KQkPM4ErVZ;T
Nelle;CCyGYg1TkX;b52ba3a61de26a905b6a64048065d8c3
pNelle;CCyGYg1TkX;T
Bollbach;OeLAGCxuZ6;ce705f584c3a420a023c5894b1016a9a
pBollbach;OeLAGCxuZ6;T
Breeman;xGrOIvqXql;6fde70afd4958739b5aeedfe0564f6b6
pBreeman;xGrOIvqXql;T
Mavro;MtJm3I4hnz;22d20aa4bdc55fdce3e566b0f8718bb5
pMavro;MtJm3I4hnz;T
Schwanke;1kyrB5gvWc;1249c4fb25ea9bfd88107c9d7bb5cfe7
pSchwanke;1kyrB5gvWc;T
Sehorn;wA4UP36SSe;7bee3b1d25d1685d2a5838322db61e8d
pSehorn;wA4UP36SSe;T
Lumsden;zEtUrS4Kq0;ffd2d18e86913123b1f391094070747b
pLumsden;zEtUrS4Kq0;T
Mccullar;zS0EY1vNbz;f339fe44749dc8b0213c3a7ced2f892d
pMccullar;zS0EY1vNbz;T
Fredric;J7w2xr0CqZ;b7076f901c250f427d9737a54b6dfd8d
pFredric;J7w2xr0CqZ;T
Hovsepian;94J6emgwhu;f59a5f6dcf726174ae07631e4afc660f
pHovsepian;94J6emgwhu;T
Nowosielski;XOtwiWpIM7;96f04ac964737559191f48549ce251e4
pNowosielski;XOtwiWpIM7;T
Dunagan;PCOgg2H9H3;2c344fa17b78a3b2597d8df92e93a146
pDunagan;PCOgg2H9H3;T
Stanaland;s0zl8qPnLB;2d56161ce11834670dc2537243f4482e
pStanaland;s0zl8qPnLB;T
Jorden;iAtJJAWama;173782df65842467df2f0ed5d17064d9
pJorden;iAtJJAWama;T
Cabada;4VKj8Z4p4a;4654b61324295c42f892d0700e17b0f7
pCabada;4VKj8Z4p4a;T
Prokes;TFl7UJlUfT;5c5e8b99984791eef09b23eefedca3cc
pProkes;TFl7UJlUfT;T
Salamacha;20cn9iR0yl;a0729cef0fd24eb05e8d78b7f1f662b9
pSalamacha;20cn9iR0yl;T
Milelr;Y4uXlHVFIk;ee8d9862ac9309c8177ab7e9b148f1fe
pMilelr;Y4uXlHVFIk;T
Mccarson;C6goXilImC;363d58504bc622bc6b83a1800f1b6d8e
pMccarson;C6goXilImC;T
Waganer;YmqOh6IgbN;b66f08437b7654f096f6922f3c1a8071
pWaganer;YmqOh6IgbN;T
Gardemal;EN8yjtAKgl;0b4944017ff840d8ece44f08afd3c079
pGardemal;EN8yjtAKgl;T
Januszewski;GIhk8NY7Bo;b1beddf71762f88adb3141edbcc40c1e
pJanuszewski;GIhk8NY7Bo;T
Pillion;2McGonQNry;54afff6cc79da56951a4ced23156c56b
pPillion;2McGonQNry;T
Gangluff;ZyYRo80mTL;73179a755526433db1832aa5d4bdfcaf
pGangluff;ZyYRo80mTL;T
Gauze;AYNcNrCOst;ab2be369654eef1cd7580cb3b3a0a9f4
pGauze;AYNcNrCOst;T
Raschilla;HqbD2X71HV;a7f014681b95bdf742b7659d7c88e681
pRaschilla;HqbD2X71HV;T
Lockman;0jnj6kit3f;700c6027e9b29c4a30f6140ee4ad6bef
pLockman;0jnj6kit3f;T
Pisciotti;m1xaaLLZpL;e98b7a81844a60c6c36eb81f8b36057c
pPisciotti;m1xaaLLZpL;T
Gremillion;K6A3EoK0HQ;59bdc10a5aed274c2ca4f2be962bbe46
pGremillion;K6A3EoK0HQ;T
Stracener;1KE4aGZdLh;2a6237b7e409120a5213cc9fd94d77a3
pStracener;1KE4aGZdLh;T
Cuttitta;re8fHJjuJu;6c40de48ed8921caf6c1cffb56dc3fa1
pCuttitta;re8fHJjuJu;T
Moosbrugger;iSzqkfX2Aa;512c103e4d1315c189e2a71cccedde97
pMoosbrugger;iSzqkfX2Aa;T
Betenbaugh;XK4vFjmFBu;24f816f5f64c3e408f44a165323b6fe2
pBetenbaugh;XK4vFjmFBu;T
Rabuse;qjKRn6aJWB;140b3238b356c6fecae8224b81263b50
pRabuse;qjKRn6aJWB;T
Newbury;vEbpv9PHFB;2329d29d038edbe4331cae44294bbf93
pNewbury;vEbpv9PHFB;T
Rosberg;D1U0dWl0oS;9b91c2302abff4410a43e3466efc45fa
pRosberg;D1U0dWl0oS;T
Gnagey;fgxVCO91FN;51c4d37235e48d09a416981ba1783960
pGnagey;fgxVCO91FN;T
Poetter;ZjdRTsjlux;422011781343679cef1e993d1030442b
pPoetter;ZjdRTsjlux;T
Degirolamo;BkH0neLhq6;bfa530d8d384e7c3b2665ea82a375105
pDegirolamo;BkH0neLhq6;T
Lewelling;6k2vuMDsfS;6ce88b1289b56e9360236505cdc2b8df
pLewelling;6k2vuMDsfS;T
Skilton;rCOPgxWE87;b73d37959abd4fa6a769547669d03550
pSkilton;rCOPgxWE87;T
Greenler;l6AKSl9vdm;460049cc116c1fc3bc0d346ad9524624
pGreenler;l6AKSl9vdm;T
Gius;aeV4l7eyJn;4dad0dd8c7dbea123ca5527c7f607201
pGius;aeV4l7eyJn;T
Dinneen;Lf8bpMcPSv;de205ffb404e96f84dd9f082d8584206
pDinneen;Lf8bpMcPSv;T
Nye;eIY8WGk7bh;63ca943331b41160e23ed918f4faefa0
pNye;eIY8WGk7bh;T
Sobania;hBx6XIXH5a;11ea04d031b6819d3b6acdd614f69c15
pSobania;hBx6XIXH5a;T
Bitetto;0eV9mMlDtL;f866b7a442972866e5047c9b4ad7defd
pBitetto;0eV9mMlDtL;T
Inniss;KWJqrOQxWj;739d260f88d8bb3631640d8f9db92fb3
pInniss;KWJqrOQxWj;T
Kevern;Zi8R06jCUh;a5f161bea9cb5f6d15e1172db021649c
pKevern;Zi8R06jCUh;T
Weser;AJDAGnHL9T;d737274a4b32aaa047df1dc4d082b022
pWeser;AJDAGnHL9T;T
Paulis;ULDMkHarIA;6d4c76e46cd71794ab74b67baacbf82a
pPaulis;ULDMkHarIA;T
Georgiadis;xS3tDRx1N1;c725943dcd624cbf143387ae9a36f4b4
pGeorgiadis;xS3tDRx1N1;T
Maccutcheon;MIvWqeZNRx;d495c043eb234c5a0d1a8d68dab1ef01
pMaccutcheon;MIvWqeZNRx;T
Crepps;tGDYJXKJUL;a344c67550597195a28454d5b4d519f1
pCrepps;tGDYJXKJUL;T
Masias;MsFs4Z0qgl;376ca707b7d6891dea7fc088057440ce
pMasias;MsFs4Z0qgl;T
Lothamer;ZIjm2g0QoL;58371f40fb09519250d7f460f99e55a4
pLothamer;ZIjm2g0QoL;T
Cicen;T7pOEtdwR8;2933b77f47c7490511b83c2f10af4b17
pCicen;T7pOEtdwR8;T
Mastropaolo;BaROPXmYbA;35a1aec7926aaef8ce797e14b585c70f
pMastropaolo;BaROPXmYbA;T
Pieczynski;e2EU3YOHpk;b27d2a25bdcc43dea87fa0eae348102e
pPieczynski;e2EU3YOHpk;T
Svenningsen;fLgkcUA69f;bb9ef16f86036c33f50d8d50475cfe35
pSvenningsen;fLgkcUA69f;T
Dellow;HLrmBnnQAZ;4e901fa049d3a9bf438462141f53433b
pDellow;HLrmBnnQAZ;T
Grigsby;Na4cEvXIty;4205d16cad576b3d41e57c651d1ceed1
pGrigsby;Na4cEvXIty;T
Gatewood;FO69SSaepZ;de6985ea44d9113389c0af72dddf762a
pGatewood;FO69SSaepZ;T
Okie;kHuTei2jAA;133b342d86101874d9425381e63d5891
pOkie;kHuTei2jAA;T
Shrier;8Tw39Kfgcf;159d475e9ec7ecf5d68d004f48f7eae4
pShrier;8Tw39Kfgcf;T
Toboz;L5TYIVJb4H;a8f216899b74fa3c09faef2faa0d8512
pToboz;L5TYIVJb4H;T
Mazy;WI5z3GvEUN;9209e348ab7175546b1584c8c2e69567
pMazy;WI5z3GvEUN;T
Inscore;FMwnyjEmzL;e0f1b81a8d49425d6e38ece5f91361a2
pInscore;FMwnyjEmzL;T
Brightly;qypvL596fY;15bbc773e18961efe0596d1029da2637
pBrightly;qypvL596fY;T
Fedak;6LMS2lVPKY;1f54ec96bf8f8e60a24244be74d9855a
pFedak;6LMS2lVPKY;T
Westerheide;sWOeB50Xvd;38393f07b5b2751f3bc2467d1490985c
pWesterheide;sWOeB50Xvd;T
Michaela;lDKpDvEIYl;bdd2a410a16812018df0cb168a38f697
pMichaela;lDKpDvEIYl;T
Lamar;FHu3qBmTwA;1482ed8474a919b16c45f55664786806
pLamar;FHu3qBmTwA;T
Emmitt;RmpZjOTqf4;a01712c22080081561c13cfbc9074278
pEmmitt;RmpZjOTqf4;T
Mckeithan;FRreNb9EQN;76121a60066c2ec52cb73e87d133ca2e
pMckeithan;FRreNb9EQN;T
Robinsons;bkfeEMoa30;aaaa01f3f9571f18d6e99fdc71c12bb1
pRobinsons;bkfeEMoa30;T
Folan;oOxXk64ayQ;e7523d2549e5592302a4bbd1cd0913e1
pFolan;oOxXk64ayQ;T
Perolta;wG0WAuSBe7;4caa77d094411b91ec2ae1b772126df5
pPerolta;wG0WAuSBe7;T
Iovino;6xhzh4czHu;bbaa683903ba90e2395e3eaa692add9f
pIovino;6xhzh4czHu;T
Cordovano;96uyc9WzvI;01fb96bb10eeeecfeed63624036cf17e
pCordovano;96uyc9WzvI;T
Linet;5tER1bSAjD;c2bfb1907ee7e7d653be214abf024f7c
pLinet;5tER1bSAjD;T
Vanalstyne;fdhMvUhQFl;67426c63dad19bb81c88d7dead4a88f8
pVanalstyne;fdhMvUhQFl;T
Brunsting;FxZftAuU5h;42cd22ad3f3ea59ce76e03913f9ba4ab
pBrunsting;FxZftAuU5h;T
Commons;ZRxq298gDr;2fa1466eeb9d5a546fb2d5e8335239d6
pCommons;ZRxq298gDr;T
Duperry;F8Xsg8Jhr3;8fccc9e4521c65207fd8351b8267ce15
pDuperry;F8Xsg8Jhr3;T
Woolman;wJewkMb4kB;56016a6bdaccd62fb2d07fb647d39b24
pWoolman;wJewkMb4kB;T
Detzler;z4kbknYfS5;58ef4a2f87f4f6769234479bac8529e9
pDetzler;z4kbknYfS5;T
Wess;plmt2qQqKn;0e22d43738dea24a34d14d77dea53dac
pWess;plmt2qQqKn;T
Billy;raL4WmGAoL;8735ac56770f88717bbcebc1ca9176f3
pBilly;raL4WmGAoL;T
Witthoft;bAtYmGBUBi;68403ecefac950e5147064d4e003c4c1
pWitthoft;bAtYmGBUBi;T
Sciallo;5nJghBpH7F;f312074899b268477f48212c067bfdb1
pSciallo;5nJghBpH7F;T
Wilkenson;YbsiTSptUk;39b687925c36167119207eef5bac41aa
pWilkenson;YbsiTSptUk;T
Runion;rnDPfDfDdH;80b035590db5896fb2201b0a4e3c6256
pRunion;rnDPfDfDdH;T
Theard;eHXIWJFw8o;25e5df89105c9f400bab0d20e7f92cc2
pTheard;eHXIWJFw8o;T
Och;LW0LaZtWxL;8e20601b7d438900d6ae61eb9f3c710b
pOch;LW0LaZtWxL;T
Ee;b68SkWukMg;fd9e91bd002912fa24b17408dacd42de
pEe;b68SkWukMg;T
Carlston;7G98yEQGVs;9d2655f67d0a33481571b924a1c74f36
pCarlston;7G98yEQGVs;T
Umberger;bKNcVW0DS0;8f5549c60c06bb6342770d9f2c7e6b0c
pUmberger;bKNcVW0DS0;T
Grabow;lv86HzdGKE;901ef344fa719bb8e2f2bcafeb80f1e5
pGrabow;lv86HzdGKE;T
Testman;zZNiuA8AYi;cd22010761fd550a004d5bf3036589ea
pTestman;zZNiuA8AYi;T
Hielscher;slFEeQ7S0x;7ff13d910b94a85b126cf962a74fa886
pHielscher;slFEeQ7S0x;T
Rimer;DidtAdolsy;caec13e0813e7bb97c877c28bcd35569
pRimer;DidtAdolsy;T
Loyed;uhwNyzBKeR;16eac5684b14bb2f190f0b5554366624
pLoyed;uhwNyzBKeR;T
Laswell;X6qbxLnCTy;39c89b69bc683c90af26a6762c47a8f0
pLaswell;X6qbxLnCTy;T
Harthcock;iG8RUQEajg;e4e14eef43f2071685d8295eb137dd69
pHarthcock;iG8RUQEajg;T
Carie;9p0zX1HOVi;96fad6543cae8782b6c015bc894cb75c
pCarie;9p0zX1HOVi;T
Blacher;Tf1LDcBggL;f25503acf38b9a20d30bbb4e99875fd4
pBlacher;Tf1LDcBggL;T
Merales;DQ6gE1XKRU;3109d581d4ee82d26525677ef2f93692
pMerales;DQ6gE1XKRU;T
Kensinger;vG4MjLuRYa;71765c559d2a406c9e5a10db8625dbd7
pKensinger;vG4MjLuRYa;T
Popovich;WJvr0CW8O7;27b2fe55785dd13d71bf96d603a6022b
pPopovich;WJvr0CW8O7;T
Koff;FDVgUwLrEi;c30bb8e3b38cb88966b9b956e89457ad
pKoff;FDVgUwLrEi;T
Kriese;fb6eSXGoVz;c9e387de7a276f1725713aa65da531b5
pKriese;fb6eSXGoVz;T
Midden;fgzPZOcZmi;838b2cc350da2ed2c62d160bad77cbfd
pMidden;fgzPZOcZmi;T
Bonilla;0eDeSATtv2;6c63b5192e63aa717cea5e7b136fe5e8
pBonilla;0eDeSATtv2;T
Langgood;4TINB9WQKs;ef10192c817514139abada8fe716b977
pLanggood;4TINB9WQKs;T
Mcpheeters;aB2TpPvazh;eac064f6d8358f3009f71e3cbcf99ac8
pMcpheeters;aB2TpPvazh;T
Marmon;CpuYwuFDIG;2ef38787e1957f4f27bcce2e0d4a0ce0
pMarmon;CpuYwuFDIG;T
Tomerlin;Veb6HB048A;d8ddfadcb718d9c31f0621041346290c
pTomerlin;Veb6HB048A;T
Motton;9h7yBRi16J;ef4607295fb763e0ae80f8065738ae2b
pMotton;9h7yBRi16J;T
Gilliam;YySEAFaXt5;fe1af9284f72339a4acd98ff237b6bbc
pGilliam;YySEAFaXt5;T
Dalpiaz;o5D8ti5jzA;f01ce47a49b461a917434b45a6923b48
pDalpiaz;o5D8ti5jzA;T
Nulph;VuYwmtukOd;5909b1ebce930f4abf067d9f4d2c3894
pNulph;VuYwmtukOd;T
Krulicki;3jTWFMZpv0;305b2077642f889fa29bd33be0962f38
pKrulicki;3jTWFMZpv0;T
Lamirand;beLWFBv5MX;c650e59ec0032fa4b172bfde64d903f7
pLamirand;beLWFBv5MX;T
Saile;xxc6KLlyvu;c36e2d0444508f0e4ff953be8e3967be
pSaile;xxc6KLlyvu;T
Porath;uuCKv6NjuT;8ef7abb9dced839375ba678e584d4a60
pPorath;uuCKv6NjuT;T
Louie;EGjXsW0WT4;0f55daf148dbfd95d4d02f4b3f151f1f
pLouie;EGjXsW0WT4;T
Loia;yu2HTkrQgy;9ef7a18b428e382b61bef6cc951eb6d7
pLoia;yu2HTkrQgy;T
Bula;DM1SkLytVL;a0128515e1bdbe5b8a36f34c62a32beb
pBula;DM1SkLytVL;T
Wirth;G6qldfzjL7;1604e893d06baae665bf5166efaea439
pWirth;G6qldfzjL7;T
Palmer;5ZpmkDyIvm;d16ab17fe54a34f199c15c9e233c34d1
pPalmer;5ZpmkDyIvm;T
Cernohous;3H1qRlonua;cddab443eb71a56de19e893d4a3e54d7
pCernohous;3H1qRlonua;T
Vickey;9gxl2tl6G4;1e0cb91ed373349fde0e3ab7e202194c
pVickey;9gxl2tl6G4;T
Cenci;ZPfXLxtIAX;f84cc108af1670b2efe20a7491b54488
pCenci;ZPfXLxtIAX;T
Guelff;3jTc24EJNM;15227e45f17c21e95c940b3e9956c406
pGuelff;3jTc24EJNM;T
Kubota;JxMxoybpGB;92e1777129a102d12a6bf830be7e8845
pKubota;JxMxoybpGB;T
Kozlowski;FQLOXFQuJY;1e8a21b5c3dd9b989eca91a67bda26c7
pKozlowski;FQLOXFQuJY;T
Weiman;1bVqGWeROG;c865a473cbb7912b1759fa94107188a8
pWeiman;1bVqGWeROG;T
Weberg;D3rjlJrMBT;b925146c08884dcd458224bf6fcffbbe
pWeberg;D3rjlJrMBT;T
Mattioli;wC3UavuSaE;ef332a488ef66b99126ce227718dc3e6
pMattioli;wC3UavuSaE;T
Korby;9ifSZJ94qF;32db1213bb65165a49c6eb61fd135c0b
pKorby;9ifSZJ94qF;T
Thell;yR0bUMDHoQ;227e86b926707764aed362c2f1161911
pThell;yR0bUMDHoQ;T
Rauh;hrV75HVD61;e0f5753eb7ce035b75a8d1258c9dbd06
pRauh;hrV75HVD61;T
Steinbruckner;VrhzjljZiw;8933e0cbafe6c0a339270bfca99ffa5a
pSteinbruckner;VrhzjljZiw;T
Macmurray;yxAmh4dwVR;c2591c89b6593b7166649abf45698208
pMacmurray;yxAmh4dwVR;T
Jordon;5EwuPA22zi;7ddb560899df3432e094730c7825ad8b
pJordon;5EwuPA22zi;T
Kinion;sXh2CBziV2;13ad59c3e44f6fee088402f3cb769bb9
pKinion;sXh2CBziV2;T
Mattox;Jyu66ZuvpM;e9d05b726205ba842a82c2c14c096136
pMattox;Jyu66ZuvpM;T
Camerino;9dMMmlRrKP;c65ef082b6a3c7d825452b21d201abb7
pCamerino;9dMMmlRrKP;T
Salta;53J3liMURM;10bb761399128ccc1c1965c9abbb6197
pSalta;53J3liMURM;T
Zavitz;QU7RJmENE8;1283ff39b43dcf96d2a59e0f894e14ce
pZavitz;QU7RJmENE8;T
Vince;0sKXzGnCUJ;12c99a80bd6e88883e405bbaf073e2f4
pVince;0sKXzGnCUJ;T
Keledjian;SH0qofqQxI;36e937798377c621b480b9b1488be610
pKeledjian;SH0qofqQxI;T
Shirlene;jwQo2VHveO;73f5ff69e44806678438861b62493cbe
pShirlene;jwQo2VHveO;T
Polter;gtTvAHlfcg;5dcc51148eb8ade900cf9e102c63a1fc
pPolter;gtTvAHlfcg;T
Tamm;ZqkymaR9uw;4fcea35a8fc696c09ba3dd5cfbe32794
pTamm;ZqkymaR9uw;T
Mcgrann;0R5XezPjnd;97cd3d46abb8676d0c66896635ffd97b
pMcgrann;0R5XezPjnd;T
Capito;9uBpyhWrtr;5dd3435681db60a1ca19397292b6856a
pCapito;9uBpyhWrtr;T
Liesveld;cf6mXeramT;bb1b56305bc594966276b1e71d87c1a0
pLiesveld;cf6mXeramT;T
Spirer;snyeBQQz4M;2ce81c279a66935d900ef21d6d50d06b
pSpirer;snyeBQQz4M;T
Chudzik;B989qiGAH9;00f94c12fb8307a8b92026077774a703
pChudzik;B989qiGAH9;T
Duris;O3KFQLwfqP;bc0786408184de547ed3270c461b4b89
pDuris;O3KFQLwfqP;T
Pennick;6tEsTY7X9U;c9d49caa3fae55b8b0507334b273ecd5
pPennick;6tEsTY7X9U;T
Levenhagen;D0phOQVoi9;9dc9a179bbec69389ee07dfed9a70ae9
pLevenhagen;D0phOQVoi9;T
Shaver;iF9d23FF4S;96e86a582dff2268bb2679bc2e75ceb2
pShaver;iF9d23FF4S;T
Villa;tscmumDM08;1c0ab1f23beb72de30409b2d9d4d47f4
pVilla;tscmumDM08;T
Charbonneau;QScoYyIJ1X;989c7b18d905fcc8e9051a5ee7b3fb52
pCharbonneau;QScoYyIJ1X;T
Denault;rL4YOLpT16;d315754d90e9d9b32f291a618d320ab4
pDenault;rL4YOLpT16;T
Yett;EWgrCMWXZY;e3987961f7ad00ed09f1bb98872c5840
pYett;EWgrCMWXZY;T
Homeyer;175WvFccZX;d85ce698579daaab52f1f7cebf6287fe
pHomeyer;175WvFccZX;T
Jochum;l2ccj9Jk2e;b3b4f3ae3ba3d2a2ce4e8077cbedc2d3
pJochum;l2ccj9Jk2e;T
Eitniear;1dKFSIoA1D;9c4fa5cd81a93bc1612bbaf910826a56
pEitniear;1dKFSIoA1D;T
Ziebarth;PfJNY7G4DQ;49938abb96bd2451afe9eec151fe3de0
pZiebarth;PfJNY7G4DQ;T
Shire;zgFP8robmB;ebc7281f6a3da90bdd0808d0d73fd302
pShire;zgFP8robmB;T
Grueninger;zjzoT3UQgJ;deda5867ccccfaf29d6579cc66d30168
pGrueninger;zjzoT3UQgJ;T
Soda;6ZXbBlnDMn;e381b8be53b1a4d00c6b93a3ec0b53bf
pSoda;6ZXbBlnDMn;T
Susswein;nb4E0lZyS6;d05e4ed20d023741615e71ad5bbedc35
pSusswein;nb4E0lZyS6;T
Wydler;rcvkiEVAHy;0594d5824f062cb6ffd184637a0b0a81
pWydler;rcvkiEVAHy;T
Stike;IT9QX17j5P;76c06c38f4e2967adf1ba13591868a55
pStike;IT9QX17j5P;T
Cerqueira;MBXckwgBuI;2c66f110758c61582eab9d355e82e38f
pCerqueira;MBXckwgBuI;T
Palacois;LkE6rTy3iH;26d3d74e8e1995857a51e95446a54e84
pPalacois;LkE6rTy3iH;T
Valentina;KvFuV8Bdqp;d24b459d629b88c98540213fce533f7b
pValentina;KvFuV8Bdqp;T
Kula;LvNR8Yd14p;43c4c023861a897a96ede6d8c933f747
pKula;LvNR8Yd14p;T
Hushon;dxGYhH4QDX;e92be60d0cc6ce12931dca74a3cf0285
pHushon;dxGYhH4QDX;T
Wassermann;CORaYNClVt;8c56bdd7a66b417623e438ff6182b1e1
pWassermann;CORaYNClVt;T
Mcglothlin;hbHl2rZUyt;a2d9f0426275bf0786e0fd1cb07a3baa
pMcglothlin;hbHl2rZUyt;T
Pauls;uuTPzkbuvy;fdb695b05083541f76224a023279d33c
pPauls;uuTPzkbuvy;T
Madeleine;ZySHxy6K5d;62db26c614ef14df4ffdc50a062bfe25
pMadeleine;ZySHxy6K5d;T
Poppe;WYZ42Fj9v7;3ae7ea55b0e284b6cf68a59f5bd77eeb
pPoppe;WYZ42Fj9v7;T
Spaeth;V6DCU70Yhi;a7cbbed458ecf17b423e50680a395a52
pSpaeth;V6DCU70Yhi;T
Pelkey;RhtP4nnM1a;0540f4aca0dd33cc5f57648eab79004a
pPelkey;RhtP4nnM1a;T
Noneman;CWWBqAHPOO;2fd1844395a1b4edb932623441366e25
pNoneman;CWWBqAHPOO;T
Reindeau;kyZRxWlRxt;7afadf409d80caea56fe10345872860e
pReindeau;kyZRxWlRxt;T
Dautrich;FHSLJfRnac;761f581731e0eb7433a72ee41db4f184
pDautrich;FHSLJfRnac;T
Lockerman;rJvLViDELk;685952019d41ff7978b5230da8ff71db
pLockerman;rJvLViDELk;T
Liesmann;p1vAgZAhJY;25447d842a53a3a9aefb58f0b36eb890
pLiesmann;p1vAgZAhJY;T
Carlberg;qkPGBkvJLa;fd94fb7f937ca328c51ffb558160467c
pCarlberg;qkPGBkvJLa;T
Patocka;L3QSkgnj3C;55ab16aa3ab41f8163573ef07ce8b026
pPatocka;L3QSkgnj3C;T
Epple;CPKDUsuVcG;4299b05698a2864992616c8a8874f686
pEpple;CPKDUsuVcG;T
Panila;TustFQIsqy;43509d02ec51250cd760080be1226580
pPanila;TustFQIsqy;T
Turlich;rlfaJwfinf;8e99bb4d39960380864076e38fc97176
pTurlich;rlfaJwfinf;T
Cardova;JizOJCmPQF;58b81bda8f4cfc3c7e4b6d6aff7ff5b9
pCardova;JizOJCmPQF;T
Waymon;0ZVHxbs9Jk;5992d09cd3369231aecaccb35f1778cc
pWaymon;0ZVHxbs9Jk;T
Kenngott;2gO7mIdZ0e;32b1df1b9aded3361d0f58eb64c6cd80
pKenngott;2gO7mIdZ0e;T
Sward;nmvHgUlzJ6;5830ebf7fe1cd0b84618f3e8685ce947
pSward;nmvHgUlzJ6;T
Terhorst;QHNdekrK9K;df182cc318610cb02404e1d56c704bc8
pTerhorst;QHNdekrK9K;T
Fedorchak;M3u2CqA4Ij;42309d897f34da1b6e7ac46765b25a3b
pFedorchak;M3u2CqA4Ij;T
Etters;QZFxf6XcDA;3d905a9afe18af709da5e5b762c35918
pEtters;QZFxf6XcDA;T
Paolini;iARDc1ziR2;ff89c15681412e49bc719fc2a6824cee
pPaolini;iARDc1ziR2;T
Gastineau;QTfqvhFx1u;f56cb891bac1b8dbdf870b3f2d98e74b
pGastineau;QTfqvhFx1u;T
Spindel;XtuWoyQFZ7;85579beb681f3811687f24749a81d9e4
pSpindel;XtuWoyQFZ7;T
Swartzmiller;ME9cBzzodc;90f4d1eb4d62407985e528699e05d731
pSwartzmiller;ME9cBzzodc;T
Ciafardoni;QiuUZfmtvR;770137a7d9f2af40d32bade3dcaadb1b
pCiafardoni;QiuUZfmtvR;T
Lewison;TRXoyZWu6L;f12afabea6ab767bc155e4ff60cc0c94
pLewison;TRXoyZWu6L;T
Pesavento;UnXzsI0ypo;d6887d0f938d20b4312fc33bab026b9b
pPesavento;UnXzsI0ypo;T
Johanna;igTaoj5BNU;cc214cef92307769488ce68e1667d08a
pJohanna;igTaoj5BNU;T
Aurelia;EHaFRLpDym;b10c1d8c9154f91297bb06ce19f54860
pAurelia;EHaFRLpDym;T
Kook;mSXqJLv1BJ;584b658c22280a4d87537b1d578e6587
pKook;mSXqJLv1BJ;T
Rosena;04FwELGhyR;51368f49bed9beb43637a1c1c2a4fa51
pRosena;04FwELGhyR;T
Hovick;My08qlY0Lm;f24bfe4b36df3439c55e92ea8ce3ffa5
pHovick;My08qlY0Lm;T
Landen;2eYH8uNjP0;acff676345f136394bf13d952883d136
pLanden;2eYH8uNjP0;T
Wrights;6HR4sA2INV;dff1abfe252fc3b238b5c2efa6288590
pWrights;6HR4sA2INV;T
Herkel;n1CaZQaBLd;f21ab94abf4fe75c04806369586ef59c
pHerkel;n1CaZQaBLd;T
Hardrick;Ct19KUZODF;1f51887444e46639cf101eede75eaa9b
pHardrick;Ct19KUZODF;T
Evonne;jr2EyrdZyt;fa9d63cd8ba7516e609399ee0d317395
pEvonne;jr2EyrdZyt;T
Pumper;m2GxeUeuqo;061bc2dc05c4085ecfd8572e911d7311
pPumper;m2GxeUeuqo;T
Discipio;c9ayXcJqKn;546e7752caf4a53b7fe275ae89657cc1
pDiscipio;c9ayXcJqKn;T
Horgen;r6gu6iCNQP;80b3d7ab54f407c8a1900b22a93ada7e
pHorgen;r6gu6iCNQP;T
Horeth;ioDA63HM8Q;8386e71f6f6f7b9f27d7af3788e82ebd
pHoreth;ioDA63HM8Q;T
Wolanski;vtDSNwMsi9;a950bef9620827328481d4ffe0d74fad
pWolanski;vtDSNwMsi9;T
Buskohl;AASY45mWfT;34231d4fb0ace33973ecea36ca779b3d
pBuskohl;AASY45mWfT;T
Redel;5GiilUlnrV;e4fc40435423906a0ef7abf356bf1792
pRedel;5GiilUlnrV;T
Kreinhagen;Kd0YYV8vmv;f2aa9be40c8c93bdf6d8e6c3f360255d
pKreinhagen;Kd0YYV8vmv;T
Sattler;cRT0RlQdDw;10b56ed5f4ab418eb46bf34eeeea6fb5
pSattler;cRT0RlQdDw;T
Stonier;dcYT1YHzkS;22fc62f4f99a89902d8ed2c340ef2ccc
pStonier;dcYT1YHzkS;T
Husmann;czzLJdMgPR;c5fc4ccbcf9481476c3ddf15fdd4bac9
pHusmann;czzLJdMgPR;T
Christian;KhKcuOaRJc;7109087db4402c8fced1266961384d6e
pChristian;KhKcuOaRJc;T
Mosses;r9NwBo1hZy;5a8a1882aad5ee4e5b793d4b109809ec
pMosses;r9NwBo1hZy;T
Koegler;9tOr9ubcZr;7b9ecc4f6b5b5e60b913b14897d09ddd
pKoegler;9tOr9ubcZr;T
Marinelli;icbztdcTrH;6045b43d9682a3b18472f301129d9a4d
pMarinelli;icbztdcTrH;T
Tsuboi;mu7kVGdrR4;e579549eaa767b89cb39134880f0b2be
pTsuboi;mu7kVGdrR4;T
Lacatena;gRMyU35FAC;8b638bf7818b36d5b54f899ab02237d4
pLacatena;gRMyU35FAC;T
Tilt;ZoKAHhAHUw;d64e7b9ad47d4470fe608b083ef4e24f
pTilt;ZoKAHhAHUw;T
Dillworth;tGkdGwUBUU;360c56ab0685849c284815ea7bc6bf40
pDillworth;tGkdGwUBUU;T
Montan;thcx9M4FcF;d685d8cdc89448d256afddc77407fcc2
pMontan;thcx9M4FcF;T
Pagley;SRSIUOOTRt;cd4077cd41ef0a99f0753cf899988539
pPagley;SRSIUOOTRt;T
Mallinak;PGkBLClBl9;60634baa650a510ad1422b87c10eb076
pMallinak;PGkBLClBl9;T
Parobek;1Umst5YBFl;f4dae850e34ae0eddd3c209b64ff9755
pParobek;1Umst5YBFl;T
Yeadon;Fp90iACLyy;66cf6b32969a8dcc8a99d69bf9a1d106
pYeadon;Fp90iACLyy;T
Eakle;KTtVfXITjb;48683e8bfa86cf1fe3cfc01fa49e59fd
pEakle;KTtVfXITjb;T
Hoehn;8k98hSpnwY;1b6146209aaf6e579a214873ccbb5d51
pHoehn;8k98hSpnwY;T
Mcgiboney;RiJ2cjcpDn;d9ecb3406b51888daf934deee506286e
pMcgiboney;RiJ2cjcpDn;T
Doman;MY2m7uRhCG;b919b394ef1018c11a3ee16f4c2b6d5d
pDoman;MY2m7uRhCG;T
Pickar;TeQOauFhRt;a0d33e994d4814ac9d4826d2b06eec89
pPickar;TeQOauFhRt;T
Mcelfresh;iF1CMe8IDG;18b179c42ec0684922eb37d809943f84
pMcelfresh;iF1CMe8IDG;T
Danille;Xpf44DzWYw;c2760f37aac169f9fbce04461e623cce
pDanille;Xpf44DzWYw;T
Opaka;7zPsQOt7bI;40882493d348758ed96cba9725bff270
pOpaka;7zPsQOt7bI;T
Mohn;qRMo57klh9;2c5236b6c59e4348fc7d7d6d32e5f2d9
pMohn;qRMo57klh9;T
Korpela;R19pP7vOg3;76f566e9d72e08da339880197d2dc606
pKorpela;R19pP7vOg3;T
Fail;nbFWKDdzo9;a3b9f5e30552e73ea0a8939a04cd0ed2
pFail;nbFWKDdzo9;T
Nathan;ATIYub9fau;6904f9eb8369ab3ff4fda8fa35ef97b5
pNathan;ATIYub9fau;T
Yeley;NkSY3FeCo5;6f00278313b72f517f6d1f23785ea0ce
pYeley;NkSY3FeCo5;T
Perrine;Kv2MWaocVU;4bd0c5163e8e4173aeca25f463c7cd3f
pPerrine;Kv2MWaocVU;T
Burri;P7gq9c5YIy;84fedcb05287c982dd9d84281b90ff2e
pBurri;P7gq9c5YIy;T
Shane;NC668lUPtm;92ab10181d45bbf5454f01c05c6d1ab2
pShane;NC668lUPtm;T
Rosebrook;CQrBmlEhcU;c11ce3d2a1f2c352c36383fc3c16f977
pRosebrook;CQrBmlEhcU;T
Grillo;Sa7d74zUnO;005deee23468070990be353d4a2eb62b
pGrillo;Sa7d74zUnO;T
Mundorf;EfD590G0st;b2e7aaac85c31ae58f0ee0a4ce0f34eb
pMundorf;EfD590G0st;T
Inocente;dgX4fJgfFS;4df6686894bd944b5532588ddef3dd98
pInocente;dgX4fJgfFS;T
Bochat;WCVzI7uYeB;c9a5a4ebaf5ac928112d5159cd85745b
pBochat;WCVzI7uYeB;T
Fremon;L1Unq4HRHf;b867bae619acbbae5c78d0dd99377f8d
pFremon;L1Unq4HRHf;T
Stagner;Urql9LYuig;daed416873201b6685e35f18ac0618b0
pStagner;Urql9LYuig;T
Suen;J6CmKvvwjO;2d3909139c3060b8dbf56fe25e2538dc
pSuen;J6CmKvvwjO;T
Cockerhan;6Tv0JJcuOE;ffb55ef562a56b9bb0700d2057260c46
pCockerhan;6Tv0JJcuOE;T
Espina;buWae9mkAY;2d1d0170b7698f491dbb8da847d08c0b
pEspina;buWae9mkAY;T
Leske;2X2y09QO7D;24fb43377c163a408a7b4f1e51fa28b7
pLeske;2X2y09QO7D;T
Likar;yGS0Sgd2Z0;74275b462c8a602686d508e2cfca6419
pLikar;yGS0Sgd2Z0;T
Trytten;gn7bLoEW7D;01863677e3e77e28bfe9e41dadfd0588
pTrytten;gn7bLoEW7D;T
Gommer;lpRyoo86Af;ed5aa5d7ae59fe704c566465dfe122a0
pGommer;lpRyoo86Af;T
Rizor;d6NUbgT1DJ;e191c2af44f608be4262de29ee0c35d6
pRizor;d6NUbgT1DJ;T
Coples;AYlyIYgWlI;be4833f4508feebc057ff8fa3fb6038d
pCoples;AYlyIYgWlI;T
Found;9j6U0lGxBx;21c3214bd32973ee49f6cc894ebf14cc
pFound;9j6U0lGxBx;T
Bownds;mIB4x0bg5P;d6605e019e89f6b701704a5613cee506
pBownds;mIB4x0bg5P;T
Jaeger;qwaUoraHId;be88cc29a4eeee643a62f469f3b50cae
pJaeger;qwaUoraHId;T
Fleitman;IAuCpiEy4N;c8d71aec3305506dfc4fa3db0ed45f15
pFleitman;IAuCpiEy4N;T
Fieser;fys2a5PRX5;bccd16cb06235e094ab634971c428b38
pFieser;fys2a5PRX5;T
Podeszwa;nHBiWM95LK;82d35281ac879970f4304e212b617dea
pPodeszwa;nHBiWM95LK;T
Candi;b5s635r1cE;0ea07566ef06bdb214aca2193861c051
pCandi;b5s635r1cE;T
Griggers;oElf5kr2I2;5214794de3f20d12ebb4f5e6187c283c
pGriggers;oElf5kr2I2;T
Dobson;5jT0KwACcz;a9e4169e9e79e0bcc0caa54f3e7231ee
pDobson;5jT0KwACcz;T
Linnemann;Eeja6YtG0c;d2bacd45b7fb4fe579a5b6d052963edc
pLinnemann;Eeja6YtG0c;T
Dobiesz;s1wDRIqoLM;008f8ae9743c1487e1d52a10fcc6cc2f
pDobiesz;s1wDRIqoLM;T
Coursey;vKrpxYRpdf;0091f40c9fad9f6754377a4cc8e1f49f
pCoursey;vKrpxYRpdf;T
Hansley;76Ljc0Ffxx;7ff2884538c89c4943f198b8534d2d89
pHansley;76Ljc0Ffxx;T
Thierman;KMGiB7vRrO;6855dfd6d9536c3df3dbdf40799b72e4
pThierman;KMGiB7vRrO;T
Rinebarger;yibLt9C1fX;ade27c3fbcbbc014d8b1f04c22353e12
pRinebarger;yibLt9C1fX;T
Fansler;cwd5wHaym3;b0809afcaa643c7a2f25b1ad88f60db2
pFansler;cwd5wHaym3;T
Pendelton;1AveYRLqoE;46705043c50d78fe26e7adccec6e3cb0
pPendelton;1AveYRLqoE;T
Naito;7g4tugeVAl;a6f06267c68c9414992ca5dea69a6215
pNaito;7g4tugeVAl;T
Ritzman;AzJHhC2uzx;4e939184f787bab674e94b55e89be374
pRitzman;AzJHhC2uzx;T
Revolorio;7aDejOGkaS;1566a385d9b9b90091639a7f50359cf9
pRevolorio;7aDejOGkaS;T
Skowron;Av4g9NgeFA;4e75cf9d9bc6730ab41f64f9a282f567
pSkowron;Av4g9NgeFA;T
Mcbath;uXkM6Ttsaf;97d837e6555f0d90f79f6da8b3d5fa29
pMcbath;uXkM6Ttsaf;T
Giller;p13AbkWHlR;7571df32fb30e145678449e659c9a699
pGiller;p13AbkWHlR;T
Brundige;YhV9aFLYhV;ffd8d18ad2d917384dd6dafe21e4195d
pBrundige;YhV9aFLYhV;T
Meas;UmIVNI5PHn;b0f1d9b8bc8c83440f074afc7742d5f9
pMeas;UmIVNI5PHn;T
Dusty;18649lMLrq;03ac41494a0e52aca59b8b61da870c5a
pDusty;18649lMLrq;T
Overdorf;hELCFfoQmf;15c203c47ff7c965a7f6b6bd15836fc5
pOverdorf;hELCFfoQmf;T
Hession;4rsIZkoQ9S;37c7ba616d7c4b852220129772eda4bd
pHession;4rsIZkoQ9S;T
Campainha;YA9ESFhMqG;49d12e397d97066bf85658f030d2068d
pCampainha;YA9ESFhMqG;T
Carlstrom;nN79w3dr61;e9eaac6c3d947c35e61206a022c9e836
pCarlstrom;nN79w3dr61;T
Alexis;pntfNbqJaV;caae1d12a6a73fee3ed16b0aa5be3b23
pAlexis;pntfNbqJaV;T
Havens;hi8wKFBcB9;ba60df376628140a8b34112adc1896fe
pHavens;hi8wKFBcB9;T
Ganey;xXwG8AwfwD;949c270a1ab37aad35193e2d97b35817
pGaney;xXwG8AwfwD;T
Derousse;SolMZ3dFGA;071754b2afe7f19898f87bc2cc887385
pDerousse;SolMZ3dFGA;T
Raychard;lCXguLFvqw;4fe9ec5b1e29722971806972742701b8
pRaychard;lCXguLFvqw;T
Hollywood;toShE9NtEz;108536cd86b775d9f61a44ce1cc5f697
pHollywood;toShE9NtEz;T
Matteo;1kgBTIxuj2;1547f24cf34651fb13aa07d93e2c2e09
pMatteo;1kgBTIxuj2;T
Liska;CUZXfxltgq;adf0859cff09a569598ef0a8c882ca8b
pLiska;CUZXfxltgq;T
Santo;GSsSN5IQbs;3d662d3a50ee9c13bdb8b72e321420c3
pSanto;GSsSN5IQbs;T
Duarte;eqEKlQ2UHB;b59956ac39a216a133a1f54d11f4bb03
pDuarte;eqEKlQ2UHB;T
Rabon;UtN8oV6f2X;f003bf81c79c092d65799d248c51afd5
pRabon;UtN8oV6f2X;T
Thay;spyXYk2OCM;2ef69ebea1557960ed292b988b0ec3da
pThay;spyXYk2OCM;T
Moskau;SNaVAYWzX9;d5ee48930b0b67a47c1f6bb17323c078
pMoskau;SNaVAYWzX9;T
Hvizdos;EsoHXplRVH;6ebc6b7cd434afae5c8fda2f68d3b4e0
pHvizdos;EsoHXplRVH;T
Mottillo;ES9DixpWcj;b5c8a4a363893a5b0fadacec011a5796
pMottillo;ES9DixpWcj;T
Tresa;UzGlKeMRJf;23f8529d74ff9fb808cf3617cb7d7e04
pTresa;UzGlKeMRJf;T
Mclees;DpSIBPEeiw;defbf3c7532e8aeb1b07226d9641c269
pMclees;DpSIBPEeiw;T
Moskovitz;XrA1JYn6l2;01e86575126dd79dc8f221e0b96ecdd1
pMoskovitz;XrA1JYn6l2;T
Claycomb;kCeVP39r1F;aa6499114b425e5ded7bc00449b2373f
pClaycomb;kCeVP39r1F;T
Curington;RHfwuSITRM;8a594805c31cd598f1bafe268b26b134
pCurington;RHfwuSITRM;T
Mowell;OZ2TeiofZ2;5cf9a8afe0537585ce8d25746a54a28c
pMowell;OZ2TeiofZ2;T
Denno;WS0bv7iqUL;ca92d7d4084d75a95aa5799806766a08
pDenno;WS0bv7iqUL;T
Pella;WQDtRRI95N;9954bdaf39021c2ba164ca7cac80e90a
pPella;WQDtRRI95N;T
Spiegle;ngGOAYzPmN;61e35de5dab1b838a235957714f49059
pSpiegle;ngGOAYzPmN;T
Hodd;sp1hBfMnRp;7b589a8c638b47611da0fcbef17076ee
pHodd;sp1hBfMnRp;T
Eulalia;hXVhLbJgYa;4cdfd609ed33fefe008305aa3e4019e7
pEulalia;hXVhLbJgYa;T
Rosenburg;xXOz78aq2t;5b9af544d1c2617caddd110077294808
pRosenburg;xXOz78aq2t;T
Tagata;3JLleEAq3U;a48affb1b59f51ac6a9b9d8530e5ee66
pTagata;3JLleEAq3U;T
Bruff;sobrKaY2KI;ef1d7673916993f348e64ac3fc047d46
pBruff;sobrKaY2KI;T
Gryder;WCs9VQwcLv;b09c079ca2d8c4b9b9760d48aab35ff7
pGryder;WCs9VQwcLv;T
Peschel;Gtp6Rcgyxa;5da432ed1af27f5edc77ec88fc882b12
pPeschel;Gtp6Rcgyxa;T
Tousignant;xrnl6Decrl;9f901b8cceee06f030a187fc5f23add4
pTousignant;xrnl6Decrl;T
Waddups;E9zKNrqf1o;b6ee5da69caf1fd27c423f9432010c3a
pWaddups;E9zKNrqf1o;T
Daghita;7XEkiNnOET;e1dbac6119da7dbe098f035253a71152
pDaghita;7XEkiNnOET;T
Renate;l6Og8b0U4b;6265b3979e9aea51c382684a34a66ff2
pRenate;l6Og8b0U4b;T
Chantay;taDsL7020y;2eb0b701a5f6c53cf344635a0ca0eafe
pChantay;taDsL7020y;T
Leleux;bJBQJCLgYQ;e65a1ca7ee106d6c35852be9b63c630a
pLeleux;bJBQJCLgYQ;T
Tota;a7VYdNgWAt;047ea6758562321fac3a52b30b66ef1b
pTota;a7VYdNgWAt;T
Ekholm;pLBL01DJDj;e821b870109a26d98b4fdeeda3453577
pEkholm;pLBL01DJDj;T
Bolch;V9MbKsDwiz;8e6e7416a0d76c887e8ae54916d9cc8c
pBolch;V9MbKsDwiz;T
Nicolo;kweYk67lUy;b1bb02c7ad796d4d31a7216ade549dcc
pNicolo;kweYk67lUy;T
Carlough;XZ0Dk6DG2v;1353450c1da6109f9ccbb22d8fd74899
pCarlough;XZ0Dk6DG2v;T
Broschinsky;Aei29mPayI;d79bb649aba166d812371f3f35f5e523
pBroschinsky;Aei29mPayI;T
Jadin;v0uen8GXiT;7b61d4cfef7336df65c43c1d8fea636e
pJadin;v0uen8GXiT;T
Robante;eV7oJxA5oW;f10d882da088050c75485f74bb8efaa5
pRobante;eV7oJxA5oW;T
Parslow;S9tJQFFUdy;1dba8d39e81e68ea79d787a9936b5d8c
pParslow;S9tJQFFUdy;T
Hamdn;dr4J2BWMpu;83299bff2e870a0215ae8f5b52a9bfdd
pHamdn;dr4J2BWMpu;T
Bourdon;V8BGb5fYHC;7f2aee32e52d5681447cf33d3cbed0d9
pBourdon;V8BGb5fYHC;T
Phegley;bbAcZjDuHL;35d448252ed7a2fdf05b8a334bd9a2bf
pPhegley;bbAcZjDuHL;T
Failor;j31K0Uqzcq;61486d5106afb1c3cb3c52dd814a5fbc
pFailor;j31K0Uqzcq;T
Vantil;zCrairepH3;4223d8a5178349cf0ff5eba50bc4bcf9
pVantil;zCrairepH3;T
Holter;7bpDRtvxy2;96df1c68f8f6f79ce159a502a107c362
pHolter;7bpDRtvxy2;T
Vejar;zbpfeyj98g;24ab85c6f96a5e887a1c48f75933346e
pVejar;zbpfeyj98g;T
Franson;AHsqyQB3on;e4f09e6f4f96e13bc4005ee82280c930
pFranson;AHsqyQB3on;T
Bernhard;X7JZ0F5hos;aa955db2ced86ab2dad9f89e35751413
pBernhard;X7JZ0F5hos;T
Lich;8hd4OFMsM8;623db1336d7c7b00929b3c58353f2ee6
pLich;8hd4OFMsM8;T
Sharpe;zBczpd9rKx;f9de7eb248b056d5f75424090a004cc5
pSharpe;zBczpd9rKx;T
Dredge;OZewJkcbw9;14dafb1111629107b376c7108afdecf4
pDredge;OZewJkcbw9;T
Johnstonbaugh;U1leRtil4l;52624c261669627c5d6a9c906ab1db5d
pJohnstonbaugh;U1leRtil4l;T
Gant;GaykuvaWmI;be6063e8b8b65a38a062f3b71fcacf03
pGant;GaykuvaWmI;T
Juel;1GZGUjgFtY;946863cc0e092c8d450bce426299c8b7
pJuel;1GZGUjgFtY;T
Darren;nkl8iSaxfh;0ce468965734308de6d60152c56d18d5
pDarren;nkl8iSaxfh;T
Jillian;Syw3Mns8Bm;4e52832463c3955cd8879f4b006ada70
pJillian;Syw3Mns8Bm;T
Rovinsky;ClYCTYlXCE;d15d98f1f8b259970cf28e9b73c5f5d4
pRovinsky;ClYCTYlXCE;T
Cusworth;eTtZ0Abl9k;c86eb4140e4a3a65f4fc3b5b702a116e
pCusworth;eTtZ0Abl9k;T
Saracco;9KsUxReLSP;77ea986c8a20da281946c1f0d437c7bb
pSaracco;9KsUxReLSP;T
Capan;MIUULqNZZo;b54056f38b685951bf9c78101e1bf50e
pCapan;MIUULqNZZo;T
Longenecker;TfiE3h1lX1;17f81186622abf93062c32502e0f52a1
pLongenecker;TfiE3h1lX1;T
Old;mi1Y1qf2gQ;cb2264a9dc15f67cbbb21c4deb85ff52
pOld;mi1Y1qf2gQ;T
Spruiell;iQpBs0FJ1B;97c4623c87aa7f1a3f7a2e63a2630c72
pSpruiell;iQpBs0FJ1B;T
Freymuth;lVotYR2xYL;3cb4b706f5804d0e5b2cc5251f8df914
pFreymuth;lVotYR2xYL;T
Waneta;SgFx48SMLO;f2ab3e38e86e69a574117c1013ed041a
pWaneta;SgFx48SMLO;T
Tortu;MbK5RMKiVV;fae6e2e0ea46f9dff4e3689cd5c4eb49
pTortu;MbK5RMKiVV;T
Ginther;N2yyIC8RY4;f1837adc9a0633cdce834f9605ce88fc
pGinther;N2yyIC8RY4;T
Loaiza;YgcfJ2vV60;50f28cf837dad273f8220c226315a939
pLoaiza;YgcfJ2vV60;T
Elva;5N818Wkw9t;1d550ee667f9e324294ab361dc077e5c
pElva;5N818Wkw9t;T
Kackley;VtN356XTLP;1dc510085c91096418549dcc27883747
pKackley;VtN356XTLP;T
Juniel;TxL60ewfMl;887c65df8a7dd17d5c1d3bc1318433c6
pJuniel;TxL60ewfMl;T
Guzzio;oPfCaie958;92a2093aca9618f5b08133b521d081ae
pGuzzio;oPfCaie958;T
Somerset;QmfBeaAVkB;49b6e112147d3b7da27256030c707bce
pSomerset;QmfBeaAVkB;T
Gasior;JctNYWwec7;1db634b0f79196436b55120bf92673d9
pGasior;JctNYWwec7;T
Dziadek;2kzEjJj6kb;52dcfeb80a38fc12d51f2b5e6c26dfe6
pDziadek;2kzEjJj6kb;T
Eveline;DzNASge1DZ;8043901272930bd521f3e37d1c26a539
pEveline;DzNASge1DZ;T
Crapser;nNrZvmtZJM;e0e154e80c55d5620f9aed578b49c6e4
pCrapser;nNrZvmtZJM;T
Wenzel;61n5tbLlrP;4c1a7625710a9f77565950399ecad4dc
pWenzel;61n5tbLlrP;T
Donar;8pUlE4yJ01;13b29d88df1b8e7a6ed10e91753915a3
pDonar;8pUlE4yJ01;T
Coykendall;PdJSjlWtgE;6c3d0e3effd86aa541704fff09ef7af2
pCoykendall;PdJSjlWtgE;T
Sonkin;ttfBarssAg;0b64577d1d3fc979e36bd12085dccbd3
pSonkin;ttfBarssAg;T
Dutchover;13MjX1DSMq;0c3b09ab002c3b00c60ee86cf4c94110
pDutchover;13MjX1DSMq;T
Mazzarella;KkhXDTLrFi;a9b4d3f5c5bff42c501cbe5fecef0233
pMazzarella;KkhXDTLrFi;T
Robinault;qKwnPCCP1j;d5747577a7e47ce473c10939213a63f7
pRobinault;qKwnPCCP1j;T
Torgrimson;7xJSK5fU9R;b1e058d85c92fe0b55bec15bfbc3d514
pTorgrimson;7xJSK5fU9R;T
Vea;luFUUXkcXy;fb6b8f9916b11cfc65653e4f74bb76bb
pVea;luFUUXkcXy;T
Henschke;BDhoaNJvt0;6cf2e7e1bf538a8f4098e72576e76034
pHenschke;BDhoaNJvt0;T
Rodda;PaO5Jmh0Gq;10756d96e97aa249aedb2bde5a14a03e
pRodda;PaO5Jmh0Gq;T
Parliman;lURQAYUtzx;fdd66e837b87840285e94adc34adabcc
pParliman;lURQAYUtzx;T
Casandra;LyHKpdDZMI;adca0bec1248e5cbf93d7addaee7c443
pCasandra;LyHKpdDZMI;T
Calamari;10Lp3mYGw5;95d508649e9f97353a12f3b6c8ec4980
pCalamari;10Lp3mYGw5;T
Goger;aOr1Fjx8bD;60bb4a3af48ddd99205bcb009e5c1ec5
pGoger;aOr1Fjx8bD;T
Cope;9y6QdjLgtL;eeef7c21b31cb9b798c38413dcad88ca
pCope;9y6QdjLgtL;T
Rookwood;Wehcz3UFfg;308938a5288d7ccd0cb62dbeb75d8f08
pRookwood;Wehcz3UFfg;T
Milderberger;kWoH8iREpQ;e827069165606c98dbd32f3c31605997
pMilderberger;kWoH8iREpQ;T
Yancey;cQrmDAlcLU;c3f080edeaf7095eb71a633760817dd1
pYancey;cQrmDAlcLU;T
Santulli;rTmTc7PLYu;cef4389565772b76f14e6ae0982f1198
pSantulli;rTmTc7PLYu;T
Brodnicki;KlHww7vQFw;ae1382a49cd0fa79f5730de501ef8e3c
pBrodnicki;KlHww7vQFw;T
Groupe;hqmjjy6Pt7;fe7d9c3b8da565cdef0d9235f9fb2cb6
pGroupe;hqmjjy6Pt7;T
Hibbler;JBT0viokSs;c0d352d61f661c6cd516a14c8c0becbf
pHibbler;JBT0viokSs;T
Willitzer;TTt8OPxjJk;ba3692cf89b6e9484aa62476925e08f5
pWillitzer;TTt8OPxjJk;T
Filippello;1liZwwv1RT;3e008d3c65a9d1f47cd483036e5203d4
pFilippello;1liZwwv1RT;T
Menjivar;jKRMf3YsjV;cc0d7cc4f3ad07a493f0c6c8ab20d534
pMenjivar;jKRMf3YsjV;T
Ike;aPc9c3cTPI;0feebf1753bbb041c521d2a4b20dbbeb
pIke;aPc9c3cTPI;T
Lachappelle;w4W7J24XQZ;e0475ef5533067458ea004975ac67887
pLachappelle;w4W7J24XQZ;T
Roupe;sozBFKs22R;71076f7ed4e06be7ca4c8f31b82b665a
pRoupe;sozBFKs22R;T
Touhy;n0u3dMVpb9;3c2de2d7a3de347716d31c4820e61124
pTouhy;n0u3dMVpb9;T
Maassen;PDE8xV9RbM;2090a797aa4fe70456982384f64ea7ef
pMaassen;PDE8xV9RbM;T
Ellena;UIYb1IJBiN;76a28caad22b447d172b2beb90576830
pEllena;UIYb1IJBiN;T
Chvilicek;34PpBmAkzq;3d2c6335ba3e73175238699ce49b1c81
pChvilicek;34PpBmAkzq;T
Burkey;zsBoETVwzt;1148305f175680b1b802de3bcd9a7798
pBurkey;zsBoETVwzt;T
Gonzaliz;TA1KUN7vQ3;13d2a0e65ecb009f7947f5b431a7159a
pGonzaliz;TA1KUN7vQ3;T
Pfeuffer;sXn6kv260g;b06f1f4adaba58a29fc6ffb01b92bbf9
pPfeuffer;sXn6kv260g;T
Pernin;lqBkX6Q2x7;f3f995b4cc5471dc9cc1fd7e369d6af0
pPernin;lqBkX6Q2x7;T
Stephco;QlkWUCpNKK;331674f2873ee2e9f1ac6c74d5873926
pStephco;QlkWUCpNKK;T
Gilda;oUIJP7zT2E;96d562d062dd30fb2a076e1d06157fc8
pGilda;oUIJP7zT2E;T
Kapelke;e5bDBekv9z;c86cafc4ddeb80c7ddcd3325d2cb5973
pKapelke;e5bDBekv9z;T
Jadlowiec;S9qN0oXUCo;d959f25e6ba5c8bcb46226e621dcd481
pJadlowiec;S9qN0oXUCo;T
Sabir;O2DCcfKVR1;1b662e0f39d4ee3b165d8f93d2e023ac
pSabir;O2DCcfKVR1;T
Rieley;qRnIPZPsrx;b03b0d22d47faebce24f1dce4f5c109f
pRieley;qRnIPZPsrx;T
Ruddle;PG0wEuF6Yh;2750a073dbd5bf39ae1d46434d26f371
pRuddle;PG0wEuF6Yh;T
Prisco;NqqroHeriM;828eb795270d7a7d039fbf290b60e107
pPrisco;NqqroHeriM;T
Whitrock;4MwMm2gU3W;9059a9001716e322cc6f2ca91197152d
pWhitrock;4MwMm2gU3W;T
Tat;NQQAhnUKI5;e9eb2268a2821c640a23cd91ef7494fe
pTat;NQQAhnUKI5;T
Diefenbach;tBJwRxSCLc;9629f66d64b114158fee5a058cad8719
pDiefenbach;tBJwRxSCLc;T
Chavarria;5A1Ry3fiLy;b8b335960f19a590d6a8473055e1a701
pChavarria;5A1Ry3fiLy;T
Mcsween;LMhHWMRe5z;fb7beecc2c1a4350c1b76e4902b4518e
pMcsween;LMhHWMRe5z;T
Renaker;3vaZTPYvRM;6b7cd9a19912d499a7faa71715e2ae12
pRenaker;3vaZTPYvRM;T
Giuliano;KErAcCy5CJ;aaed26af619b1cded62609c3a909dce2
pGiuliano;KErAcCy5CJ;T
Roell;1V71z1Ik5I;de842bf39f3afaaf4e529b83109f0760
pRoell;1V71z1Ik5I;T
Helker;PSqTW3uPZE;4e0d7cbee2bce9524ebb748eac1665ee
pHelker;PSqTW3uPZE;T
Runquist;yJS1Ugm21r;dc218d07847682752c143565f871727e
pRunquist;yJS1Ugm21r;T
Smutzler;uZVHyskW3k;378fe01412a8710039210c4b2db1b2f8
pSmutzler;uZVHyskW3k;T
Raleigh;QxiJUEVRrI;ee2a11752b38097ed52502555d40d86c
pRaleigh;QxiJUEVRrI;T
Star;wEJrrX68Rw;e6b5e5aa9dd60520077a6069fd11ce92
pStar;wEJrrX68Rw;T
Garling;0A70Xhh2ys;de21352c34bc512b0c1e77ae8c457d73
pGarling;0A70Xhh2ys;T
Georgl;S76VqXFoFW;a1553dd21e71185318c9988725b1da13
pGeorgl;S76VqXFoFW;T
Loban;LCufnLma0y;aa7ce7aef1519f9be7cc47e5a97fb804
pLoban;LCufnLma0y;T
Monico;SdCX2S694O;adb2433b691a5c6dc321d5b60da2165d
pMonico;SdCX2S694O;T
Grippi;BzTGHGbsrc;31e0141d41191de6c2b1e4315e76ce24
pGrippi;BzTGHGbsrc;T
Mclennan;KMsFtfIJNW;4544854cd8e7c4555aa6cb099fb1c9a3
pMclennan;KMsFtfIJNW;T
Liebenow;AoFLlZTGtY;1b6fcef35550a623e67376ec8e02542e
pLiebenow;AoFLlZTGtY;T
Medus;Sc6ipTupGI;eba6fb195bf0b261e024e3c323bdb024
pMedus;Sc6ipTupGI;T
Schwinghammer;CxAH1Wiajn;256d829389b38765e215155924cb0988
pSchwinghammer;CxAH1Wiajn;T
Christmann;hUphGik2aC;1baabe74b766e4a4c56f0d149f66d78c
pChristmann;hUphGik2aC;T
Wilemon;WGMYKgYUst;faa22f0ba21d0dc3a0683b3e0e1a873e
pWilemon;WGMYKgYUst;T
Kratzke;c5lrbrzBdc;81aeb758aee69ed5f0795fc5e9397ce2
pKratzke;c5lrbrzBdc;T
Keno;HJOzWPRGB9;c99bfe58224cb78589d1175a93dd2427
pKeno;HJOzWPRGB9;T
Trevett;DBG7WXreIT;f3be3671cee1117df4fe87086cc44ae2
pTrevett;DBG7WXreIT;T
Sek;QKW04rrQjo;5f71c4d18075b89c3696afe73840d402
pSek;QKW04rrQjo;T
Mcfarlane;zHlYem3GI4;2d4c15ab319f098c5b15d968fd5457b9
pMcfarlane;zHlYem3GI4;T
Eichstedt;djosHlaJ74;01436346ace84ef593c475daa0c0823d
pEichstedt;djosHlaJ74;T
Henning;QkKUX5x7WS;02a2c789e302a394c8f13cca93aa19c4
pHenning;QkKUX5x7WS;T
Mccaffrey;Lqll1nVwUI;7699310450f8261495223ade606ca9b9
pMccaffrey;Lqll1nVwUI;T
Regalbuto;0WdW9ihEpF;53a7121c96872caf9d110b6af038a6e4
pRegalbuto;0WdW9ihEpF;T
Stade;vM7hznNMMT;987fdca4cbc989f765380ca0acde3f27
pStade;vM7hznNMMT;T
Karraker;bcr1eaLZuv;46a786483f262bf20f0d7c7b3739cd1c
pKarraker;bcr1eaLZuv;T
Spaniel;5kuaai3IO9;b5d97c66249a4aa21e08c077c669b2ae
pSpaniel;5kuaai3IO9;T
Potvin;IH68MYVJdA;a272a89abe4ad02551608d6199faf20b
pPotvin;IH68MYVJdA;T
Opteyndt;7QyKSH4uQ4;11a7939ee7bd77c9081fa185de458d72
pOpteyndt;7QyKSH4uQ4;T
Malanado;c6x9OQxonk;1d6bfb4f58350bb44d6dae2287983a69
pMalanado;c6x9OQxonk;T
Shantay;8MibV3ohPg;01f13cd0a52526f321cb567c85ae4b15
pShantay;8MibV3ohPg;T
Decristofaro;FKOCQN245C;33ae1893c416beca5646bd4ac30cb9f8
pDecristofaro;FKOCQN245C;T
Binger;DguFz9YEVF;b310ea90b9a11400c7ae42d5055ae8c9
pBinger;DguFz9YEVF;T
Cherelle;F98f2OkRaq;27d91ccc8c2414d34ecdfe352ccf4224
pCherelle;F98f2OkRaq;T
Ouk;0vUzidfJJ2;3da322990594470f2155032313eccbd0
pOuk;0vUzidfJJ2;T
Tondre;NcmeTI0C2R;d4190a6a7a9c407e5c282281edc2a32c
pTondre;NcmeTI0C2R;T
Grad;ucJp36Ikca;4ceeb4eafdc44132bf24e0b0c1e3641c
pGrad;ucJp36Ikca;T
Stribley;oxPJIHSlR3;3ca426fe2c1d8dafd287146fec4b8289
pStribley;oxPJIHSlR3;T
Breeze;QFLwy1NkkJ;dfa454dc13f968d4aba5b5849fc646db
pBreeze;QFLwy1NkkJ;T
Kertzman;cR3n4UVpro;13e47deab63841044ba7434d3dc73e09
pKertzman;cR3n4UVpro;T
Karn;ykmO4Uqe15;59d457c14a4b4222aa7e0de9241f9065
pKarn;ykmO4Uqe15;T
Stommes;XRQLd5bl3t;44c6b2b88e0caad09bb440f772660c59
pStommes;XRQLd5bl3t;T
Carela;CaETRDOd7E;5639e671ff6d3640eed1cb14cc439198
pCarela;CaETRDOd7E;T
Jinks;rOgeh191pP;09980b0b9442cf60cf7c671b771ba958
pJinks;rOgeh191pP;T
Wernli;DdXgsCX2Jn;0af45edefb84269b9a3313cd9f70db67
pWernli;DdXgsCX2Jn;T
Spece;JAXpA7dIQR;8fa97b6daa624af99458e2044c40d411
pSpece;JAXpA7dIQR;T
Rudicil;RmhqTPN5fp;b78ca01f1c5b12647a2ae3d16b8327fd
pRudicil;RmhqTPN5fp;T
Lauridsen;hpPcWglqbH;ddd466a2efb5abe3eda9c6c389204468
pLauridsen;hpPcWglqbH;T
Cashdollar;HmnrvTVYxS;e6ee7300ea56716559195b8403720c39
pCashdollar;HmnrvTVYxS;T
Breihan;7CnwRdCHgY;a2800980d635808e80c4062435aacaf4
pBreihan;7CnwRdCHgY;T
Salerno;6MgDq4nQ1W;9442f97c4843783ff6a6ad597cac09f2
pSalerno;6MgDq4nQ1W;T
Ferber;LyTVcsFHJj;eb3a6d669accf1606690bd8d0bbceb98
pFerber;LyTVcsFHJj;T
Martinat;mqP0UhEzGl;45061b77800303aa95d078fd7076d5ff
pMartinat;mqP0UhEzGl;T
Paonessa;GN3iHGEgib;7f91557534319be65fcd5ae5300f3ed7
pPaonessa;GN3iHGEgib;T
Kubacki;RoNZhqC5Ha;c56a3ae08995da166ba5c07e340492a9
pKubacki;RoNZhqC5Ha;T
Manteuffel;bZKD4kTSvi;afbcdc9406e8c18dead2294636611bcc
pManteuffel;bZKD4kTSvi;T
Laurion;xUO7iCJ5gV;e8c3ff283caae9fa60afe2557e1bf1bc
pLaurion;xUO7iCJ5gV;T
Stratman;UZx4rQLjsN;7ce5e2a50e5cb828689d5250e8741717
pStratman;UZx4rQLjsN;T
Wengreen;hRSwL53uMp;88a2223b18bdcc2cb0ba833bbaa8b7bd
pWengreen;hRSwL53uMp;T
Marva;csPfk3yg6q;75c29ed83c5defad6c4899623d5a7f7a
pMarva;csPfk3yg6q;T
Watkinson;6sVeVKk9Rk;63e8341755431b6351af6104a9e95c9a
pWatkinson;6sVeVKk9Rk;T
Schuppenhauer;0KuC1d8OH3;715318794464590ee7f08fd98690ba6d
pSchuppenhauer;0KuC1d8OH3;T
Welde;uJqTEUxLCf;5971d3d99e726b493362c32eabff7d21
pWelde;uJqTEUxLCf;T
Soohoo;MbAo5tpAdu;b928df6f751a7401461a8de0b164b289
pSoohoo;MbAo5tpAdu;T
Hilling;i9PrVVK3vL;162ca455f2ac2e11592f187c1392d8cf
pHilling;i9PrVVK3vL;T
Antony;zvYQeIbmye;40f4a2a55e835fba52415a96d3f0382b
pAntony;zvYQeIbmye;T
Gravelle;A3RixOMoly;46d4781c3c5e1eeb0bc2ac75649ddc60
pGravelle;A3RixOMoly;T
Geng;1iP90krwVC;7038a68ee08f02f2988addd038ce8d56
pGeng;1iP90krwVC;T
Ribron;zyBLgQX1ye;41a79aea7f23964c9a6217da2070bfd4
pRibron;zyBLgQX1ye;T
Sibbald;pgCG5P2eWO;9931048364ed8c5d61c361fdac64aeb9
pSibbald;pgCG5P2eWO;T
Shells;6TdsJjCwbo;d818194975f3e36f0c2f92642dde0c63
pShells;6TdsJjCwbo;T
Sakkas;a8uedoOlFV;d2a63bbf42f93c6da444686a6b34b594
pSakkas;a8uedoOlFV;T
Schlossberg;skY767OUc0;efcf92cb9e0c90ce654e55c90982b1fd
pSchlossberg;skY767OUc0;T
Ruocco;cBVJTaBgRY;edc3cc80b52bb81816de12050d1ad1e3
pRuocco;cBVJTaBgRY;T
Fitz;Mq93Self39;9d392bd75ce744fdeb9f71c97f1fa45a
pFitz;Mq93Self39;T
Griffeth;prZ9HRnpH4;9f7c187b6f95933a6cd9a6641c56cd91
pGriffeth;prZ9HRnpH4;T
Gruenewald;Cgu7g52CtY;652381762784b6fe36614af06ca50ac9
pGruenewald;Cgu7g52CtY;T
Whitbeck;9hDS13cTLD;af6ab55091e4324cb2178864f57e2336
pWhitbeck;9hDS13cTLD;T
Kopczynski;jzbsZr9UF6;2995f194ebddeb48a08cb5474aac7b41
pKopczynski;jzbsZr9UF6;T
Deleone;bESaLTfepn;e2cf704e4a99db0e8333f0b864ffa5db
pDeleone;bESaLTfepn;T
Schutjer;m9UVFeGPgz;917fde186e73c0101f5609b726df2670
pSchutjer;m9UVFeGPgz;T
Tabora;UTRCDiYM8f;0eedd8ad530c7719b98d3a3110ea4d20
pTabora;UTRCDiYM8f;T
Loehr;W2hhDI5xpi;5db391cd80a0316dfa2ccb96fc70b86f
pLoehr;W2hhDI5xpi;T
Sproul;mZ2QAONjwe;a5d6edf4f9aae6b681af1134acdb5af2
pSproul;mZ2QAONjwe;T
Hunte;vJSTL5fsvv;d1ccb0337a8b388c45c1629e7b2febe7
pHunte;vJSTL5fsvv;T
Urton;j0Ow7l2yAT;ae49938ddac0bea60695723506694bc2
pUrton;j0Ow7l2yAT;T
Mohamed;c9zRctV1tP;1ba9340485eae248a42cb6ea977ff9dd
pMohamed;c9zRctV1tP;T
Buhmann;yuf0UzSwya;419194b7fc608463af24b067adf1b04c
pBuhmann;yuf0UzSwya;T
Herrboldt;1g6LDgnpNg;46578690f8b0247c725874a7db4b8bbf
pHerrboldt;1g6LDgnpNg;T
Panebianco;8Wgkp9Fem1;a03a5cfd595e92221874e72adffcf33f
pPanebianco;8Wgkp9Fem1;T
Waletzko;zUsRNUZi5y;31015b38fb745012a961e979cad34e7c
pWaletzko;zUsRNUZi5y;T
Doubrava;EXfuWfprp6;2061a3ef4c60c61e496758356b77ec24
pDoubrava;EXfuWfprp6;T
Callis;8eAM0zKiiv;7c6969a262c36e5aed942afe2814d6de
pCallis;8eAM0zKiiv;T
Orellano;evWXPFnDv1;7653d6846e7c198ac83520ada42e4fc2
pOrellano;evWXPFnDv1;T
Jagiello;4DDRmBoBiY;734808ca45b4edff5278f3f0d7482b19
pJagiello;4DDRmBoBiY;T
Wolgast;jjRP9iOHLZ;47bed7e194b6cf882d5c0971f412f643
pWolgast;jjRP9iOHLZ;T
Drewery;LrjcaBmjLx;d9738c935c20cb3003e3fc8c46ba2efd
pDrewery;LrjcaBmjLx;T
Orwig;brmPhNNUTt;a6e9e2b0ca3a9907868c775f32cab6a6
pOrwig;brmPhNNUTt;T
Jones;YFBxu4LLR2;80f43aed300eafa571e4686732b5270a
pJones;YFBxu4LLR2;T
Erichson;0gwXbCvWq3;5c0cb25c2d56b3c6d4428afa90f9c252
pErichson;0gwXbCvWq3;T
Blunk;wxdRYxI6Ml;75fc62a9bce7d207d62cb1bbd963ad79
pBlunk;wxdRYxI6Ml;T
Durepo;v7u30DP7y9;b45223bd0bb7324fe110fa5a58aecec7
pDurepo;v7u30DP7y9;T
Kecskes;Xv5yQriuuB;104a51dbd59685de0137f9b3be0c8ebd
pKecskes;Xv5yQriuuB;T
Lipka;IaMxQMltce;19b6b65a543f534d0b195ff5ccff450f
pLipka;IaMxQMltce;T
Cohens;EMAN3FHpIf;9724206e0adbf28adbcf8b380e785c17
pCohens;EMAN3FHpIf;T
Woester;ms69Hohjgh;ae943bd749ffb2ace1beb39cd9af7028
pWoester;ms69Hohjgh;T
Casterline;8H4fT28T51;0440016a3e2b0c553f1c84c81f9fd7e7
pCasterline;8H4fT28T51;T
Gift;LbSMrk1A46;bae6d459f8eab54b9a2f9bb68b325c77
pGift;LbSMrk1A46;T
Sit;tAQZX3pz5q;76459cabc1e8e52224962a6da03a858e
pSit;tAQZX3pz5q;T
Pirkl;qkRE7Kw6A4;1bf3b05bf528ffae028f82365a15ab33
pPirkl;qkRE7Kw6A4;T
Cumley;VemKLp6W5U;f3294cb5020294ff33aad5797520c94f
pCumley;VemKLp6W5U;T
Kulaga;k6GCNDibEm;b1308c77338955820df03e85aacace6c
pKulaga;k6GCNDibEm;T
Briana;YDe5vHdh8k;e612ac643433d03246bd89b00656a2b3
pBriana;YDe5vHdh8k;T
Brunfield;O3JNpRTo2q;c46c31028fca22cf2c86ce26996b2962
pBrunfield;O3JNpRTo2q;T
Casas;OurZf7t0Gj;68c984e9fd893c8d2645a5e20ae95324
pCasas;OurZf7t0Gj;T
Cupelli;4z61htoFKL;dc31eeed013fb16ad06adb6651e3b882
pCupelli;4z61htoFKL;T
Kerrigan;1U2bD9GSLa;562d5069347ae3d5e8bc29201008c21f
pKerrigan;1U2bD9GSLa;T
Purkhiser;Y45inOk2r4;2b6743d55aa2be724f9ceb3b770825a0
pPurkhiser;Y45inOk2r4;T
Zauner;K4R36FomCc;e463db3f4af78ad68b4acee746ed4752
pZauner;K4R36FomCc;T
Dezalia;OlLTy8kODw;d0773c2337b4f7d28c35cb26bf726dc7
pDezalia;OlLTy8kODw;T
