Traci;vvELiHlU3S;75ae3a4a669f9973e85fdc11f25a6fd2
Lyles;ZYxMPKtdBS;bdef8a9771ce2b48ffe116379307e6aa
Rebecka;2uXqJ3WQ7x;981da306f9a94a5c28e92838f5603b76
Kool;3Ea03oab4x;7ec603e25800079299148401517103a7
Kolin;NAtlGkJFVB;b45590ab7432edcf6cc57770a85eb6db
Hoxit;IAN1jPzikC;97a49fdf089374e945119b74bfa09a19
Erline;QVXY1BZIlI;64ef91bafc97803a2f5c7ceabb008276
Toulson;oBPDqYXMnG;8d2f5c28efdbcd482785e7f05ccad307
Lehoullier;WaMWuS7XCa;1408f2cd694634d8abb89908fc103f52
Losinger;kWNVoaIUoy;5709d74c64bdc7001f804c55d73c05d3
Tugwell;ZCcmQJjnqJ;439de60a09c9bf79505380f9cd96de7a
Ragus;xfPWdUYZWR;0b76ae282afab19ef36f65dff62f0a54
Knost;xlETKY4rFi;19756c0b2e6d9dc49f2895e869b825ff
Carnahan;Ku3E1X2YBe;4a3706998fcb2e6d26c81c65cf037aa0
Stenslie;P0FK80vssQ;cd48ed3e70611d6015314d8362208cfb
Maryrose;3xI5FIdsiC;8a52f8ce011ebf6d6d9c5ed7bc020eff
Gobern;cJ1Fybt02h;cd0c00b8c1801b78dfa300eca3eea79a
Vandenberghe;WgG1GzvneM;f817f0877605165b2491d4cf64716a96
Sutler;PFFTCnHtkJ;24a0c87da5dc9d4b6e0b12fd4c1a7ab0
Drawbaugh;LcjTOM87kH;9ada531dca8b6834197995e5f85eb0d8
