Etheredge;DnYuWka7du;5ea8e565ad9fcc27f0a012c1ff4d700b;155;S
Etheredge;DnYuWka7du;5ea8e565ad9fcc27f0a012c1ff4d700b;155;P
Gollier;8AumJrpGyX;9d408236eb29f6196ccafe5ad206b73e;155;S
Gollier;8AumJrpGyX;9d408236eb29f6196ccafe5ad206b73e;155;P
Burgess;5cY7gUYyjA;957d682ceca13cec3f4f55b89ddd02e2;155;S
Burgess;5cY7gUYyjA;957d682ceca13cec3f4f55b89ddd02e2;155;P
Leeming;PRhaeQ8Xj6;930d87b6c3f02630cfb1a4b23b69d3e4;155;S
Leeming;PRhaeQ8Xj6;930d87b6c3f02630cfb1a4b23b69d3e4;155;P
Mins;Hy3G501kdS;865d9600882429bae410cef676997e11;155;S
Mins;Hy3G501kdS;865d9600882429bae410cef676997e11;155;P
Garriss;vI8zhv5yaB;b2a67ece1d7113c01955177dedf21cae;155;S
Garriss;vI8zhv5yaB;b2a67ece1d7113c01955177dedf21cae;155;P
Weinmann;QVsDKs5f2w;d74eca43bd0918cf3ee3230fd5fba206;155;S
Weinmann;QVsDKs5f2w;d74eca43bd0918cf3ee3230fd5fba206;155;P
Hussein;bZzOaE9S30;7263c75386cdc85fd57aaa8464163f10;155;S
Hussein;bZzOaE9S30;7263c75386cdc85fd57aaa8464163f10;155;P
Seder;Kc6dvsxpT8;f906e08ee5517dc1fee9fad3bf2f6947;155;S
Seder;Kc6dvsxpT8;f906e08ee5517dc1fee9fad3bf2f6947;155;P
Jozwiak;9LouO5CszD;40f5eb5ccb3e897ab26e2cb745a144ee;155;S
Jozwiak;9LouO5CszD;40f5eb5ccb3e897ab26e2cb745a144ee;155;P
Noblitt;gIGGVv35f4;fae10e6a3605e7e7a10d253d6457e92e;155;S
Noblitt;gIGGVv35f4;fae10e6a3605e7e7a10d253d6457e92e;155;P
Theiss;YBEP0AmkNA;f033fb9d7ef72f9eeff2c24e9b6d4b9b;155;S
Theiss;YBEP0AmkNA;f033fb9d7ef72f9eeff2c24e9b6d4b9b;155;P
Frischman;hLJWgkB8NS;ea36530fe3a7f4339a211bd5b192133d;155;S
Frischman;hLJWgkB8NS;ea36530fe3a7f4339a211bd5b192133d;155;P
Bera;jQQdX1RUvB;a7064318c92fb40014c6a35e6c6fffcf;155;S
Bera;jQQdX1RUvB;a7064318c92fb40014c6a35e6c6fffcf;155;P
Mazurowski;gUpgDGUeXh;2335903390720bbb12b8a383dc77ab6f;155;S
Mazurowski;gUpgDGUeXh;2335903390720bbb12b8a383dc77ab6f;155;P
Hanchett;CLbGjqbj0z;dbafb9fffecdb2a023e03564517d5e25;155;S
Hanchett;CLbGjqbj0z;dbafb9fffecdb2a023e03564517d5e25;155;P
Lather;GBXwsU8HJp;f428f31557d8c7abab7b631da14b2760;155;S
Lather;GBXwsU8HJp;f428f31557d8c7abab7b631da14b2760;155;P
Swailes;O5ByWYV6j0;c91552a54f69b07204c082c5f4f54010;155;S
Swailes;O5ByWYV6j0;c91552a54f69b07204c082c5f4f54010;155;P
Muri;orFd45ItNL;3b8680fab5ba1b9df5be1a70566b6d86;155;S
Muri;orFd45ItNL;3b8680fab5ba1b9df5be1a70566b6d86;155;P
Smethers;Tt2tSnDkE7;a906360cb9d3dea845d2a02f0d769381;155;S
Smethers;Tt2tSnDkE7;a906360cb9d3dea845d2a02f0d769381;155;P
Savcedo;1FZf5wqQJL;6b61d3ceca3c74e602e4dd5365c315d0;155;S
Savcedo;1FZf5wqQJL;6b61d3ceca3c74e602e4dd5365c315d0;155;P
Palazzolo;Qn02beTe5K;2196e7393ba835d3c6e23a53f6d8e6d7;155;S
Palazzolo;Qn02beTe5K;2196e7393ba835d3c6e23a53f6d8e6d7;155;P
Audry;sIaTBE264h;78ba003d9faf2638b545a317a227c377;155;S
Audry;sIaTBE264h;78ba003d9faf2638b545a317a227c377;155;P
Kachermeyer;MwurK0xxZt;ce924e777b0416c8235d42a0c6f2e8ff;155;S
Kachermeyer;MwurK0xxZt;ce924e777b0416c8235d42a0c6f2e8ff;155;P
Leta;ncYkbVyBWF;969b687b4ec46eb831c46fe09822e798;155;S
Leta;ncYkbVyBWF;969b687b4ec46eb831c46fe09822e798;155;P
Dively;hT1hZBLRwD;e7aabbefea01c948783575a0238b585e;155;S
Dively;hT1hZBLRwD;e7aabbefea01c948783575a0238b585e;155;P
Brozowski;nLZSzTtPiO;4ec842619d62853b16e4d168b84e7849;155;S
Brozowski;nLZSzTtPiO;4ec842619d62853b16e4d168b84e7849;155;P
Phomphithak;Bq9nATbYMM;6c28c8df0f1ed0dacf935d055aee543d;155;S
Phomphithak;Bq9nATbYMM;6c28c8df0f1ed0dacf935d055aee543d;155;P
Vankampen;Qwmpup5nY4;58bb13e49a07ed69a5db9b93908e4459;155;S
Vankampen;Qwmpup5nY4;58bb13e49a07ed69a5db9b93908e4459;155;P
Oshita;Vu8PD0kf3o;d22aa503a5ddc019bd6b119a65317d92;155;S
Oshita;Vu8PD0kf3o;d22aa503a5ddc019bd6b119a65317d92;155;P
Tamiko;8NvNSJmDid;5da78d6cca16375ab2142cd2c6410dfd;156;S
Tamiko;8NvNSJmDid;5da78d6cca16375ab2142cd2c6410dfd;156;P
Chelton;gVJhuKGqb4;1616d8bae3c84524e302256a1af79c11;156;S
Chelton;gVJhuKGqb4;1616d8bae3c84524e302256a1af79c11;156;P
Upwall;3jnMSmaUxl;e082b92de7bc9fa7804b97e986d5cb51;156;S
Upwall;3jnMSmaUxl;e082b92de7bc9fa7804b97e986d5cb51;156;P
Villamil;0TizqqgHgs;fd25e9ad0da37fdbe570ee849adbb4f8;156;S
Villamil;0TizqqgHgs;fd25e9ad0da37fdbe570ee849adbb4f8;156;P
Kaiktsian;HZYQ2ug7N2;41d3e6694f5f942f4e9f7e950a5d9087;156;S
Kaiktsian;HZYQ2ug7N2;41d3e6694f5f942f4e9f7e950a5d9087;156;P
Sostre;Hwm7FN2Bfx;2db273fc246f1d6226ac0f0d90d7febd;156;S
Sostre;Hwm7FN2Bfx;2db273fc246f1d6226ac0f0d90d7febd;156;P
Render;rwufMcENLD;281f33cc2e128a00d4aed92891daebc2;156;S
Render;rwufMcENLD;281f33cc2e128a00d4aed92891daebc2;156;P
Shortes;15mnifDOOS;3d2d767582a998b0b579a6582221ea8b;156;S
Shortes;15mnifDOOS;3d2d767582a998b0b579a6582221ea8b;156;P
Tarella;qyeO8zyAzv;3844e80ac066c0a5389634fc93f917b8;156;S
Tarella;qyeO8zyAzv;3844e80ac066c0a5389634fc93f917b8;156;P
Estrela;a0qlkpQjHR;88006f2928872b648c97bbd87fa3f204;156;S
Estrela;a0qlkpQjHR;88006f2928872b648c97bbd87fa3f204;156;P
Ganim;jKdpsXbnfj;d8d87142673d7e0e752f32fe40d4f129;156;S
Ganim;jKdpsXbnfj;d8d87142673d7e0e752f32fe40d4f129;156;P
Jordon;aLHX7B7bFN;c72559704f9ead4b62f3ae09e2002d12;156;S
Jordon;aLHX7B7bFN;c72559704f9ead4b62f3ae09e2002d12;156;P
Sabellico;SUrD5gePLd;1c4f1233dff37f9f54b022c8ff9ebb86;156;S
Sabellico;SUrD5gePLd;1c4f1233dff37f9f54b022c8ff9ebb86;156;P
Rahaim;U5j466AICx;7dd6a499a484cc8e25f8a6d7192d765f;156;S
Rahaim;U5j466AICx;7dd6a499a484cc8e25f8a6d7192d765f;156;P
Inagaki;GQ8Xw4xfKb;4e4c6cfdc368e221610453d33fd464f7;156;S
Inagaki;GQ8Xw4xfKb;4e4c6cfdc368e221610453d33fd464f7;156;P
Rotunda;4tbPNuLWCR;1e39122a6f412b85d2e5f6391e7de2ff;156;S
Rotunda;4tbPNuLWCR;1e39122a6f412b85d2e5f6391e7de2ff;156;P
Hames;SoogP8sTON;e895de6051de306d106dfbcaed919578;156;S
Hames;SoogP8sTON;e895de6051de306d106dfbcaed919578;156;P
Kilbert;XP36KtweiX;8e2a1c88a1913eb8c27c2265d6359ee0;156;S
Kilbert;XP36KtweiX;8e2a1c88a1913eb8c27c2265d6359ee0;156;P
Millers;r8xJL9tMS2;73b0391aa895941e9a827aef66158e6c;156;S
Millers;r8xJL9tMS2;73b0391aa895941e9a827aef66158e6c;156;P
Chastant;ok5S9Urds0;c56bffddf036b71bbd0b5bbd5fd0a8bd;156;S
Chastant;ok5S9Urds0;c56bffddf036b71bbd0b5bbd5fd0a8bd;156;P
Moderski;f7r0fPC8sY;90ba363cbb99f49817d3fbb7aba54c91;156;S
Moderski;f7r0fPC8sY;90ba363cbb99f49817d3fbb7aba54c91;156;P
Mantifel;CXQ7JrFf04;754f94297129992f153d2aa5d2a336e5;156;S
Mantifel;CXQ7JrFf04;754f94297129992f153d2aa5d2a336e5;156;P
Blesh;31krjeJ7me;5ad1d7db881a4e63278cd508e0446113;156;S
Blesh;31krjeJ7me;5ad1d7db881a4e63278cd508e0446113;156;P
Nies;FG4GZLFJTf;5c00ae99449b72475fb2ed56d1bad847;156;S
Nies;FG4GZLFJTf;5c00ae99449b72475fb2ed56d1bad847;156;P
Tredinnick;17gtuPiB0D;d5a401aa32b5d9ee3a4602fa16fec906;156;S
Tredinnick;17gtuPiB0D;d5a401aa32b5d9ee3a4602fa16fec906;156;P
Talavera;y9PwoQRzSa;d71f88a91674c60c3c158be0e4d7a4eb;156;S
Talavera;y9PwoQRzSa;d71f88a91674c60c3c158be0e4d7a4eb;156;P
Sicilia;w5Gh2aDmCG;c7087fcf7f3e1d30d5c1660a7bafbecb;156;S
Sicilia;w5Gh2aDmCG;c7087fcf7f3e1d30d5c1660a7bafbecb;156;P
Suttie;EBAQru60PX;c6169ddb55f648726299742ba71651c7;156;S
Suttie;EBAQru60PX;c6169ddb55f648726299742ba71651c7;156;P
Galano;xrZdYxbnuK;c3f62f8995cfb77a184b6a67bcf041ba;156;S
Galano;xrZdYxbnuK;c3f62f8995cfb77a184b6a67bcf041ba;156;P
Stellpflug;TosAWOkt41;b68b0e9225d5b48db0d06bec6dcec4c9;156;S
Stellpflug;TosAWOkt41;b68b0e9225d5b48db0d06bec6dcec4c9;156;P
Cueto;hJpaw2ZFaK;43e0efc63f7ae0bd874b355b27f99205;157;S
Cueto;hJpaw2ZFaK;43e0efc63f7ae0bd874b355b27f99205;157;P
Luckhardt;oUxRl0wRHZ;9840baf1bc4d10a41befe34c046b51df;157;S
Luckhardt;oUxRl0wRHZ;9840baf1bc4d10a41befe34c046b51df;157;P
Rayburn;24ZpxWKPrt;ce537b5e4a92f2eb7a07554f48fab9ce;157;S
Rayburn;24ZpxWKPrt;ce537b5e4a92f2eb7a07554f48fab9ce;157;P
Gourlay;Q1Pp4MnQAV;7ce1274361b3816ffa6528343315c3a3;157;S
Gourlay;Q1Pp4MnQAV;7ce1274361b3816ffa6528343315c3a3;157;P
Tauer;pGHwMLquvt;c7d10e445d90aa8e8e022cebd37d1b4e;157;S
Tauer;pGHwMLquvt;c7d10e445d90aa8e8e022cebd37d1b4e;157;P
Ciufo;dmheuwr5uP;86c3a156222b24b54f424ffc243317ee;157;S
Ciufo;dmheuwr5uP;86c3a156222b24b54f424ffc243317ee;157;P
Grobe;4jSIPnV2rO;5500c12679360aaf266885471d3b0163;157;S
Grobe;4jSIPnV2rO;5500c12679360aaf266885471d3b0163;157;P
Coye;5nfKTMGgxl;d6226957116dba6698552798b370dbbb;157;S
Coye;5nfKTMGgxl;d6226957116dba6698552798b370dbbb;157;P
Blay;h1BXstXzGd;74fc71122b81d89217d7c7870f8a1461;157;S
Blay;h1BXstXzGd;74fc71122b81d89217d7c7870f8a1461;157;P
Holladay;yOYQZOzQe5;3d82508678218f2e0dce3747cce1a516;157;S
Holladay;yOYQZOzQe5;3d82508678218f2e0dce3747cce1a516;157;P
Capers;dehSgivLAb;d4043c5ac61e93ad9d1d8ffc3763cb13;157;S
Capers;dehSgivLAb;d4043c5ac61e93ad9d1d8ffc3763cb13;157;P
Noris;CZNUykepvW;5742e556fd38fef971adb10318b90e38;157;S
Noris;CZNUykepvW;5742e556fd38fef971adb10318b90e38;157;P
Lenderman;MNfJRJ8WH2;ba0cb01c10ae9adfbb03a3a6da89807c;157;S
Lenderman;MNfJRJ8WH2;ba0cb01c10ae9adfbb03a3a6da89807c;157;P
Stenkamp;s2sfUDsYVV;bf32abbe39a3e7c676ed6594836d6cde;157;S
Stenkamp;s2sfUDsYVV;bf32abbe39a3e7c676ed6594836d6cde;157;P
Roberts;cZbda1XMsl;9569e6da38ec9ed28e7e1f93253e4b8c;157;S
Roberts;cZbda1XMsl;9569e6da38ec9ed28e7e1f93253e4b8c;157;P
Strauf;YbDRL2toon;dce12f20bab4f28a634dd7f1f3d6e13b;157;S
Strauf;YbDRL2toon;dce12f20bab4f28a634dd7f1f3d6e13b;157;P
Fredenburg;EA15mHP9qL;2f79f29a9b9ae3a867a23c029dd5758a;157;S
Fredenburg;EA15mHP9qL;2f79f29a9b9ae3a867a23c029dd5758a;157;P
Purvis;kAm1iQZTUT;69682fe038247ef2b988cca90f21956b;157;S
Purvis;kAm1iQZTUT;69682fe038247ef2b988cca90f21956b;157;P
Leitzel;IMhlN0yjH7;fd426e78ab098184776623089bec8d78;157;S
Leitzel;IMhlN0yjH7;fd426e78ab098184776623089bec8d78;157;P
Carlena;ecEPSLTyYe;aac6d8bbcd676ccbba0e24eb1d176533;157;S
Carlena;ecEPSLTyYe;aac6d8bbcd676ccbba0e24eb1d176533;157;P
Fruin;QhN6Epdlzz;6c0fccd6604bbee29ef498ec8b8bd893;157;S
Fruin;QhN6Epdlzz;6c0fccd6604bbee29ef498ec8b8bd893;157;P
Papanikolas;m5RyS4OXxn;c4e2fbe27276d86404112cf48ada90b1;157;S
Papanikolas;m5RyS4OXxn;c4e2fbe27276d86404112cf48ada90b1;157;P
Haugh;kNQXBaKkMK;60a6bf9e4efe79fd17c8b2f9e281088a;157;S
Haugh;kNQXBaKkMK;60a6bf9e4efe79fd17c8b2f9e281088a;157;P
Buller;BYQIX2jrZN;dc235032dd0d0fb37fc5ff4de82bf6c6;157;S
Buller;BYQIX2jrZN;dc235032dd0d0fb37fc5ff4de82bf6c6;157;P
Mishler;Z7j4d6CCIj;a53f241db572efaa406e857b7f28cda1;157;S
Mishler;Z7j4d6CCIj;a53f241db572efaa406e857b7f28cda1;157;P
Mcintrye;soxE57rDQR;fcd733ad0c7990d09ae4f0a4d1d03b0f;157;S
Mcintrye;soxE57rDQR;fcd733ad0c7990d09ae4f0a4d1d03b0f;157;P
Posthuma;npKFvFjaiC;c961e3b65587a087c3fee7e677598868;157;S
Posthuma;npKFvFjaiC;c961e3b65587a087c3fee7e677598868;157;P
Mildred;RcsAZkDPyc;4dd33665cc9d7d4b1e1cec9d56b9157d;157;S
Mildred;RcsAZkDPyc;4dd33665cc9d7d4b1e1cec9d56b9157d;157;P
Moncrief;6ZJmxdnbIo;593d8f91417609c0e6a30dd9d68736ff;157;S
Moncrief;6ZJmxdnbIo;593d8f91417609c0e6a30dd9d68736ff;157;P
Embly;iQvBHA50GV;1824b76ea15025a93c87424bd58996b0;158;S
Embly;iQvBHA50GV;1824b76ea15025a93c87424bd58996b0;158;P
Belsito;Wy74auy39h;bbdfcd1e1b303b4ce22e744313604770;158;S
Belsito;Wy74auy39h;bbdfcd1e1b303b4ce22e744313604770;158;P
Todhunter;Sx5OmFw6tU;6a53a4ff8a8c99923c8facb5e42923f9;158;S
Todhunter;Sx5OmFw6tU;6a53a4ff8a8c99923c8facb5e42923f9;158;P
Mahnken;PMlHvYzIR3;0483d80b84d9efc753dc25d46ba0fcba;158;S
Mahnken;PMlHvYzIR3;0483d80b84d9efc753dc25d46ba0fcba;158;P
Felisha;lZZHkRHmqd;e07b9a5e3c0a88a7089b40e8d3a4e641;158;S
Felisha;lZZHkRHmqd;e07b9a5e3c0a88a7089b40e8d3a4e641;158;P
Besant;3XaRCJ7CCY;345946915a2a2a263c713b95db153f17;158;S
Besant;3XaRCJ7CCY;345946915a2a2a263c713b95db153f17;158;P
Glawe;Y2upj4VrMM;bee1b46d544b7201cc27b3e1f8660c22;158;S
Glawe;Y2upj4VrMM;bee1b46d544b7201cc27b3e1f8660c22;158;P
Bitting;GzH9lIhdUi;26a919a49d05dd58ef1e8a7e692102bc;158;S
Bitting;GzH9lIhdUi;26a919a49d05dd58ef1e8a7e692102bc;158;P
Hjort;iGbRydvZOZ;5e43545a481d07014b8bb89e40130e00;158;S
Hjort;iGbRydvZOZ;5e43545a481d07014b8bb89e40130e00;158;P
Julye;M0aMXQCgTl;54832bfb4222e2609065537ae3341885;158;S
Julye;M0aMXQCgTl;54832bfb4222e2609065537ae3341885;158;P
Gragert;7Xluefxz5Q;e3af0daa2bfafc3e91bbb676e3fe1b9a;158;S
Gragert;7Xluefxz5Q;e3af0daa2bfafc3e91bbb676e3fe1b9a;158;P
Skains;ssWDf3ZOF8;17ece07ed86f13dfd37a13ffc1fc7c5b;158;S
Skains;ssWDf3ZOF8;17ece07ed86f13dfd37a13ffc1fc7c5b;158;P
Drewski;KrakfCrsG0;373df58058453f6440d3295d9c33bd50;158;S
Drewski;KrakfCrsG0;373df58058453f6440d3295d9c33bd50;158;P
Schrecker;y3uwGZWcM1;cf219badbb28e4ce8dba2128e8a9d1af;158;S
Schrecker;y3uwGZWcM1;cf219badbb28e4ce8dba2128e8a9d1af;158;P
Navarrate;coZraX9cvG;8216fa8f03b5f72a9317ac19838b963f;158;S
Navarrate;coZraX9cvG;8216fa8f03b5f72a9317ac19838b963f;158;P
Fullbright;dXVMYN984t;c372808198711a8ff91b89ec8b40a6e8;158;S
Fullbright;dXVMYN984t;c372808198711a8ff91b89ec8b40a6e8;158;P
Willcoxon;9UWegqoe8J;e2ea5021b1761bf4e7596567c47dfd2c;158;S
Willcoxon;9UWegqoe8J;e2ea5021b1761bf4e7596567c47dfd2c;158;P
Means;NDNttwcZ1B;de902a716483c9d5d5e538588cd7ec28;158;S
Means;NDNttwcZ1B;de902a716483c9d5d5e538588cd7ec28;158;P
Dorian;mOnz0FZ6b3;968bbb41ae93fecaa12185838273ca81;158;S
Dorian;mOnz0FZ6b3;968bbb41ae93fecaa12185838273ca81;158;P
Mahlum;yU7BFmNaAA;9256626c2a5b7776a7d0560c72c6db08;158;S
Mahlum;yU7BFmNaAA;9256626c2a5b7776a7d0560c72c6db08;158;P
Myslim;Jl5lcrb87V;3c4f5ae799890cb7b4716feda5189782;158;S
Myslim;Jl5lcrb87V;3c4f5ae799890cb7b4716feda5189782;158;P
Starek;RLY25Vh2gw;46ac689a5bc806131bc4debd612308c0;158;S
Starek;RLY25Vh2gw;46ac689a5bc806131bc4debd612308c0;158;P
Gavia;dJio0lh3Ip;f3bc337bfe4a1bc9e924fd481eae13bd;158;S
Gavia;dJio0lh3Ip;f3bc337bfe4a1bc9e924fd481eae13bd;158;P
Hope;HaqVnBs8Sz;ad1de68fe4f9c7367e4a7603c404e1fa;158;S
Hope;HaqVnBs8Sz;ad1de68fe4f9c7367e4a7603c404e1fa;158;P
Pardew;wT346AlKuu;f8346089889086e5795231c2e689864f;158;S
Pardew;wT346AlKuu;f8346089889086e5795231c2e689864f;158;P
Vicker;i0UBd8GB9u;12d6980f6a231ffafafa03eff8d267d4;158;S
Vicker;i0UBd8GB9u;12d6980f6a231ffafafa03eff8d267d4;158;P
Todoroff;5d2yZUAJ7J;500e8a1ed84a952d5bb402d34e859557;158;S
Todoroff;5d2yZUAJ7J;500e8a1ed84a952d5bb402d34e859557;158;P
Cance;1n89zDRi8S;fdfa7c5abe4e0222173e2cdfbe17ab1d;158;S
Cance;1n89zDRi8S;fdfa7c5abe4e0222173e2cdfbe17ab1d;158;P
Mcgruder;yEzYfbSXBV;5a9790f59b4e3685459506953e6be18c;158;S
Mcgruder;yEzYfbSXBV;5a9790f59b4e3685459506953e6be18c;158;P
Kirkhart;EnZpGdG7Tq;76e3ccce339cfd58cbe27320061b2f0a;158;S
Kirkhart;EnZpGdG7Tq;76e3ccce339cfd58cbe27320061b2f0a;158;P
Isadore;k9lOrIxqix;69d53e09f2e3b27d02a6efb25e1ff99a;159;S
Isadore;k9lOrIxqix;69d53e09f2e3b27d02a6efb25e1ff99a;159;P
Micki;8FHgWmKvyU;beaf8ccc91f948ef5843cf1a15fe086e;159;S
Micki;8FHgWmKvyU;beaf8ccc91f948ef5843cf1a15fe086e;159;P
Ybarro;wmMVeXzmuv;c37e19de58dbcec692f1162f0da3fea1;159;S
Ybarro;wmMVeXzmuv;c37e19de58dbcec692f1162f0da3fea1;159;P
Hosaka;RlOvvNlW8z;e5212253eea2dc869a0c4ed9673b2304;159;S
Hosaka;RlOvvNlW8z;e5212253eea2dc869a0c4ed9673b2304;159;P
Moreci;tczL7M6F08;a1a3657b8a7b1e7c661d03ff2d177368;159;S
Moreci;tczL7M6F08;a1a3657b8a7b1e7c661d03ff2d177368;159;P
Gola;Ic0uYIXX9i;5ea135dfeeb2bfe9c35ab65bb80b6297;159;S
Gola;Ic0uYIXX9i;5ea135dfeeb2bfe9c35ab65bb80b6297;159;P
Duplin;0kOQ7r56v8;053e8a1b1389aa0d783f31bd51fd98bb;159;S
Duplin;0kOQ7r56v8;053e8a1b1389aa0d783f31bd51fd98bb;159;P
Dittbrenner;JNhJb543mn;5e1273a4655c438d789290fddc43f8a1;159;S
Dittbrenner;JNhJb543mn;5e1273a4655c438d789290fddc43f8a1;159;P
Quero;JKiCxZvQLV;8e1d050e26ecaefaed672f65f3f3400c;159;S
Quero;JKiCxZvQLV;8e1d050e26ecaefaed672f65f3f3400c;159;P
Rosenow;YLZpMWHCwS;9bf4071120babfc23cd9adec354c216d;159;S
Rosenow;YLZpMWHCwS;9bf4071120babfc23cd9adec354c216d;159;P
Niedbala;yduEVGVu9i;80658c8cd4e770aacfdfa66872010e49;159;S
Niedbala;yduEVGVu9i;80658c8cd4e770aacfdfa66872010e49;159;P
Annabell;LDuk6C4qzO;a23c8f107daac0ef73425e884097da08;159;S
Annabell;LDuk6C4qzO;a23c8f107daac0ef73425e884097da08;159;P
Sarber;TIcHVSBxme;ec6f757713fe4b35288e7b755d78eb03;159;S
Sarber;TIcHVSBxme;ec6f757713fe4b35288e7b755d78eb03;159;P
Rameriez;UYRxZqVny5;45500740c90a11b8c310abc3107f572f;159;S
Rameriez;UYRxZqVny5;45500740c90a11b8c310abc3107f572f;159;P
Riolo;Q41RVvcLcN;b6dc99b1ec8c78d5dcc67963c51446cc;159;S
Riolo;Q41RVvcLcN;b6dc99b1ec8c78d5dcc67963c51446cc;159;P
Underdue;Iw980JbEdA;62f35eb64595b7f852455f23631b3f6f;159;S
Underdue;Iw980JbEdA;62f35eb64595b7f852455f23631b3f6f;159;P
Primes;WR5MB18JZK;2735b56d91f6f59cd662af1ead345997;159;S
Primes;WR5MB18JZK;2735b56d91f6f59cd662af1ead345997;159;P
Piekos;9crtWNRVez;0aa564529a1808e423c5aaa451e9a377;159;S
Piekos;9crtWNRVez;0aa564529a1808e423c5aaa451e9a377;159;P
Ponting;1idVo9UT5b;d5ffaf1bc26b970aa055014d6e77cec2;159;S
Ponting;1idVo9UT5b;d5ffaf1bc26b970aa055014d6e77cec2;159;P
Bernhardt;uciNXnomUa;857c9076e5e519bb5e463488c9bf4e32;159;S
Bernhardt;uciNXnomUa;857c9076e5e519bb5e463488c9bf4e32;159;P
Kroenke;rGkSc4ohXi;bd4f8cd96574c64661c6bd464d420244;159;S
Kroenke;rGkSc4ohXi;bd4f8cd96574c64661c6bd464d420244;159;P
Soward;WBkFdYEoVK;1c3cd9dabf62180efd7ed38610b4615f;159;S
Soward;WBkFdYEoVK;1c3cd9dabf62180efd7ed38610b4615f;159;P
Strahm;BOJIZWi9a6;ed7f21587b155fbf21a15f1be9a546d7;159;S
Strahm;BOJIZWi9a6;ed7f21587b155fbf21a15f1be9a546d7;159;P
Cunanan;pjDMUs9L35;3eccc24b3b86ea17af83289bd33a02c8;159;S
Cunanan;pjDMUs9L35;3eccc24b3b86ea17af83289bd33a02c8;159;P
Felico;jT2h7G1o0X;ed00cc535dedcdbdad4c4750cc83cdb3;159;S
Felico;jT2h7G1o0X;ed00cc535dedcdbdad4c4750cc83cdb3;159;P
Hirschman;CZMJeoNs4V;47a2b70b4cb86784292627766d1374a7;159;S
Hirschman;CZMJeoNs4V;47a2b70b4cb86784292627766d1374a7;159;P
Turntine;0oJWe6of0j;899fffe686aa999ecef79b57eeaf1bef;159;S
Turntine;0oJWe6of0j;899fffe686aa999ecef79b57eeaf1bef;159;P
Desrosiers;oEgm1IaJKj;0ee92d3633fe16a6aa58463969061e1d;159;S
Desrosiers;oEgm1IaJKj;0ee92d3633fe16a6aa58463969061e1d;159;P
Emanuele;XRc4RIVZbb;6272853eff841d44b7c43b5169d588b5;159;S
Emanuele;XRc4RIVZbb;6272853eff841d44b7c43b5169d588b5;159;P
Denina;M9bqHEhTPa;423091d72f6431c7cfbb21de79db3e1d;159;S
Denina;M9bqHEhTPa;423091d72f6431c7cfbb21de79db3e1d;159;P
Hemani;EO7cTqHx9J;5163c51395d5a7163fa1416bb501633d;160;S
Hemani;EO7cTqHx9J;5163c51395d5a7163fa1416bb501633d;160;P
Mauracher;8EyFbtPIOx;e847c65e757d944efabc1171c1189c8c;160;S
Mauracher;8EyFbtPIOx;e847c65e757d944efabc1171c1189c8c;160;P
Digiovanni;dXG0Sj5v3m;53929566051cd6f32b4e502f0a3dec3a;160;S
Digiovanni;dXG0Sj5v3m;53929566051cd6f32b4e502f0a3dec3a;160;P
Berniard;8qIDWXwILs;a33ca8964589a2ad1c4b3a11246fe7f8;160;S
Berniard;8qIDWXwILs;a33ca8964589a2ad1c4b3a11246fe7f8;160;P
Yanes;fWdfkyIfsE;cf6355049e475b2415823b66def8e5c9;160;S
Yanes;fWdfkyIfsE;cf6355049e475b2415823b66def8e5c9;160;P
Cring;LBBk01ZIgu;73bb43698cd68e1364708905aa4c1948;160;S
Cring;LBBk01ZIgu;73bb43698cd68e1364708905aa4c1948;160;P
Bossart;FSdh3VbO6e;95d9928782bd94468ac2f8b5ca2b9e8d;160;S
Bossart;FSdh3VbO6e;95d9928782bd94468ac2f8b5ca2b9e8d;160;P
Maywalt;xaq48QoeC9;ddb01beb8ac159dcf26007d46edee919;160;S
Maywalt;xaq48QoeC9;ddb01beb8ac159dcf26007d46edee919;160;P
Yang;iaPkefOYMV;aa88c27747c1fcf60b84d4ff439868cd;160;S
Yang;iaPkefOYMV;aa88c27747c1fcf60b84d4ff439868cd;160;P
Krysh;4yf5mAoUi8;e79b05412fcef573a8887604856610f2;160;S
Krysh;4yf5mAoUi8;e79b05412fcef573a8887604856610f2;160;P
Shanna;cK2SnamS02;eb13a3ca3f905fd6f804b6c5fb6e3aef;160;S
Shanna;cK2SnamS02;eb13a3ca3f905fd6f804b6c5fb6e3aef;160;P
Vyas;3llBB72pN7;e309d21b254616649b25f3619f0e74d7;160;S
Vyas;3llBB72pN7;e309d21b254616649b25f3619f0e74d7;160;P
Rieck;N7gUgO2rYT;46f47b630881a8f08d61ba4c6cc50ec6;160;S
Rieck;N7gUgO2rYT;46f47b630881a8f08d61ba4c6cc50ec6;160;P
Frasso;lc9BYfOYgS;9533e4bd16e5bcb30f2f5cdf969dd788;160;S
Frasso;lc9BYfOYgS;9533e4bd16e5bcb30f2f5cdf969dd788;160;P
Gierling;YzG5meglRG;710aa5aee7cab4174ed946d5ed76eb4d;160;S
Gierling;YzG5meglRG;710aa5aee7cab4174ed946d5ed76eb4d;160;P
Shunk;Lmrk06fnLN;9ccf30946899dc3633eccb6f95828642;160;S
Shunk;Lmrk06fnLN;9ccf30946899dc3633eccb6f95828642;160;P
Kilts;sB5u6Edcw4;7a8bb49031dda8d340f9f4ffae3d037f;160;S
Kilts;sB5u6Edcw4;7a8bb49031dda8d340f9f4ffae3d037f;160;P
Reeck;sum8oifQmj;e101bab5d15255f503192fd9e87cb1ad;160;S
Reeck;sum8oifQmj;e101bab5d15255f503192fd9e87cb1ad;160;P
Ferguson;oxhKpSuAeZ;affee047208e6f1e6b9fb2ffe7f4a868;160;S
Ferguson;oxhKpSuAeZ;affee047208e6f1e6b9fb2ffe7f4a868;160;P
Kountz;epH39knbKr;fcb5c09184336b736e8b8d09724156cc;160;S
Kountz;epH39knbKr;fcb5c09184336b736e8b8d09724156cc;160;P
Ordon;jdnOjcFpig;2852dfcc24fd98f640a7a58cfdabd091;160;S
Ordon;jdnOjcFpig;2852dfcc24fd98f640a7a58cfdabd091;160;P
Stetz;45NTsibrSu;2251dc48a5207ab457405378cacde1a8;160;S
Stetz;45NTsibrSu;2251dc48a5207ab457405378cacde1a8;160;P
Shetley;QxoeQ1cSZF;888118250989b40176a664b186e05c2c;160;S
Shetley;QxoeQ1cSZF;888118250989b40176a664b186e05c2c;160;P
Dicharry;l9fjAc9Ydi;8acc549d651c249400799b5e0f69da6a;160;S
Dicharry;l9fjAc9Ydi;8acc549d651c249400799b5e0f69da6a;160;P
Koster;LTrZRaNUyM;229bfc527e4d4a6d2007568e1ff7dad7;160;S
Koster;LTrZRaNUyM;229bfc527e4d4a6d2007568e1ff7dad7;160;P
Davance;xYKo9GqEvc;17282e5cc6552247952bf4d479883bcf;160;S
Davance;xYKo9GqEvc;17282e5cc6552247952bf4d479883bcf;160;P
Elting;RXRcT1Q8CL;c17e65d586a0a3b36771c9b032ea82e3;160;S
Elting;RXRcT1Q8CL;c17e65d586a0a3b36771c9b032ea82e3;160;P
Buesing;etXLGjHgS9;0f42ed947ccdf6688273e20b7e873198;160;S
Buesing;etXLGjHgS9;0f42ed947ccdf6688273e20b7e873198;160;P
Marling;hdklHCFJlI;01f6f31805d550495e616c679cd09a2f;160;S
Marling;hdklHCFJlI;01f6f31805d550495e616c679cd09a2f;160;P
Krzan;kEfrFhNO7H;3dafb02cf5c30082c400f5b3bd115e56;160;S
Krzan;kEfrFhNO7H;3dafb02cf5c30082c400f5b3bd115e56;160;P
Schembri;CB0oX7zRc0;eeeb3e102129f476ed9e85e884468223;161;S
Schembri;CB0oX7zRc0;eeeb3e102129f476ed9e85e884468223;161;P
Maree;BCBmZnwgq7;c0b38f7ecfc6361407e839b2a3c8e186;161;S
Maree;BCBmZnwgq7;c0b38f7ecfc6361407e839b2a3c8e186;161;P
Carreon;AkPLsarfFF;f4b5f1ae96fab40398bdeb073bb2f2f6;161;S
Carreon;AkPLsarfFF;f4b5f1ae96fab40398bdeb073bb2f2f6;161;P
Hotten;Xpby4ENOvB;ea6ce16bc575a5c1a25d446929c81b0f;161;S
Hotten;Xpby4ENOvB;ea6ce16bc575a5c1a25d446929c81b0f;161;P
Massett;kc8sWhexH6;3739e6bfce25375a082106a975237fba;161;S
Massett;kc8sWhexH6;3739e6bfce25375a082106a975237fba;161;P
Wetsel;tcw3hvftdZ;41589f5685d2120b2923b7e69fe6b902;161;S
Wetsel;tcw3hvftdZ;41589f5685d2120b2923b7e69fe6b902;161;P
Brimmage;VEkpc4Vw4Q;671e929177317dc41e093058080acff9;161;S
Brimmage;VEkpc4Vw4Q;671e929177317dc41e093058080acff9;161;P
Nabours;C9KArC6p5P;62042d918d22090ec00500d1adaac9d2;161;S
Nabours;C9KArC6p5P;62042d918d22090ec00500d1adaac9d2;161;P
Biringer;4KhxfgpAvq;e1e7bf435d87d3ffd83d485f5581d4ba;161;S
Biringer;4KhxfgpAvq;e1e7bf435d87d3ffd83d485f5581d4ba;161;P
Nahrstedt;Z147bNcgXj;fe8b9f8c53b27a94bad34ffc154c53f3;161;S
Nahrstedt;Z147bNcgXj;fe8b9f8c53b27a94bad34ffc154c53f3;161;P
Sumas;67xlUuu4wn;8472219d3f2c69c93bf8e236d21d6bd5;161;S
Sumas;67xlUuu4wn;8472219d3f2c69c93bf8e236d21d6bd5;161;P
Cancel;67JRnr3rVO;53c86c51787724e7f83bdafbfe95d6b0;161;S
Cancel;67JRnr3rVO;53c86c51787724e7f83bdafbfe95d6b0;161;P
Juan;xASExfruxC;75abf2a2011d046bd3a7230bf3c3c3f4;161;S
Juan;xASExfruxC;75abf2a2011d046bd3a7230bf3c3c3f4;161;P
Marla;WMBvmXWAfk;b2462a6d6dda3977d2df8db31f6492c9;161;S
Marla;WMBvmXWAfk;b2462a6d6dda3977d2df8db31f6492c9;161;P
Breidenbaugh;oZUDzetAWY;2dd16ba63c31763cd8f98ed37e7c9b4f;161;S
Breidenbaugh;oZUDzetAWY;2dd16ba63c31763cd8f98ed37e7c9b4f;161;P
Tabet;qq3naDqIuQ;915fb6bf911ae84e44c24b52769c3e05;161;S
Tabet;qq3naDqIuQ;915fb6bf911ae84e44c24b52769c3e05;161;P
Kuczkowski;VrFhSKZdxi;7a58c3bd77d2d8c69057f933f36cfffe;161;S
Kuczkowski;VrFhSKZdxi;7a58c3bd77d2d8c69057f933f36cfffe;161;P
Maydew;8Int5uZUje;b445dd0223c621949bf5cfd2ed2f501f;161;S
Maydew;8Int5uZUje;b445dd0223c621949bf5cfd2ed2f501f;161;P
Ludtke;8R2F6rpPTJ;1924e169ab4b1c275997b558605baf21;161;S
Ludtke;8R2F6rpPTJ;1924e169ab4b1c275997b558605baf21;161;P
Stavropoulos;DUsqAbYNkm;21ae2cab80f57eaddc9f6dc9136992d5;161;S
Stavropoulos;DUsqAbYNkm;21ae2cab80f57eaddc9f6dc9136992d5;161;P
Gongalez;HmVIvvsOR2;039e37e15109c5459cc915f480b9a97f;161;S
Gongalez;HmVIvvsOR2;039e37e15109c5459cc915f480b9a97f;161;P
Ehman;En367oiO40;ab298b0bf6b487cc801e66df68d2e9ed;161;S
Ehman;En367oiO40;ab298b0bf6b487cc801e66df68d2e9ed;161;P
Duffield;TO9L30ZUHo;3ef1a06ff5429669b2261af3c0ac1b88;161;S
Duffield;TO9L30ZUHo;3ef1a06ff5429669b2261af3c0ac1b88;161;P
Gardea;X11UU30onD;4935642870f75821b90b2fd5eb2bdc03;161;S
Gardea;X11UU30onD;4935642870f75821b90b2fd5eb2bdc03;161;P
Pupa;Uw3FnWB2FF;a695c665507adcd134dcfea15787b42e;161;S
Pupa;Uw3FnWB2FF;a695c665507adcd134dcfea15787b42e;161;P
Schnitman;4ZsfgijLND;0b1c1f339cee3ef5042324618066c0d5;161;S
Schnitman;4ZsfgijLND;0b1c1f339cee3ef5042324618066c0d5;161;P
Selle;TGGbp8Ry1A;48cb9b996ab9ed7b7d039d598e778209;161;S
Selle;TGGbp8Ry1A;48cb9b996ab9ed7b7d039d598e778209;161;P
Vanhamersveld;3yl8K5EbZF;628baf90b997d6f467cc4302d5e93b4a;161;S
Vanhamersveld;3yl8K5EbZF;628baf90b997d6f467cc4302d5e93b4a;161;P
Sammarco;ypxqlFuh3E;6a5b7d4fb73257a3103f105c8e0d2e80;161;S
Sammarco;ypxqlFuh3E;6a5b7d4fb73257a3103f105c8e0d2e80;161;P
Coskrey;dCM1PO0aOX;f04f287e742171e4f48f7d3280b48f2f;162;S
Coskrey;dCM1PO0aOX;f04f287e742171e4f48f7d3280b48f2f;162;P
Haggen;dNhR9bhhS1;182e66e62772c25a2594eef936f71c39;162;S
Haggen;dNhR9bhhS1;182e66e62772c25a2594eef936f71c39;162;P
Lankford;kZe8gyn83P;82078e80721ef116e7f1320f2913ad93;162;S
Lankford;kZe8gyn83P;82078e80721ef116e7f1320f2913ad93;162;P
Modeste;uysCViYpNq;ef7fb9c7108ae268c974296a62933eb0;162;S
Modeste;uysCViYpNq;ef7fb9c7108ae268c974296a62933eb0;162;P
Thrune;HWvJHhMHTq;a7ae788d1b3e0bdee1969328101389ec;162;S
Thrune;HWvJHhMHTq;a7ae788d1b3e0bdee1969328101389ec;162;P
Mazion;gd4MqrTARl;514ce133bec71a1658bcb820251215e0;162;S
Mazion;gd4MqrTARl;514ce133bec71a1658bcb820251215e0;162;P
Curie;97CpHHAo2m;56d03e90aac3e99469af6e1b684d0ff9;162;S
Curie;97CpHHAo2m;56d03e90aac3e99469af6e1b684d0ff9;162;P
Highfield;4jAHlF78S5;a2d66323d400d0c7dfbc55093927463f;162;S
Highfield;4jAHlF78S5;a2d66323d400d0c7dfbc55093927463f;162;P
Chulla;MUuWvinJ0F;7f12caf1f08c7672405f02823e486483;162;S
Chulla;MUuWvinJ0F;7f12caf1f08c7672405f02823e486483;162;P
Jurina;IFmozGSE1Q;117ad60791008e090320d9fb2a7889a7;162;S
Jurina;IFmozGSE1Q;117ad60791008e090320d9fb2a7889a7;162;P
Katowicz;VzlzZJHt4M;4b519ced984503f79ed08eb67ab090fb;162;S
Katowicz;VzlzZJHt4M;4b519ced984503f79ed08eb67ab090fb;162;P
Hawbaker;HJXudbU2Th;b9faee1caaac70d98ee5873d24af01d5;162;S
Hawbaker;HJXudbU2Th;b9faee1caaac70d98ee5873d24af01d5;162;P
Marenco;C8RhwlGXR9;767fb771cc5fa993c5dc1bf94342f0ff;162;S
Marenco;C8RhwlGXR9;767fb771cc5fa993c5dc1bf94342f0ff;162;P
Mara;THBrmrwhFc;528cffa265d6bca571b3117aaffb382a;162;S
Mara;THBrmrwhFc;528cffa265d6bca571b3117aaffb382a;162;P
Lazarz;vJ0J2bB9hs;9e01621c3b453a8703a0cd584e97be55;162;S
Lazarz;vJ0J2bB9hs;9e01621c3b453a8703a0cd584e97be55;162;P
Chowansky;cgCGdLSwNY;e0e28781d47390f69a436a75c1720f3d;162;S
Chowansky;cgCGdLSwNY;e0e28781d47390f69a436a75c1720f3d;162;P
Gomm;JvRmWxD7TJ;4930f6be353ab042b13dd46a600f6777;162;S
Gomm;JvRmWxD7TJ;4930f6be353ab042b13dd46a600f6777;162;P
Arnulfo;sHZr37EC9Z;cf1d7570770c12731293037778dfc082;162;S
Arnulfo;sHZr37EC9Z;cf1d7570770c12731293037778dfc082;162;P
Zumalt;NeJg30gfQ0;4951cd01626af1e01b596326cf9eeeca;162;S
Zumalt;NeJg30gfQ0;4951cd01626af1e01b596326cf9eeeca;162;P
Vongkhamchanh;g6R217TvKi;beaff6599ce651d372a1a5b53e75cd52;162;S
Vongkhamchanh;g6R217TvKi;beaff6599ce651d372a1a5b53e75cd52;162;P
Loup;YXmwGhP2A0;1abb698b96d565b2e7610cca0c3f3b36;162;S
Loup;YXmwGhP2A0;1abb698b96d565b2e7610cca0c3f3b36;162;P
Sposato;jh7UjDDBJX;b93f28aba78b4899161f33aa1baeab4d;162;S
Sposato;jh7UjDDBJX;b93f28aba78b4899161f33aa1baeab4d;162;P
Deback;7Yq7jqduwc;16a98e3defdd081ca76ddbe403337057;162;S
Deback;7Yq7jqduwc;16a98e3defdd081ca76ddbe403337057;162;P
Pinkelton;vEf4Rawj6f;7f614478741d59770f94a8e1e14c3999;162;S
Pinkelton;vEf4Rawj6f;7f614478741d59770f94a8e1e14c3999;162;P
Rothrock;kJPXbjbsfv;cae8289c0df64794363ea2e4691a3cef;162;S
Rothrock;kJPXbjbsfv;cae8289c0df64794363ea2e4691a3cef;162;P
Serum;gpkdFpy4Wm;edf59f92779c16e8eaa6be5ea124a40a;162;S
Serum;gpkdFpy4Wm;edf59f92779c16e8eaa6be5ea124a40a;162;P
Nadal;qt7v8hhHQb;5fa9de8b58f7fea77db982f9528d8999;162;S
Nadal;qt7v8hhHQb;5fa9de8b58f7fea77db982f9528d8999;162;P
Sklar;JfyXu166RV;989dc58dbdf586b21966ff06656941d0;162;S
Sklar;JfyXu166RV;989dc58dbdf586b21966ff06656941d0;162;P
Miyashiro;qe9Jx4Tdpt;d6c4c5209295459fa3e5cf91b19021d7;162;S
Miyashiro;qe9Jx4Tdpt;d6c4c5209295459fa3e5cf91b19021d7;162;P
Dobrin;LQeCzKr5FG;0ea0715d65da3f435011be258639ce0c;162;S
Dobrin;LQeCzKr5FG;0ea0715d65da3f435011be258639ce0c;162;P
Pennello;Ur2UEj578O;5b0de4b6ec76cbfec992f341e5828977;163;S
Pennello;Ur2UEj578O;5b0de4b6ec76cbfec992f341e5828977;163;P
Drafall;VHrSzoHnHD;37fe9c4e76ceec7570243dc0676d8d72;163;S
Drafall;VHrSzoHnHD;37fe9c4e76ceec7570243dc0676d8d72;163;P
Emerling;0tdjWPG86z;21e7318eff08b2c4aee1916e29fb896f;163;S
Emerling;0tdjWPG86z;21e7318eff08b2c4aee1916e29fb896f;163;P
Stroman;ZvWSaM6CpN;67d43915d14810bfcc6ef9373e1b8cb8;163;S
Stroman;ZvWSaM6CpN;67d43915d14810bfcc6ef9373e1b8cb8;163;P
Zachariah;Ic8UqspVvg;1d6b061e133ac84b9b52086c3b9ff785;163;S
Zachariah;Ic8UqspVvg;1d6b061e133ac84b9b52086c3b9ff785;163;P
Vlk;va8aLwupda;3933fd935f278552ee324ae62becc2eb;163;S
Vlk;va8aLwupda;3933fd935f278552ee324ae62becc2eb;163;P
Schemm;OlKsskvk87;07508bac1a3039aa5cd9eb632866fe61;163;S
Schemm;OlKsskvk87;07508bac1a3039aa5cd9eb632866fe61;163;P
Fantz;mK37AhiQ7m;b215723f9a57515040c3118610923b6b;163;S
Fantz;mK37AhiQ7m;b215723f9a57515040c3118610923b6b;163;P
Nicolette;zK4lg9Bd7R;6323200eb16efbfb6c07d47d96b771ff;163;S
Nicolette;zK4lg9Bd7R;6323200eb16efbfb6c07d47d96b771ff;163;P
Paddy;liF0kK7fqS;a9755b5b4cd52c433a7c64fc0253c0e3;163;S
Paddy;liF0kK7fqS;a9755b5b4cd52c433a7c64fc0253c0e3;163;P
Khalil;GgQPMayggJ;97c031c9d6c5feab732d715cf4fa728f;163;S
Khalil;GgQPMayggJ;97c031c9d6c5feab732d715cf4fa728f;163;P
Eberts;IYnYPonHEC;055441a26a2e84df425c0d0d498aaccb;163;S
Eberts;IYnYPonHEC;055441a26a2e84df425c0d0d498aaccb;163;P
Swearengin;b3kvZVakZp;a9790e7d8f325a42a3ef52471daeb4bb;163;S
Swearengin;b3kvZVakZp;a9790e7d8f325a42a3ef52471daeb4bb;163;P
Fontenelle;TUM6KQZjiV;00f3681da53d51ec8009af986f71e29d;163;S
Fontenelle;TUM6KQZjiV;00f3681da53d51ec8009af986f71e29d;163;P
Garten;MW5RTBWjrL;7bffcd8c5414ff961be990a62508ba78;163;S
Garten;MW5RTBWjrL;7bffcd8c5414ff961be990a62508ba78;163;P
Bigler;kdoWuO9kWM;e23569b11ee315e1ff6bcc03482f6207;163;S
Bigler;kdoWuO9kWM;e23569b11ee315e1ff6bcc03482f6207;163;P
Motil;qKLaXePRxw;3f94ac64741e9ab933e5231d9b3ec56f;163;S
Motil;qKLaXePRxw;3f94ac64741e9ab933e5231d9b3ec56f;163;P
Tayo;gA8xz9edwP;9a2c09de348c1bba7bd886d2e498c2d5;163;S
Tayo;gA8xz9edwP;9a2c09de348c1bba7bd886d2e498c2d5;163;P
Metta;3bnHd2xYbX;e528ad5bef37bb0f11e855e6df23e50d;163;S
Metta;3bnHd2xYbX;e528ad5bef37bb0f11e855e6df23e50d;163;P
Schimel;jKJliSUoqG;3f527b09c1e4b0fba85c92d44c4b7d1c;163;S
Schimel;jKJliSUoqG;3f527b09c1e4b0fba85c92d44c4b7d1c;163;P
Hamer;ZdlH2vPgQc;33e384fc7fd0cad79cfe8670ba95070e;163;S
Hamer;ZdlH2vPgQc;33e384fc7fd0cad79cfe8670ba95070e;163;P
Thomas;E9XJQy0wpW;6fc5a4df42eb7571c3a40b0a7284d028;163;S
Thomas;E9XJQy0wpW;6fc5a4df42eb7571c3a40b0a7284d028;163;P
Weissman;gQZ6xLpI0M;628592aa5b42e2f3571405cc85e05961;163;S
Weissman;gQZ6xLpI0M;628592aa5b42e2f3571405cc85e05961;163;P
Berlinger;EYtX4fK54B;032a9c0757cc7f5f4f422fadc2260a09;163;S
Berlinger;EYtX4fK54B;032a9c0757cc7f5f4f422fadc2260a09;163;P
Westbrooks;0CB1gmHeQc;f935ee1aa9577d7f71336aa2ab8dccaf;163;S
Westbrooks;0CB1gmHeQc;f935ee1aa9577d7f71336aa2ab8dccaf;163;P
Chantos;PJ0AXfwIWK;2795c36f147f5e63c13d21749db27c49;163;S
Chantos;PJ0AXfwIWK;2795c36f147f5e63c13d21749db27c49;163;P
Resetar;9dVcUpjBs5;5f90452a8a89429b3b0589202fde3093;163;S
Resetar;9dVcUpjBs5;5f90452a8a89429b3b0589202fde3093;163;P
Huyghe;nKH0UlXvyo;0ce5be317b6998683b1c4c046b71968b;163;S
Huyghe;nKH0UlXvyo;0ce5be317b6998683b1c4c046b71968b;163;P
Robbyn;07Pf9Sm5qM;db9e48fa642cf5c698c79b9a30249b46;163;S
Robbyn;07Pf9Sm5qM;db9e48fa642cf5c698c79b9a30249b46;163;P
Pochiba;Q3JlvSm8Pm;094ac853b1e87ca614c7267e64db1d8a;163;S
Pochiba;Q3JlvSm8Pm;094ac853b1e87ca614c7267e64db1d8a;163;P
Kemper;zCCJBMF0md;59263478044a5196b0783c706c1ba689;164;S
Kemper;zCCJBMF0md;59263478044a5196b0783c706c1ba689;164;P
Platania;AHyYMwhfHY;790a2b6668777aeb49eaaa45602f02e8;164;S
Platania;AHyYMwhfHY;790a2b6668777aeb49eaaa45602f02e8;164;P
Brady;dfiobLnXUH;a0240d756d0bb36e11c0385444aeffaf;164;S
Brady;dfiobLnXUH;a0240d756d0bb36e11c0385444aeffaf;164;P
Yamagata;i1QYzB4UBF;ddc72117064e1e0ed2526f65fdd9cc00;164;S
Yamagata;i1QYzB4UBF;ddc72117064e1e0ed2526f65fdd9cc00;164;P
Corino;1A2Jd2oIBn;8e6f5ffe725ba6185d5b58df178c577d;164;S
Corino;1A2Jd2oIBn;8e6f5ffe725ba6185d5b58df178c577d;164;P
Dentremont;1s52RoCjl1;fc077de23c036f029cc439246867ecf1;164;S
Dentremont;1s52RoCjl1;fc077de23c036f029cc439246867ecf1;164;P
Phelts;umH3FC0pje;055bb759ec14d81c59742dfd1723c419;164;S
Phelts;umH3FC0pje;055bb759ec14d81c59742dfd1723c419;164;P
Links;lkpWz2miEp;2cc338eaef7e126bc7452fdb94eff319;164;S
Links;lkpWz2miEp;2cc338eaef7e126bc7452fdb94eff319;164;P
Galon;5SzO8eKlUA;abe41280504eee19331065cdf8aa0c10;164;S
Galon;5SzO8eKlUA;abe41280504eee19331065cdf8aa0c10;164;P
Dobosz;2YdkklqaVJ;b5a6284ad70f81e0328c9c924f20f269;164;S
Dobosz;2YdkklqaVJ;b5a6284ad70f81e0328c9c924f20f269;164;P
Moriwaki;y4h3QzTrbV;fd80e0c399acf87f9df997466916d224;164;S
Moriwaki;y4h3QzTrbV;fd80e0c399acf87f9df997466916d224;164;P
Kohlhoff;EWk68aWNLx;ff0909502d57787c25bba07bd2bf66fd;164;S
Kohlhoff;EWk68aWNLx;ff0909502d57787c25bba07bd2bf66fd;164;P
Eduardo;bVJhcoqvCt;8ec536a69babe74b9de01089748b04c2;164;S
Eduardo;bVJhcoqvCt;8ec536a69babe74b9de01089748b04c2;164;P
Harth;jYSYkzrrLx;8e6478f3e102da2466a02a95f6618fa8;164;S
Harth;jYSYkzrrLx;8e6478f3e102da2466a02a95f6618fa8;164;P
Burcham;ghWXfaFOhv;548a4ae49d403f30f3941cfe4b09b1c7;164;S
Burcham;ghWXfaFOhv;548a4ae49d403f30f3941cfe4b09b1c7;164;P
Dechavez;fjJ9HARLkq;d70070eac532490fb8b652403e9dd97d;164;S
Dechavez;fjJ9HARLkq;d70070eac532490fb8b652403e9dd97d;164;P
Hal;Siyb5JJIje;374ae94e7215fb5b436e47599264012d;164;S
Hal;Siyb5JJIje;374ae94e7215fb5b436e47599264012d;164;P
Gobeille;XJc1aCY1PL;75b09c44c390e0f7caba3dd446c6209d;164;S
Gobeille;XJc1aCY1PL;75b09c44c390e0f7caba3dd446c6209d;164;P
Hallemeyer;UjbqozuNXE;fefb4e431d102b6843baec8880c51cbb;164;S
Hallemeyer;UjbqozuNXE;fefb4e431d102b6843baec8880c51cbb;164;P
Favro;UajdiVhTGb;3b96acc4ea0038612b6cc5039061516f;164;S
Favro;UajdiVhTGb;3b96acc4ea0038612b6cc5039061516f;164;P
Peyre;roqCOzg6Xr;032b2650d3e74a50876673ae6587b023;164;S
Peyre;roqCOzg6Xr;032b2650d3e74a50876673ae6587b023;164;P
Spire;foZAjLGJ4R;67bf803c96ff85cc932eca222d3df14f;164;S
Spire;foZAjLGJ4R;67bf803c96ff85cc932eca222d3df14f;164;P
Daher;CaK16jHMle;c78c28551ebc169556bb898dffc5c6f4;164;S
Daher;CaK16jHMle;c78c28551ebc169556bb898dffc5c6f4;164;P
Debrot;61XNHet0wK;6a825741eb211b9d53e0ec9868dbc85b;164;S
Debrot;61XNHet0wK;6a825741eb211b9d53e0ec9868dbc85b;164;P
Colleen;2XeOW8itug;c68a0b474b42cbd707399e2245d7bf2d;164;S
Colleen;2XeOW8itug;c68a0b474b42cbd707399e2245d7bf2d;164;P
Wand;yfdnVS4aLu;0f5574b2a6178be6d61aa4f8b4f371ce;164;S
Wand;yfdnVS4aLu;0f5574b2a6178be6d61aa4f8b4f371ce;164;P
Hamblin;gYUblLuAPa;ee596f34bc33369561fd9ebfcf053547;164;S
Hamblin;gYUblLuAPa;ee596f34bc33369561fd9ebfcf053547;164;P
Leiner;RdAGgS2bj3;1efa3ae2063b258e678dc2079f9dbf14;164;S
Leiner;RdAGgS2bj3;1efa3ae2063b258e678dc2079f9dbf14;164;P
Smucker;XNVGII27LF;7a1a82c599ccd27c7368e4928e820d0b;164;S
Smucker;XNVGII27LF;7a1a82c599ccd27c7368e4928e820d0b;164;P
Grabo;FPOppLA2AZ;bfaf0216010a7331bc44004631195637;165;S
Grabo;FPOppLA2AZ;bfaf0216010a7331bc44004631195637;165;P
Elanor;edhYrjVBm3;7df7b0d5b8cf29bfa0784a19b820b3b2;165;S
Elanor;edhYrjVBm3;7df7b0d5b8cf29bfa0784a19b820b3b2;165;P
Jamie;N8enDdSWhK;3c94c6e2db21663006da39c2f1a2e50e;165;S
Jamie;N8enDdSWhK;3c94c6e2db21663006da39c2f1a2e50e;165;P
Cassara;if5bLQlf9d;e07864445e9effa686f70d00a6b21996;165;S
Cassara;if5bLQlf9d;e07864445e9effa686f70d00a6b21996;165;P
Willie;rx6o1e1hlZ;337b0ceed075946519a3acb2f1f0761f;165;S
Willie;rx6o1e1hlZ;337b0ceed075946519a3acb2f1f0761f;165;P
Lorandeau;xPJsj5JnHz;9266ff947e9dd75d418ea0ec6079bacf;165;S
Lorandeau;xPJsj5JnHz;9266ff947e9dd75d418ea0ec6079bacf;165;P
Losiewski;blGdIY9Blt;9b662bcb703bf6f0bb82a8699f67968b;165;S
Losiewski;blGdIY9Blt;9b662bcb703bf6f0bb82a8699f67968b;165;P
Prybylski;jAHj3jqnFh;50b4f27498ee8097edee370c73465ba1;165;S
Prybylski;jAHj3jqnFh;50b4f27498ee8097edee370c73465ba1;165;P
Ewbank;oLHYGWKKNn;48d918499344bc35f4291d9474f81002;165;S
Ewbank;oLHYGWKKNn;48d918499344bc35f4291d9474f81002;165;P
Dudzic;TbfWo8WI8J;10ad3bba8e70ece3fad7d34488a22dea;165;S
Dudzic;TbfWo8WI8J;10ad3bba8e70ece3fad7d34488a22dea;165;P
Helstrom;BPdj2U5LnR;82ae30ca2affa24d38167ed5a4d94966;165;S
Helstrom;BPdj2U5LnR;82ae30ca2affa24d38167ed5a4d94966;165;P
Carotenuto;lg5jvQnAUK;44f106e407f14c5e4c0c9d86cf7424bc;165;S
Carotenuto;lg5jvQnAUK;44f106e407f14c5e4c0c9d86cf7424bc;165;P
Neveux;13w42Vxx7f;06b8803f445e938927b21e98e7262eef;165;S
Neveux;13w42Vxx7f;06b8803f445e938927b21e98e7262eef;165;P
Eddington;80VF7itI0l;72b42e3d925d7069f8cb344b92cfbc96;165;S
Eddington;80VF7itI0l;72b42e3d925d7069f8cb344b92cfbc96;165;P
Drawec;US4werUcYg;e007844dea4b6b8d4cc6393239ca7ea2;165;S
Drawec;US4werUcYg;e007844dea4b6b8d4cc6393239ca7ea2;165;P
Thurmer;qPfAcI4VNw;04971851e8bb2b61465bcbb7cbeaac0c;165;S
Thurmer;qPfAcI4VNw;04971851e8bb2b61465bcbb7cbeaac0c;165;P
Bienkowski;AQSpI1iu1J;813692f42339e2a60c3b62a100bd53d8;165;S
Bienkowski;AQSpI1iu1J;813692f42339e2a60c3b62a100bd53d8;165;P
Resek;5LMmqWTE1T;fedb1c14f8abc559655ba954724fd4a6;165;S
Resek;5LMmqWTE1T;fedb1c14f8abc559655ba954724fd4a6;165;P
Vicic;pPNBLp8Zgz;6ae530b7483f1244b336a8614d295290;165;S
Vicic;pPNBLp8Zgz;6ae530b7483f1244b336a8614d295290;165;P
Jochems;Y6L1klPqRL;4c588b001ea1bc37fe2282b38bebd460;165;S
Jochems;Y6L1klPqRL;4c588b001ea1bc37fe2282b38bebd460;165;P
Struber;pAsDlrzOV8;e39cda79b39efd816c65eabc3677ea35;165;S
Struber;pAsDlrzOV8;e39cda79b39efd816c65eabc3677ea35;165;P
Litt;SnTXl52ShW;a4666489cb7f65fe43d8573e6f15c2b3;165;S
Litt;SnTXl52ShW;a4666489cb7f65fe43d8573e6f15c2b3;165;P
Peake;WUtyb7Gypl;fc99d9b8fd9793eb592cabeb548ed312;165;S
Peake;WUtyb7Gypl;fc99d9b8fd9793eb592cabeb548ed312;165;P
Murzycki;kPZO6bkrfN;e3b984d706aefcfc2840e8ee157b1040;165;S
Murzycki;kPZO6bkrfN;e3b984d706aefcfc2840e8ee157b1040;165;P
Hyatt;HhfuCnT0OC;dd297a067b359af6c496bd081d3a0417;165;S
Hyatt;HhfuCnT0OC;dd297a067b359af6c496bd081d3a0417;165;P
Sandles;T65DP6xqpv;97072e80a4a3d1e5b2ff15c5dee99a5c;165;S
Sandles;T65DP6xqpv;97072e80a4a3d1e5b2ff15c5dee99a5c;165;P
Painton;3M96tLIaqf;5d1db8e1ea42b426ff21c5b557c4d2ad;165;S
Painton;3M96tLIaqf;5d1db8e1ea42b426ff21c5b557c4d2ad;165;P
Chatterton;8V2FfoHlXI;cefdea95549c29734940198e2e0f1feb;165;S
Chatterton;8V2FfoHlXI;cefdea95549c29734940198e2e0f1feb;165;P
Yong;eF1sB3hhrp;50786fa261169858a83db371411d6d2f;166;S
Yong;eF1sB3hhrp;50786fa261169858a83db371411d6d2f;166;P
Kidder;chIagMBC0i;d3d4a6383754779cfdf7177a9f32b6aa;166;S
Kidder;chIagMBC0i;d3d4a6383754779cfdf7177a9f32b6aa;166;P
Reimnitz;XKHGKGYh3S;84c457e8eba689ae1c5e072eb3c7186b;166;S
Reimnitz;XKHGKGYh3S;84c457e8eba689ae1c5e072eb3c7186b;166;P
Stovall;aZHBuIF6Lo;aaa4d33bdfe4a816829cd21a67b20382;166;S
Stovall;aZHBuIF6Lo;aaa4d33bdfe4a816829cd21a67b20382;166;P
Meri;3lE4Ox1dvD;6fb9dec2b74fd3dfbda89205acd6e369;166;S
Meri;3lE4Ox1dvD;6fb9dec2b74fd3dfbda89205acd6e369;166;P
Sannes;qtvqODCE5T;8d6bc5ea94f8dab5dc3654d514454366;166;S
Sannes;qtvqODCE5T;8d6bc5ea94f8dab5dc3654d514454366;166;P
Mcelhaney;JwK5HKWWqi;d9d7179eb92a99e8860fb3f97823b864;166;S
Mcelhaney;JwK5HKWWqi;d9d7179eb92a99e8860fb3f97823b864;166;P
Natani;VwFHKFaNVi;e3c01370c33c04ca1fcb3fe760a46a88;166;S
Natani;VwFHKFaNVi;e3c01370c33c04ca1fcb3fe760a46a88;166;P
Trumble;Ys3PSAsYSg;61b7ac1b702c762f1b885b8cf2554be5;166;S
Trumble;Ys3PSAsYSg;61b7ac1b702c762f1b885b8cf2554be5;166;P
Gamon;6qPJDxWVCy;ec869a626921ca86323e3d1ea8ff6806;166;S
Gamon;6qPJDxWVCy;ec869a626921ca86323e3d1ea8ff6806;166;P
Lehmkuhl;YEY9WXO9BI;5992e5a7c79d23a6f9d994c8bdc0d671;166;S
Lehmkuhl;YEY9WXO9BI;5992e5a7c79d23a6f9d994c8bdc0d671;166;P
Pavey;6R2eb9OQKL;1f3407d29833e4d138b2b0a0c5a4b8cc;166;S
Pavey;6R2eb9OQKL;1f3407d29833e4d138b2b0a0c5a4b8cc;166;P
Bos;Hdi6otXmZA;4f522f0a4e2aa0101be864ad9578f3a7;166;S
Bos;Hdi6otXmZA;4f522f0a4e2aa0101be864ad9578f3a7;166;P
Swaby;vYCsVfnwXM;d02126fa11d960ba49234d6c1c3d81d4;166;S
Swaby;vYCsVfnwXM;d02126fa11d960ba49234d6c1c3d81d4;166;P
Kame;1JdZDinQN2;bca824c89337bf7eea78c988440bb368;166;S
Kame;1JdZDinQN2;bca824c89337bf7eea78c988440bb368;166;P
Schaible;MTGahKBenL;320c3906c908112b8148ca1ee0d1f103;166;S
Schaible;MTGahKBenL;320c3906c908112b8148ca1ee0d1f103;166;P
Cocca;EQIrVXURvJ;b61b2752d87b8ac968a2658f71a0cfb9;166;S
Cocca;EQIrVXURvJ;b61b2752d87b8ac968a2658f71a0cfb9;166;P
Silsby;9e10ehdQQK;99ee395cae2b81647889ec5c8260e603;166;S
Silsby;9e10ehdQQK;99ee395cae2b81647889ec5c8260e603;166;P
Gellatly;yYgSu4O4oY;2eb683aaac1713abb28660e2f02f0124;166;S
Gellatly;yYgSu4O4oY;2eb683aaac1713abb28660e2f02f0124;166;P
Gotwalt;A9S3DJ47CH;04cf882d39bf0bc1dc7d72bede2ee9ac;166;S
Gotwalt;A9S3DJ47CH;04cf882d39bf0bc1dc7d72bede2ee9ac;166;P
Branine;QFAYMbiqG1;c2212aff087f49e7994fe1bfc9546575;166;S
Branine;QFAYMbiqG1;c2212aff087f49e7994fe1bfc9546575;166;P
Kibler;Q4DRnJiVyJ;f49b3e970d79e7180cb637f24b2c34bb;166;S
Kibler;Q4DRnJiVyJ;f49b3e970d79e7180cb637f24b2c34bb;166;P
Morfin;n7eKlkJcAB;335aa28c45623c83d94445a5d2d26db4;166;S
Morfin;n7eKlkJcAB;335aa28c45623c83d94445a5d2d26db4;166;P
Gilbo;tBoSmjVvm6;ef870d44c7406128d5ca7a8757692743;166;S
Gilbo;tBoSmjVvm6;ef870d44c7406128d5ca7a8757692743;166;P
Ratel;EdNxr0G7Nb;145defd86351c3f7765269fab76d3be6;166;S
Ratel;EdNxr0G7Nb;145defd86351c3f7765269fab76d3be6;166;P
Hove;E52akxt0jp;f483da94b33cdb8a1fa0b183d57be3d7;166;S
Hove;E52akxt0jp;f483da94b33cdb8a1fa0b183d57be3d7;166;P
Pennewell;M1IqrGBiHN;c7c1c16012862f025875f275a26fc00c;166;S
Pennewell;M1IqrGBiHN;c7c1c16012862f025875f275a26fc00c;166;P
Parkinson;OUSgmUXvIO;702890b69d2d1da75464b04fe1fb493e;166;S
Parkinson;OUSgmUXvIO;702890b69d2d1da75464b04fe1fb493e;166;P
Tebar;SglLWvwQ1M;00585e35b3810d970ffe8057c9034bda;166;S
Tebar;SglLWvwQ1M;00585e35b3810d970ffe8057c9034bda;166;P
Chadd;EbJMRLEtor;65a7abb48148f7befe587921c6f330e9;166;S
Chadd;EbJMRLEtor;65a7abb48148f7befe587921c6f330e9;166;P
Potthoff;5spsWGAuU6;b931979281a2cda602e31b7d3574f3ff;167;S
Potthoff;5spsWGAuU6;b931979281a2cda602e31b7d3574f3ff;167;P
Grieshaber;pUpqC3jz8D;13b9cee6aa4dbff6c64ce8ac881837f6;167;S
Grieshaber;pUpqC3jz8D;13b9cee6aa4dbff6c64ce8ac881837f6;167;P
Olivers;yW7SJoKXv0;7d4a40dc86197067259e337751439757;167;S
Olivers;yW7SJoKXv0;7d4a40dc86197067259e337751439757;167;P
Stouten;YRZSVheQgn;3d0301d52ae0ca43350230ed630e5d9a;167;S
Stouten;YRZSVheQgn;3d0301d52ae0ca43350230ed630e5d9a;167;P
Tourigny;J5kvXcRWGm;16b1aec4b22b36076b5e61409ab8161b;167;S
Tourigny;J5kvXcRWGm;16b1aec4b22b36076b5e61409ab8161b;167;P
Latulipe;mb0ynpSDYT;a0484f8a3eff5c4d8d2029a0e8b87f70;167;S
Latulipe;mb0ynpSDYT;a0484f8a3eff5c4d8d2029a0e8b87f70;167;P
Boudle;ZNF3cCs15P;9b4246612170bd70dea972db059968e6;167;S
Boudle;ZNF3cCs15P;9b4246612170bd70dea972db059968e6;167;P
Powles;VwiPghl5uF;67a0d8af39d2248b350b7723b80b81ad;167;S
Powles;VwiPghl5uF;67a0d8af39d2248b350b7723b80b81ad;167;P
Osornio;qz7Ku5AFaY;41234cf595e77b0b0549e9ffbe9879ed;167;S
Osornio;qz7Ku5AFaY;41234cf595e77b0b0549e9ffbe9879ed;167;P
Tamesha;4n4SB1sOUF;10d98fc7c865b543359a74e16454e0d7;167;S
Tamesha;4n4SB1sOUF;10d98fc7c865b543359a74e16454e0d7;167;P
Haye;AbL6pRnBih;e43c07fa52b166e4ccc77f832b944c78;167;S
Haye;AbL6pRnBih;e43c07fa52b166e4ccc77f832b944c78;167;P
Kemna;nMRaQk7Alg;83a4e3b852f731d83bc061d47ce0b80c;167;S
Kemna;nMRaQk7Alg;83a4e3b852f731d83bc061d47ce0b80c;167;P
Roback;VLSpxw7q3b;86e90151a5f8ab705b0a19501ab671c9;167;S
Roback;VLSpxw7q3b;86e90151a5f8ab705b0a19501ab671c9;167;P
Moneaux;xt4KuYdPnG;dbb6684ec14e0e5c8e628b1a30c62349;167;S
Moneaux;xt4KuYdPnG;dbb6684ec14e0e5c8e628b1a30c62349;167;P
Zavitz;tFhV5tXRrO;f4cf9850dd93ffb48f4788938c2d67c2;167;S
Zavitz;tFhV5tXRrO;f4cf9850dd93ffb48f4788938c2d67c2;167;P
Pelaez;dNilVT6d01;abb475346a5e60097112cf1b581411b4;167;S
Pelaez;dNilVT6d01;abb475346a5e60097112cf1b581411b4;167;P
Derksen;I3aY7eTk2N;c55c0c4ad93045bdbfd0663026204a39;167;S
Derksen;I3aY7eTk2N;c55c0c4ad93045bdbfd0663026204a39;167;P
Mastrolia;5GZZTO6n6m;9fc613fdf4ac2f3e9a251353d0ae15e2;167;S
Mastrolia;5GZZTO6n6m;9fc613fdf4ac2f3e9a251353d0ae15e2;167;P
Tuggles;87d3dynmIu;4acd300c0cfe4a9df25abf51265d4cf1;167;S
Tuggles;87d3dynmIu;4acd300c0cfe4a9df25abf51265d4cf1;167;P
Pierri;0dghIK5KUd;424906bbbd424a87c9e6c466868edf78;167;S
Pierri;0dghIK5KUd;424906bbbd424a87c9e6c466868edf78;167;P
Margaryan;dopNIjDIaj;8142418b83448198dc10de46b265da36;167;S
Margaryan;dopNIjDIaj;8142418b83448198dc10de46b265da36;167;P
Ketchie;sEBqP34YlP;8d6451eb9f459395b1aa893296684bbf;167;S
Ketchie;sEBqP34YlP;8d6451eb9f459395b1aa893296684bbf;167;P
Meranda;RaJHKVry65;4b746633020e248f9ff04af100d18239;167;S
Meranda;RaJHKVry65;4b746633020e248f9ff04af100d18239;167;P
Maalouf;213tHyplpQ;d8768dc319a9930b17609b55291ad825;167;S
Maalouf;213tHyplpQ;d8768dc319a9930b17609b55291ad825;167;P
Enriques;um1PPPzGmk;29b69cbcad1ff62cb3b96eb3a64057ea;167;S
Enriques;um1PPPzGmk;29b69cbcad1ff62cb3b96eb3a64057ea;167;P
Lamoreau;2ZevrmohsC;ec16326a9df33a0b0dce074e653e4dcd;167;S
Lamoreau;2ZevrmohsC;ec16326a9df33a0b0dce074e653e4dcd;167;P
Ordazzo;QDIMFK6AvJ;8dd8874b4242012c5865f5dec40ec71e;167;S
Ordazzo;QDIMFK6AvJ;8dd8874b4242012c5865f5dec40ec71e;167;P
Deborah;l7l8AcWpAi;be54715eca6b08aa2a6acbb20bf1e6b9;167;S
Deborah;l7l8AcWpAi;be54715eca6b08aa2a6acbb20bf1e6b9;167;P
Kaas;bOIJKJoWZM;33b9ae54cea24d6121a07c482cc9c83f;167;S
Kaas;bOIJKJoWZM;33b9ae54cea24d6121a07c482cc9c83f;167;P
Thorson;KrAFTVpI5i;20eaffb6e2f19b1841b27d7bb20ecf7d;167;S
Thorson;KrAFTVpI5i;20eaffb6e2f19b1841b27d7bb20ecf7d;167;P
Gutman;h8lN1lnv0N;6c929e1e852784283c3220e81f1e0219;168;S
Gutman;h8lN1lnv0N;6c929e1e852784283c3220e81f1e0219;168;P
Disanto;2LTeTP4ta8;1b515f5b3d1671dedb56d45fb1be6970;168;S
Disanto;2LTeTP4ta8;1b515f5b3d1671dedb56d45fb1be6970;168;P
Teodoro;i4FArOriDY;c137d2c6204e581a3629f3e290c95fbe;168;S
Teodoro;i4FArOriDY;c137d2c6204e581a3629f3e290c95fbe;168;P
Monsees;AKlc4kAVYQ;caf003f8303aaecab1fcdd023bd21033;168;S
Monsees;AKlc4kAVYQ;caf003f8303aaecab1fcdd023bd21033;168;P
Cartner;R0rgupLMYg;e8046567b2a1b893b184ec67460cb47c;168;S
Cartner;R0rgupLMYg;e8046567b2a1b893b184ec67460cb47c;168;P
Laverne;jybtKygsJl;11fe2e4c56c969417972700b97f997b4;168;S
Laverne;jybtKygsJl;11fe2e4c56c969417972700b97f997b4;168;P
Hokett;F3ORjC7PU9;f00fb3a98d3ddbc6372ef374bd87771c;168;S
Hokett;F3ORjC7PU9;f00fb3a98d3ddbc6372ef374bd87771c;168;P
Hayne;dmIyNP8Str;67382036aca42bb80c1a23ccb8c5f44e;168;S
Hayne;dmIyNP8Str;67382036aca42bb80c1a23ccb8c5f44e;168;P
Panich;AelHEc0OtW;6e77659857ab4ec730caad7c0bf98697;168;S
Panich;AelHEc0OtW;6e77659857ab4ec730caad7c0bf98697;168;P
Ducasse;t65FL6GUgd;925367826434726b3feb1acc52e747c8;168;S
Ducasse;t65FL6GUgd;925367826434726b3feb1acc52e747c8;168;P
Hathaway;3EL2XcoDBQ;99acf92f05710713d1019a99b19e5bdb;168;S
Hathaway;3EL2XcoDBQ;99acf92f05710713d1019a99b19e5bdb;168;P
Gingery;CXroTPuvMW;f77eb2ef96c7d451a9e5518fd42eed51;168;S
Gingery;CXroTPuvMW;f77eb2ef96c7d451a9e5518fd42eed51;168;P
Steuart;sn9rVr8oLg;fd822c50b505b79a16126d242101b60c;168;S
Steuart;sn9rVr8oLg;fd822c50b505b79a16126d242101b60c;168;P
Tompkins;mkcx7bzrL5;d101c28fbcc6f0bde351fa76c49d17e0;168;S
Tompkins;mkcx7bzrL5;d101c28fbcc6f0bde351fa76c49d17e0;168;P
Hufstedler;AYMbFcbgIm;658d35bbf7a136a9861cd12a6d9d6c35;168;S
Hufstedler;AYMbFcbgIm;658d35bbf7a136a9861cd12a6d9d6c35;168;P
Monterrubio;qep2IyLHfU;7f0b8f7f925641480f257b7582b877e6;168;S
Monterrubio;qep2IyLHfU;7f0b8f7f925641480f257b7582b877e6;168;P
Sanipasi;zWuBFTe77I;e96129cc7a4a727dc1c3570e08a17016;168;S
Sanipasi;zWuBFTe77I;e96129cc7a4a727dc1c3570e08a17016;168;P
Schatzel;XzVELHjTO3;5887c6a9a56f33f85e0dec7a90d5cb69;168;S
Schatzel;XzVELHjTO3;5887c6a9a56f33f85e0dec7a90d5cb69;168;P
Mcnab;MwL4Mt1kE8;1c443e53190d830c365ffcbc7a0d3b42;168;S
Mcnab;MwL4Mt1kE8;1c443e53190d830c365ffcbc7a0d3b42;168;P
Brothern;daqkmuNR2G;673dfc7620b62ad3e1baccddcf51fc33;168;S
Brothern;daqkmuNR2G;673dfc7620b62ad3e1baccddcf51fc33;168;P
Ostlie;CeWckBgg5a;929e4a566b14bdfe920dd14ffebc57f2;168;S
Ostlie;CeWckBgg5a;929e4a566b14bdfe920dd14ffebc57f2;168;P
Roupe;noCbCSPR0s;ace25074d8b77631087b182b1c07c954;168;S
Roupe;noCbCSPR0s;ace25074d8b77631087b182b1c07c954;168;P
Nedley;kyuSTLgAuw;facab25bb9e85a6621ced21ac429e08c;168;S
Nedley;kyuSTLgAuw;facab25bb9e85a6621ced21ac429e08c;168;P
Vandenbosch;MARoPxJGaL;c237195008f02bad110134a5f6447854;168;S
Vandenbosch;MARoPxJGaL;c237195008f02bad110134a5f6447854;168;P
Savant;AwyZP1uq2s;2e2de3fb7667a461394f44a434254e1c;168;S
Savant;AwyZP1uq2s;2e2de3fb7667a461394f44a434254e1c;168;P
Inostraza;PIwU0BQA5K;b3c7adff5d01dccf651848e0b9b3f3d4;168;S
Inostraza;PIwU0BQA5K;b3c7adff5d01dccf651848e0b9b3f3d4;168;P
Steffee;VPgaaZ60MA;3344e48e8ca641a99a753ee405b31fbc;168;S
Steffee;VPgaaZ60MA;3344e48e8ca641a99a753ee405b31fbc;168;P
Vandam;qTqI3RLjyU;09d5f18f3c48d851f5c51dd03f56f79f;168;S
Vandam;qTqI3RLjyU;09d5f18f3c48d851f5c51dd03f56f79f;168;P
Tsui;bPvgnw1H9v;31d87d702b72d315a880852bfb3d491d;168;S
Tsui;bPvgnw1H9v;31d87d702b72d315a880852bfb3d491d;168;P
Coone;Te4rKt3zFA;865f7f39e4e4204209187981b7a97ff7;168;S
Coone;Te4rKt3zFA;865f7f39e4e4204209187981b7a97ff7;168;P
Bilbo;aJJsf1wXVe;8191c3254ec81d23d69a619958a03159;169;S
Bilbo;aJJsf1wXVe;8191c3254ec81d23d69a619958a03159;169;P
Delcourt;qdMTjv7uhQ;b98760c1b72872a7598251d9b1d1e9c5;169;S
Delcourt;qdMTjv7uhQ;b98760c1b72872a7598251d9b1d1e9c5;169;P
Outhier;21bQEgMEmq;f66e0177c2d24e07912309aa31e9c035;169;S
Outhier;21bQEgMEmq;f66e0177c2d24e07912309aa31e9c035;169;P
Frisby;tTP5Xw5F09;52cef127bbb1413aa30200015c107bf3;169;S
Frisby;tTP5Xw5F09;52cef127bbb1413aa30200015c107bf3;169;P
Turnbill;ebEbGOTcRE;0f6467958e8b1f656262bb16a9eac6aa;169;S
Turnbill;ebEbGOTcRE;0f6467958e8b1f656262bb16a9eac6aa;169;P
Fouracre;8yNGOKILk3;770617d5d2e8e6575c49ad4542792c46;169;S
Fouracre;8yNGOKILk3;770617d5d2e8e6575c49ad4542792c46;169;P
Crispen;CYwIuUTZlY;e1615e3bb11b911450693783d1dc2550;169;S
Crispen;CYwIuUTZlY;e1615e3bb11b911450693783d1dc2550;169;P
Sandlan;DCGqSLhnpG;010eb505aa8233dc12943717d79436c2;169;S
Sandlan;DCGqSLhnpG;010eb505aa8233dc12943717d79436c2;169;P
Eigo;Rd3wIpzExK;4f5fee1733240e66c72334a18e6ec98e;169;S
Eigo;Rd3wIpzExK;4f5fee1733240e66c72334a18e6ec98e;169;P
Kepp;9GJtSyg7yd;b0606054405f27cea1f5e9c6b5bf540f;169;S
Kepp;9GJtSyg7yd;b0606054405f27cea1f5e9c6b5bf540f;169;P
Siller;uHj8a6zoPf;c1bfb2c3db343b52855a2a875538dc4b;169;S
Siller;uHj8a6zoPf;c1bfb2c3db343b52855a2a875538dc4b;169;P
Gauthier;17GSlm2spv;cd4851949f4e296c3f601d890e135ffd;169;S
Gauthier;17GSlm2spv;cd4851949f4e296c3f601d890e135ffd;169;P
Delligatti;Yy5mn6EIYR;0338c4db17e9fd5a8a65123540273788;169;S
Delligatti;Yy5mn6EIYR;0338c4db17e9fd5a8a65123540273788;169;P
Laurimore;VawR962vE6;c94ee5f89bbefe9cc80847845c5aee0d;169;S
Laurimore;VawR962vE6;c94ee5f89bbefe9cc80847845c5aee0d;169;P
Ciccarelli;g7w80wnUfv;bbcc02cc19a7d43a9e0f140532057bda;169;S
Ciccarelli;g7w80wnUfv;bbcc02cc19a7d43a9e0f140532057bda;169;P
Dorce;2PKG6PVx0L;81fbf4230a04fd345d3a9882e939778a;169;S
Dorce;2PKG6PVx0L;81fbf4230a04fd345d3a9882e939778a;169;P
Schlau;vK56rMWZnd;de3acceedffff5a72b17693162a4ff06;169;S
Schlau;vK56rMWZnd;de3acceedffff5a72b17693162a4ff06;169;P
Journeay;02NIubimOP;4563b7beedfa10ede72fba38d3a63042;169;S
Journeay;02NIubimOP;4563b7beedfa10ede72fba38d3a63042;169;P
Kindler;dv2489qEkf;36f2cfef4041608940d9b43c3479f043;169;S
Kindler;dv2489qEkf;36f2cfef4041608940d9b43c3479f043;169;P
Bohinc;ojBgFfo9Pg;a08c90d868cbd072d78a7d075d71ed00;169;S
Bohinc;ojBgFfo9Pg;a08c90d868cbd072d78a7d075d71ed00;169;P
Decenzo;2h41Xwi4GT;75e59808a320b7b32a24cc898ef927c8;169;S
Decenzo;2h41Xwi4GT;75e59808a320b7b32a24cc898ef927c8;169;P
Wolfram;AApp1aIS6C;fb228b0005b5aea4f748afc5236c6004;169;S
Wolfram;AApp1aIS6C;fb228b0005b5aea4f748afc5236c6004;169;P
Marchel;DXhDifcnzq;cf0e714b277c1909cf002d7e19c9a139;169;S
Marchel;DXhDifcnzq;cf0e714b277c1909cf002d7e19c9a139;169;P
Eastmond;XZrf5urnNx;376337c6050194e7f6e68b3fdfd06de2;169;S
Eastmond;XZrf5urnNx;376337c6050194e7f6e68b3fdfd06de2;169;P
Parco;PfS1hzhCfE;9029eaad63834396da2d8ba1a9f0cbe7;169;S
Parco;PfS1hzhCfE;9029eaad63834396da2d8ba1a9f0cbe7;169;P
Waack;gtJAqFrFgP;0c23316acc392d1fbe87a1fda967ef68;169;S
Waack;gtJAqFrFgP;0c23316acc392d1fbe87a1fda967ef68;169;P
Dubovsky;OdWIyR8OTp;44a4eb69562f99a169a9fa5e724f83f5;169;S
Dubovsky;OdWIyR8OTp;44a4eb69562f99a169a9fa5e724f83f5;169;P
Spinosa;XOJdwl0UR0;a5dca7fa02ffd57adb6d8ec0bc1e516b;169;S
Spinosa;XOJdwl0UR0;a5dca7fa02ffd57adb6d8ec0bc1e516b;169;P
Luce;pkIpnyyPZ7;9f07c2d9628591402e0d775e5a8955bc;169;S
Luce;pkIpnyyPZ7;9f07c2d9628591402e0d775e5a8955bc;169;P
Cashdollar;RGSMxUPq15;88d38e9698f614c9215e9d4629531c2e;169;S
Cashdollar;RGSMxUPq15;88d38e9698f614c9215e9d4629531c2e;169;P
Foulds;laWzXlsiMj;01748f3a02334d8aafb9fee6c9235c84;170;S
Foulds;laWzXlsiMj;01748f3a02334d8aafb9fee6c9235c84;170;P
Lachelle;3KFJSz9PE3;e468282c566f6038d094a6a18df4cd26;170;S
Lachelle;3KFJSz9PE3;e468282c566f6038d094a6a18df4cd26;170;P
Juengling;2k4wiRqbNE;2b950fc8369cdd158da56a41ce922478;170;S
Juengling;2k4wiRqbNE;2b950fc8369cdd158da56a41ce922478;170;P
Weispfenning;nIh1GKQKJK;3712de30382807c64170ea15fc977360;170;S
Weispfenning;nIh1GKQKJK;3712de30382807c64170ea15fc977360;170;P
Delperdang;puvrJGKSta;9f338f6088332be41faccc9c99a987db;170;S
Delperdang;puvrJGKSta;9f338f6088332be41faccc9c99a987db;170;P
Theeman;RtODcTOjyX;a2dbb61611465f4d179fcf597cef1d75;170;S
Theeman;RtODcTOjyX;a2dbb61611465f4d179fcf597cef1d75;170;P
Sanberg;29bbOsgE2h;c9047cfe98ec123d3df5f9abdc441ba5;170;S
Sanberg;29bbOsgE2h;c9047cfe98ec123d3df5f9abdc441ba5;170;P
Wallberg;Ih3LzvEht5;feeef18d1a77988153b21ffa05916b6f;170;S
Wallberg;Ih3LzvEht5;feeef18d1a77988153b21ffa05916b6f;170;P
Hermans;RS9R7CzO52;1d753841ac5685306bd4d2e89a69cb64;170;S
Hermans;RS9R7CzO52;1d753841ac5685306bd4d2e89a69cb64;170;P
Shibata;jOSCXUiS1F;6faa97c9f3963d5f4d9e5b5842afdd1c;170;S
Shibata;jOSCXUiS1F;6faa97c9f3963d5f4d9e5b5842afdd1c;170;P
Mckaig;LFvyQltSvZ;b5b3492cec581caa0244830c95524b62;170;S
Mckaig;LFvyQltSvZ;b5b3492cec581caa0244830c95524b62;170;P
Pipkin;1Ny2KmgS2u;c8afaaa5a1f86481e6dbde24e7542858;170;S
Pipkin;1Ny2KmgS2u;c8afaaa5a1f86481e6dbde24e7542858;170;P
Mckeighan;V01la4iKUB;6e11af46dbdd9b65df977698d227a15f;170;S
Mckeighan;V01la4iKUB;6e11af46dbdd9b65df977698d227a15f;170;P
Belia;7XQjOlK2W5;70dcc3a78553d875b9aa4f11fdf4dd87;170;S
Belia;7XQjOlK2W5;70dcc3a78553d875b9aa4f11fdf4dd87;170;P
Urbine;YmdZpjLMkn;ea479eee53dc1486d6201ae1667ccd86;170;S
Urbine;YmdZpjLMkn;ea479eee53dc1486d6201ae1667ccd86;170;P
Purslow;H7LZZGVsBN;1136988f119b5ee8da1633f17abed083;170;S
Purslow;H7LZZGVsBN;1136988f119b5ee8da1633f17abed083;170;P
Nunlee;1pmIbpXhco;ba2e26a75e28593da775423a5bcb6686;170;S
Nunlee;1pmIbpXhco;ba2e26a75e28593da775423a5bcb6686;170;P
Sanpson;DSoSW31hPb;c60ca50ec97d1654e01a0ce934d490b7;170;S
Sanpson;DSoSW31hPb;c60ca50ec97d1654e01a0ce934d490b7;170;P
Meyerman;U5WUzsBGoH;01539910411da0329c10e00e7592f065;170;S
Meyerman;U5WUzsBGoH;01539910411da0329c10e00e7592f065;170;P
Mondt;qCnJ5awXz9;e1920193e403c88fa13a2241f3008eda;170;S
Mondt;qCnJ5awXz9;e1920193e403c88fa13a2241f3008eda;170;P
Honore;LY6i8suwFm;71530422f9721530237dfd01beab10f2;170;S
Honore;LY6i8suwFm;71530422f9721530237dfd01beab10f2;170;P
Bommarito;bNGua4VU7k;93ee07fa55460929e6e1389c8ee5cfa3;170;S
Bommarito;bNGua4VU7k;93ee07fa55460929e6e1389c8ee5cfa3;170;P
Maricle;93Y0ldGaTj;4348e6cf6b275413da5a34d9af686e70;170;S
Maricle;93Y0ldGaTj;4348e6cf6b275413da5a34d9af686e70;170;P
Haushalter;f9BjQNlJvi;6a9ebf012654a80ce47ed851df05a399;170;S
Haushalter;f9BjQNlJvi;6a9ebf012654a80ce47ed851df05a399;170;P
Casciato;II3H8Myoer;47b0dfe612e7a9cecd8e8fa70bd8d5f8;170;S
Casciato;II3H8Myoer;47b0dfe612e7a9cecd8e8fa70bd8d5f8;170;P
Sacha;h3saaGWIpc;b828b154263ab29c4203d724acd0fe14;170;S
Sacha;h3saaGWIpc;b828b154263ab29c4203d724acd0fe14;170;P
Placker;rYEVftXPbk;26b5dcb22f61c764eb3bda4bacd212ad;170;S
Placker;rYEVftXPbk;26b5dcb22f61c764eb3bda4bacd212ad;170;P
Yagoudaef;EbKOo10HZo;7a9ccab7cd88a9e6a22d00f24017ac3a;170;S
Yagoudaef;EbKOo10HZo;7a9ccab7cd88a9e6a22d00f24017ac3a;170;P
Gittleman;JfUJNLIIlc;1720c565cd61fd4f752efe34a57ea6ea;170;S
Gittleman;JfUJNLIIlc;1720c565cd61fd4f752efe34a57ea6ea;170;P
Zoldak;7znfcrK2zj;3daf1359d3e7148ac046329845222d85;170;S
Zoldak;7znfcrK2zj;3daf1359d3e7148ac046329845222d85;170;P
Gfeller;zRPOc7TU1b;3c97d3460f932d33d3a1f9a83424ef9d;171;S
Gfeller;zRPOc7TU1b;3c97d3460f932d33d3a1f9a83424ef9d;171;P
Szewczak;xBj0Pjjsy5;1a9ab32fceb606cb9bf42c1d1118daa8;171;S
Szewczak;xBj0Pjjsy5;1a9ab32fceb606cb9bf42c1d1118daa8;171;P
Sokolsky;Ck037ZQZnZ;3fc31560e1db6c85dff21bc9c2d67d67;171;S
Sokolsky;Ck037ZQZnZ;3fc31560e1db6c85dff21bc9c2d67d67;171;P
Bowlet;CLofEOGeaP;33c9aeaaf680a1fb7c38d67fad765594;171;S
Bowlet;CLofEOGeaP;33c9aeaaf680a1fb7c38d67fad765594;171;P
Herritt;txmJgLkrSR;0fdae77edc69696d47df9c29b9ddd9ed;171;S
Herritt;txmJgLkrSR;0fdae77edc69696d47df9c29b9ddd9ed;171;P
Kirven;NB5xOAMZ9f;b4f8b877ae3e8fc55959b7fdf82a4223;171;S
Kirven;NB5xOAMZ9f;b4f8b877ae3e8fc55959b7fdf82a4223;171;P
Kye;WFt6ioABIx;544a430a194cef61887dda5da688f555;171;S
Kye;WFt6ioABIx;544a430a194cef61887dda5da688f555;171;P
Muna;rfEw4FYF8i;7b37fdb364353cbaeac4f450228d9f05;171;S
Muna;rfEw4FYF8i;7b37fdb364353cbaeac4f450228d9f05;171;P
Mostiller;HY2nqsdZnT;887334fbdc508a8fce0127aa6cca4881;171;S
Mostiller;HY2nqsdZnT;887334fbdc508a8fce0127aa6cca4881;171;P
Strozier;BAx0Vd9GxT;5a48203b9532149eda0d6523135d7ac1;171;S
Strozier;BAx0Vd9GxT;5a48203b9532149eda0d6523135d7ac1;171;P
Keshishyan;CYqofQZNzb;b62fd793b50a504aed5fd1a1ea12a004;171;S
Keshishyan;CYqofQZNzb;b62fd793b50a504aed5fd1a1ea12a004;171;P
Schulweis;U0e87fi3CZ;1e37ac784c04223a734bef84f1f5f57d;171;S
Schulweis;U0e87fi3CZ;1e37ac784c04223a734bef84f1f5f57d;171;P
Revolorio;qQQsxczqiJ;f858f15e7ca4deb783b04ccae288f157;171;S
Revolorio;qQQsxczqiJ;f858f15e7ca4deb783b04ccae288f157;171;P
Grieshop;5RtE8iFn0t;3b67cfd83067b0112f7556740992d6db;171;S
Grieshop;5RtE8iFn0t;3b67cfd83067b0112f7556740992d6db;171;P
Iha;IXLb5AOiM3;2b5c0d50cd73479d8b7999a602629307;171;S
Iha;IXLb5AOiM3;2b5c0d50cd73479d8b7999a602629307;171;P
Gerri;NnuxkLhXvj;3b9d9d4478927ff5badcd2c2a0b920c8;171;S
Gerri;NnuxkLhXvj;3b9d9d4478927ff5badcd2c2a0b920c8;171;P
Korynta;rfPUwTSjXj;fa6fb26e593990bf73b88740f794db62;171;S
Korynta;rfPUwTSjXj;fa6fb26e593990bf73b88740f794db62;171;P
Denfip;KBBGeu31VI;4bd3929db89d55dbf48ed06d8ccd84f7;171;S
Denfip;KBBGeu31VI;4bd3929db89d55dbf48ed06d8ccd84f7;171;P
Sins;KLWEVIkjGB;3379734004dbdec85922a288b69490a1;171;S
Sins;KLWEVIkjGB;3379734004dbdec85922a288b69490a1;171;P
Hartless;8H2HDb8JsD;1e7d1072176ff810784a46433c664332;171;S
Hartless;8H2HDb8JsD;1e7d1072176ff810784a46433c664332;171;P
Rieth;8SrHv9wZSO;0aa4b4cfcc8e707d2fac9249f6e07a89;171;S
Rieth;8SrHv9wZSO;0aa4b4cfcc8e707d2fac9249f6e07a89;171;P
Speirs;dU0D3Ysy6S;39af877a1b162dcb5d86d4f16e43aded;171;S
Speirs;dU0D3Ysy6S;39af877a1b162dcb5d86d4f16e43aded;171;P
Bolch;HaVHvDSh5m;e89c7269593e614908d2b068cbd07284;171;S
Bolch;HaVHvDSh5m;e89c7269593e614908d2b068cbd07284;171;P
Burpee;ethhkGx7oB;3e9624d3cdf8fe7d398b849e8b5213dd;171;S
Burpee;ethhkGx7oB;3e9624d3cdf8fe7d398b849e8b5213dd;171;P
Huntley;qPRsMbuAGp;59a611dff5a38bf7e6b2b76c42642220;171;S
Huntley;qPRsMbuAGp;59a611dff5a38bf7e6b2b76c42642220;171;P
Frick;h6bA3RuDFx;e5c158f732a3f31250f5fda73f991895;171;S
Frick;h6bA3RuDFx;e5c158f732a3f31250f5fda73f991895;171;P
Yokely;WugAiMzEqe;38adc2cad15d4e2b4afed0542726baa3;171;S
Yokely;WugAiMzEqe;38adc2cad15d4e2b4afed0542726baa3;171;P
Leo;ciBqilYFgT;8c1634e1d52e2e691e39a33e99725daf;171;S
Leo;ciBqilYFgT;8c1634e1d52e2e691e39a33e99725daf;171;P
Morla;76bJdtP0oC;a7b0b8a5bda42c69491c24b3dd978d87;171;S
Morla;76bJdtP0oC;a7b0b8a5bda42c69491c24b3dd978d87;171;P
Nicklaw;J76BDRRTMH;5bbbd5b047eba3b3b945a414be93c141;172;S
Nicklaw;J76BDRRTMH;5bbbd5b047eba3b3b945a414be93c141;172;P
Veldkamp;QAJ9QuhVEf;1489839d76ccb769e51ba846ec13ecee;172;S
Veldkamp;QAJ9QuhVEf;1489839d76ccb769e51ba846ec13ecee;172;P
Yerhot;ormmyWyNo4;f840be3414759e229e12b1d8f21c0b6b;172;S
Yerhot;ormmyWyNo4;f840be3414759e229e12b1d8f21c0b6b;172;P
Campisi;8KZABLHHiN;bad3aa09f0b7fc88c65ab4a19313263b;172;S
Campisi;8KZABLHHiN;bad3aa09f0b7fc88c65ab4a19313263b;172;P
Lagamba;MvxXeylvvf;7107453c839b515c398995449c70d1cb;172;S
Lagamba;MvxXeylvvf;7107453c839b515c398995449c70d1cb;172;P
Pekala;fsKvlf2Jed;6c5450d464526fa577207300758cf7a1;172;S
Pekala;fsKvlf2Jed;6c5450d464526fa577207300758cf7a1;172;P
Yap;dl686O2a2P;579623280e78e17f21b5e8afe44e8e48;172;S
Yap;dl686O2a2P;579623280e78e17f21b5e8afe44e8e48;172;P
Christen;kB7rhgmwJf;88916a45f9dc19fcbdf7263a1d72d80f;172;S
Christen;kB7rhgmwJf;88916a45f9dc19fcbdf7263a1d72d80f;172;P
Godbold;ZTnp7z6dqb;a656d22376fd6ef5d4665c14b5dd0904;172;S
Godbold;ZTnp7z6dqb;a656d22376fd6ef5d4665c14b5dd0904;172;P
Gulbranson;Sn9fhDC9f9;26b8b791f0c84abbcadeed94c1a8f8be;172;S
Gulbranson;Sn9fhDC9f9;26b8b791f0c84abbcadeed94c1a8f8be;172;P
Mcglockton;5DQHlZZrZp;fa84debe4e2c057abe64fea287453c9f;172;S
Mcglockton;5DQHlZZrZp;fa84debe4e2c057abe64fea287453c9f;172;P
Fredrickson;jNmu7S3dcT;265c77e72df873574d1bbb7faab57a55;172;S
Fredrickson;jNmu7S3dcT;265c77e72df873574d1bbb7faab57a55;172;P
Strople;CLnZvIRdA4;fc7dd19c6fd21e2f814ef61b0b40f416;172;S
Strople;CLnZvIRdA4;fc7dd19c6fd21e2f814ef61b0b40f416;172;P
Downham;AOd58mCrIH;4aede4c7e4a954e5ff0cf488d7a14c17;172;S
Downham;AOd58mCrIH;4aede4c7e4a954e5ff0cf488d7a14c17;172;P
Mossor;hOTsCw0VTv;fa6c6d9f283c1383b6cc4e55ec7530c7;172;S
Mossor;hOTsCw0VTv;fa6c6d9f283c1383b6cc4e55ec7530c7;172;P
Lyons;xOnSsZqHgy;30465c9b569b578b948da7d7681bd72f;172;S
Lyons;xOnSsZqHgy;30465c9b569b578b948da7d7681bd72f;172;P
Mcninch;tvV9MDUZ7g;f8838d2eac946a4570f0810ed90ebe5b;172;S
Mcninch;tvV9MDUZ7g;f8838d2eac946a4570f0810ed90ebe5b;172;P
Chugg;Fi23YgHI1j;3803da5c5e35ed9a377e7679081bc26a;172;S
Chugg;Fi23YgHI1j;3803da5c5e35ed9a377e7679081bc26a;172;P
Schweder;agjYYiYoD1;c8c6e0d24751fa7cc9f24bd9c135eded;172;S
Schweder;agjYYiYoD1;c8c6e0d24751fa7cc9f24bd9c135eded;172;P
Cashman;HktJefh1g8;c3914520716d0d48fcdf951ad67b684b;172;S
Cashman;HktJefh1g8;c3914520716d0d48fcdf951ad67b684b;172;P
Pinckney;SLlf1Yk8Qe;a9134ad5fde9de7eadaba33f225fbee6;172;S
Pinckney;SLlf1Yk8Qe;a9134ad5fde9de7eadaba33f225fbee6;172;P
Paleaae;AbVF1xonCn;71af3fc5a947d7b42abcf3922d202f58;172;S
Paleaae;AbVF1xonCn;71af3fc5a947d7b42abcf3922d202f58;172;P
Cowgill;pysj1dP0DO;33950a5e9f534bb1c067534f64465a61;172;S
Cowgill;pysj1dP0DO;33950a5e9f534bb1c067534f64465a61;172;P
Lamberti;fHBazIOIrP;a0260966824f9f776abd7412814b6428;172;S
Lamberti;fHBazIOIrP;a0260966824f9f776abd7412814b6428;172;P
Flathers;ycKPLLaAUv;e0a40e3fc90dbfda58d29fb7fb13a632;172;S
Flathers;ycKPLLaAUv;e0a40e3fc90dbfda58d29fb7fb13a632;172;P
Wigboldy;twxEiJDG3X;3506ae4f285b33ab0ff95612f89877db;172;S
Wigboldy;twxEiJDG3X;3506ae4f285b33ab0ff95612f89877db;172;P
Victoria;fcL9QM1J34;3752982a11ff6b523b51ab3ce49967db;172;S
Victoria;fcL9QM1J34;3752982a11ff6b523b51ab3ce49967db;172;P
Hartse;ka4YM2g8aS;6b45e6401ff4a9567e15753e22a751d9;172;S
Hartse;ka4YM2g8aS;6b45e6401ff4a9567e15753e22a751d9;172;P
Kolic;VthvztLH3L;c079f8fe9d934187e1931bc35dc79dd1;172;S
Kolic;VthvztLH3L;c079f8fe9d934187e1931bc35dc79dd1;172;P
Glennie;n3vi0F9xCa;5ee9468f09adabb1ef82a105cc957b7f;172;S
Glennie;n3vi0F9xCa;5ee9468f09adabb1ef82a105cc957b7f;172;P
Yamanaka;kM5HHAZDHX;a0b44467d7a37b95623e36f0422fa52a;173;S
Yamanaka;kM5HHAZDHX;a0b44467d7a37b95623e36f0422fa52a;173;P
Rindler;bEwNFAqd47;56e0be40312544a227c8417fc580e57e;173;S
Rindler;bEwNFAqd47;56e0be40312544a227c8417fc580e57e;173;P
Groshong;pCwh41k1xf;fa6fc3e1cac111bc556d84c40d87df94;173;S
Groshong;pCwh41k1xf;fa6fc3e1cac111bc556d84c40d87df94;173;P
Jade;hsG5YAaVgm;d8a359827e0b6a17ec24663d97e8b483;173;S
Jade;hsG5YAaVgm;d8a359827e0b6a17ec24663d97e8b483;173;P
Rightmyer;94vfJjXSLt;dc01d261876b4ef264256de0d39e2ded;173;S
Rightmyer;94vfJjXSLt;dc01d261876b4ef264256de0d39e2ded;173;P
Boerst;71HoPlXbjy;75af2efd8cd5024d5933b0a724a0aa5d;173;S
Boerst;71HoPlXbjy;75af2efd8cd5024d5933b0a724a0aa5d;173;P
Hadwin;AoVmwyockC;134b8c67ac97bb8d1dbd28ecbf05da4f;173;S
Hadwin;AoVmwyockC;134b8c67ac97bb8d1dbd28ecbf05da4f;173;P
Stathis;Ai8kAMSCR0;d06803299d4d43dc726c168cf245ab13;173;S
Stathis;Ai8kAMSCR0;d06803299d4d43dc726c168cf245ab13;173;P
Sprole;Y9AWetQn4Z;7f155ba9515d8687445a8425683d4dfd;173;S
Sprole;Y9AWetQn4Z;7f155ba9515d8687445a8425683d4dfd;173;P
Kuch;zGUjXtiP9g;afc077585e9bf74d1008dd4d61b1881b;173;S
Kuch;zGUjXtiP9g;afc077585e9bf74d1008dd4d61b1881b;173;P
Lawyer;GEJqodN4Yr;4dd37cc73a0fcfeb3d210cbfcbb80659;173;S
Lawyer;GEJqodN4Yr;4dd37cc73a0fcfeb3d210cbfcbb80659;173;P
Zeitler;ty9c5rT82h;889c349cfef718a6e09cf61af44c1b52;173;S
Zeitler;ty9c5rT82h;889c349cfef718a6e09cf61af44c1b52;173;P
Hazelhurst;Qk7Dkfd8dI;0d4ea5bd1746682a33ea7401e54864e8;173;S
Hazelhurst;Qk7Dkfd8dI;0d4ea5bd1746682a33ea7401e54864e8;173;P
Knaggs;OZ48wDLa5j;315ce47525ca50dde893366079740b3b;173;S
Knaggs;OZ48wDLa5j;315ce47525ca50dde893366079740b3b;173;P
Schech;UcjQNbV1mR;83d081b004926860904c676fab4ef4d9;173;S
Schech;UcjQNbV1mR;83d081b004926860904c676fab4ef4d9;173;P
Preston;qMlPXi1UhX;6066e39dd53727d9ea7a2abb19a96517;173;S
Preston;qMlPXi1UhX;6066e39dd53727d9ea7a2abb19a96517;173;P
Duenke;HabV7laN1P;deb52adfd25cbe9ead0ed6a4e11505c5;173;S
Duenke;HabV7laN1P;deb52adfd25cbe9ead0ed6a4e11505c5;173;P
Zaccaro;3yUgnQzIzE;9fe5800c9a0543c754eb1540571a4e40;173;S
Zaccaro;3yUgnQzIzE;9fe5800c9a0543c754eb1540571a4e40;173;P
Chey;oWDNhmB1ws;a6549a615fdf511d88d1b7d6cd03fc4d;173;S
Chey;oWDNhmB1ws;a6549a615fdf511d88d1b7d6cd03fc4d;173;P
Waneka;jygPtWmL1S;3856afb4c7aeb412d99e2868af60aa4a;173;S
Waneka;jygPtWmL1S;3856afb4c7aeb412d99e2868af60aa4a;173;P
Menjiva;2NK6CMu6fm;b82ba5b337c235c0086fccdc31c33094;173;S
Menjiva;2NK6CMu6fm;b82ba5b337c235c0086fccdc31c33094;173;P
Deignan;eGTixT9Ybe;5406dfc126494193b76212f7ce0c623f;173;S
Deignan;eGTixT9Ybe;5406dfc126494193b76212f7ce0c623f;173;P
Pecararo;aBDRow3cJu;79f0a648c32a4560cd433f15dcb08978;173;S
Pecararo;aBDRow3cJu;79f0a648c32a4560cd433f15dcb08978;173;P
Karmen;wNSt189GfQ;f8f44808e81aa5c03b2c9ed3a3d743b4;173;S
Karmen;wNSt189GfQ;f8f44808e81aa5c03b2c9ed3a3d743b4;173;P
Pittard;l13vWt76sI;b3ca11711e624ef7cc46e759b1d048b1;173;S
Pittard;l13vWt76sI;b3ca11711e624ef7cc46e759b1d048b1;173;P
Disorbo;BNwjqr6d3Q;08cab8fc733b7fc9c418eeed665847e4;173;S
Disorbo;BNwjqr6d3Q;08cab8fc733b7fc9c418eeed665847e4;173;P
Mcclung;FEA4DVKhFw;b1cbb6c459773e15dd3b2c61eaded20c;173;S
Mcclung;FEA4DVKhFw;b1cbb6c459773e15dd3b2c61eaded20c;173;P
Maschino;UJzCbBBKml;cca4e8bc9879bb45ce50506a6f50e9b0;173;S
Maschino;UJzCbBBKml;cca4e8bc9879bb45ce50506a6f50e9b0;173;P
Thomeczek;avZ99hngp3;430f73146d26263c251e17c8b9aa6512;173;S
Thomeczek;avZ99hngp3;430f73146d26263c251e17c8b9aa6512;173;P
Dietert;0YvC5pSIR8;71f6ebda3ba0b25d684873ffdcc036e7;173;S
Dietert;0YvC5pSIR8;71f6ebda3ba0b25d684873ffdcc036e7;173;P
Darland;hkhlqUf8TE;65ead4e48642cea687739a48e0632ae9;174;S
Darland;hkhlqUf8TE;65ead4e48642cea687739a48e0632ae9;174;P
Greenway;3bzLiIowyk;82dcb4d24893817d7cc7509007a334a5;174;S
Greenway;3bzLiIowyk;82dcb4d24893817d7cc7509007a334a5;174;P
Clewell;H3KYZDUAYz;308418e9d59a8a1f0e7fdfc9c5ce8fce;174;S
Clewell;H3KYZDUAYz;308418e9d59a8a1f0e7fdfc9c5ce8fce;174;P
Sieverson;scxTRH5uWy;8d245d07f49ca2407538ab9ff6bbd4e7;174;S
Sieverson;scxTRH5uWy;8d245d07f49ca2407538ab9ff6bbd4e7;174;P
Hanhardt;swfTKdk3nK;2e0d88550c114a93877af9db766098f7;174;S
Hanhardt;swfTKdk3nK;2e0d88550c114a93877af9db766098f7;174;P
Casmore;9r5gXtpec3;2ab07c18dc6baf6e12575f849a6132b5;174;S
Casmore;9r5gXtpec3;2ab07c18dc6baf6e12575f849a6132b5;174;P
Dickmann;iwgYi6BJ1y;68c6bbc000bb4e3528cea0ee21c0f82c;174;S
Dickmann;iwgYi6BJ1y;68c6bbc000bb4e3528cea0ee21c0f82c;174;P
Porco;T5IsdnrlRj;da917eb53bfa2799c9827c7db8cfdac2;174;S
Porco;T5IsdnrlRj;da917eb53bfa2799c9827c7db8cfdac2;174;P
Stephaine;IRR9DbmaHU;d682ef0352b9171e1032a02eab6a493a;174;S
Stephaine;IRR9DbmaHU;d682ef0352b9171e1032a02eab6a493a;174;P
Muzyka;dbUOJxmEfq;eea57afce61c0270f171125e4504f641;174;S
Muzyka;dbUOJxmEfq;eea57afce61c0270f171125e4504f641;174;P
Scobee;4XgkoLlLZm;80b68c2d0ece63bf15247ccf68c8c220;174;S
Scobee;4XgkoLlLZm;80b68c2d0ece63bf15247ccf68c8c220;174;P
Cythia;uQ4khwiXjY;2d984717a97d8ea23ece131cd63583a6;174;S
Cythia;uQ4khwiXjY;2d984717a97d8ea23ece131cd63583a6;174;P
Blanch;6ucXziYjK9;c5cabe844bfa2a574131352981e46a17;174;S
Blanch;6ucXziYjK9;c5cabe844bfa2a574131352981e46a17;174;P
Blossomgame;2WTGKxAbyE;3ceeefaa154cd2d4904efca4486bed7b;174;S
Blossomgame;2WTGKxAbyE;3ceeefaa154cd2d4904efca4486bed7b;174;P
Seekford;xArepldZKe;661311578c0ba72d6e270402cca8bada;174;S
Seekford;xArepldZKe;661311578c0ba72d6e270402cca8bada;174;P
Strede;gfW7vLjpME;3d8312ced8a78a54cf7135e8d65d6917;174;S
Strede;gfW7vLjpME;3d8312ced8a78a54cf7135e8d65d6917;174;P
Finamore;fLsqF38DBo;4aa026ced90b1d31f156185835f5a6b8;174;S
Finamore;fLsqF38DBo;4aa026ced90b1d31f156185835f5a6b8;174;P
Zoll;uwq8DeRKIS;b80005377f41de3f5fffa22333778684;174;S
Zoll;uwq8DeRKIS;b80005377f41de3f5fffa22333778684;174;P
Calonne;rR4KTPBxs4;36884a76837e6ff14609661ac7f0970e;174;S
Calonne;rR4KTPBxs4;36884a76837e6ff14609661ac7f0970e;174;P
Glassco;Td6qedfvF8;1ddee93fa080d69c6922698fa43db36f;174;S
Glassco;Td6qedfvF8;1ddee93fa080d69c6922698fa43db36f;174;P
Kiger;SrhLK1M7pK;97e81b0fd7651e742d49c73e906815b6;174;S
Kiger;SrhLK1M7pK;97e81b0fd7651e742d49c73e906815b6;174;P
Deterline;SlDOhikFGp;1a6277db2fc852d58fae43fe31276950;174;S
Deterline;SlDOhikFGp;1a6277db2fc852d58fae43fe31276950;174;P
Jameel;Suv0V3w4Jl;6d86ab13e64a3d84e4e36dc35542e18f;174;S
Jameel;Suv0V3w4Jl;6d86ab13e64a3d84e4e36dc35542e18f;174;P
Otteman;S4AayiOXhR;f480588589a0455d6f7e1cbf40b5f6e4;174;S
Otteman;S4AayiOXhR;f480588589a0455d6f7e1cbf40b5f6e4;174;P
Sep;T7s1JXiCQH;3f20250cf914baae642c20d8ffbdf8af;174;S
Sep;T7s1JXiCQH;3f20250cf914baae642c20d8ffbdf8af;174;P
Pinnick;8faI7GrdhH;4281f2a2ad15630079f7b3bf5fb47b7f;174;S
Pinnick;8faI7GrdhH;4281f2a2ad15630079f7b3bf5fb47b7f;174;P
Hinahon;YDW02BneJb;d22d1665131580e7f4c81bb0dc0047f9;174;S
Hinahon;YDW02BneJb;d22d1665131580e7f4c81bb0dc0047f9;174;P
Krivak;i8NSpv5ZvO;234058d386c72a40b0816b90d7ab52f7;174;S
Krivak;i8NSpv5ZvO;234058d386c72a40b0816b90d7ab52f7;174;P
Marlo;xlE1HRov3S;e4f1d1370c6f0b024d26c7759860248b;174;S
Marlo;xlE1HRov3S;e4f1d1370c6f0b024d26c7759860248b;174;P
Dudas;17XHYTCEkG;489f5e05b46e370b80b4ad6d728b6477;174;S
Dudas;17XHYTCEkG;489f5e05b46e370b80b4ad6d728b6477;174;P
Breeden;e9VtrCXyvh;e01639980e9c425ce867784e6e47f61b;175;S
Breeden;e9VtrCXyvh;e01639980e9c425ce867784e6e47f61b;175;P
Szymczyk;vSz6zAkRzi;11fb425f6d99ce191284f27211cc1ddb;175;S
Szymczyk;vSz6zAkRzi;11fb425f6d99ce191284f27211cc1ddb;175;P
Yambo;60HVmwFLfD;e1c73c92a43833f9c342dc604d14b869;175;S
Yambo;60HVmwFLfD;e1c73c92a43833f9c342dc604d14b869;175;P
Fecto;dKOVikInpK;6581b96d377857584bd2b59ac38f0edb;175;S
Fecto;dKOVikInpK;6581b96d377857584bd2b59ac38f0edb;175;P
Gick;aY9BsE5VX9;c6b89e6ec98a472f426a44e4f97a040d;175;S
Gick;aY9BsE5VX9;c6b89e6ec98a472f426a44e4f97a040d;175;P
Thay;8d7F7VsY0r;a9a047a97b7bb6c0b26da293cad84961;175;S
Thay;8d7F7VsY0r;a9a047a97b7bb6c0b26da293cad84961;175;P
Nquyen;XKAWUqsGoy;a17a2eb956975ff811ab15bd6e29a648;175;S
Nquyen;XKAWUqsGoy;a17a2eb956975ff811ab15bd6e29a648;175;P
Wieberg;3SD5r5JtF5;c98e7f784e7a11e7fca89cdf4c647702;175;S
Wieberg;3SD5r5JtF5;c98e7f784e7a11e7fca89cdf4c647702;175;P
Cooler;DuhTcbdT4u;b2ef03b0024d7f49e6bd59e274e42dee;175;S
Cooler;DuhTcbdT4u;b2ef03b0024d7f49e6bd59e274e42dee;175;P
Zeitlin;OuqcxOV4oz;da6856925ac94ead17133582e5ee0f69;175;S
Zeitlin;OuqcxOV4oz;da6856925ac94ead17133582e5ee0f69;175;P
Schofield;keEabARvS3;8347fac90388012b1a59bae3df78387d;175;S
Schofield;keEabARvS3;8347fac90388012b1a59bae3df78387d;175;P
Esteban;ppscpVtGf2;ca13446051cd2e492a557f80124b5a83;175;S
Esteban;ppscpVtGf2;ca13446051cd2e492a557f80124b5a83;175;P
Guglielmina;Lpv9H20GNS;51405bda9ee590e6450c15802492f7f4;175;S
Guglielmina;Lpv9H20GNS;51405bda9ee590e6450c15802492f7f4;175;P
Mckim;m6zidbVb8l;1d8bf813f4bed082f1063b15e651b196;175;S
Mckim;m6zidbVb8l;1d8bf813f4bed082f1063b15e651b196;175;P
Gaboriault;q4abUslxYE;6759c7a92ee561a0b0195b815839a1bc;175;S
Gaboriault;q4abUslxYE;6759c7a92ee561a0b0195b815839a1bc;175;P
Sirek;mXmYZSoYRv;a8292e36e86a7c17721228a1e00c2872;175;S
Sirek;mXmYZSoYRv;a8292e36e86a7c17721228a1e00c2872;175;P
Detlefsen;23dgI5ELA0;ba3f05c664531ca48f59fad11f9d5a8c;175;S
Detlefsen;23dgI5ELA0;ba3f05c664531ca48f59fad11f9d5a8c;175;P
Vetri;GrwQtUcGi1;f066dc76bd8144957447ad8a700171a0;175;S
Vetri;GrwQtUcGi1;f066dc76bd8144957447ad8a700171a0;175;P
Stvictor;HQhlsvBSki;915a8d2819f5f4c4f0647a311efe6234;175;S
Stvictor;HQhlsvBSki;915a8d2819f5f4c4f0647a311efe6234;175;P
Schlund;9X3Tk4Dmmy;b973acc4a33ec10faa34d111e9faba73;175;S
Schlund;9X3Tk4Dmmy;b973acc4a33ec10faa34d111e9faba73;175;P
Klaver;nvgyf8IhZk;606a847de6c8efcbb973517ddc1bfb36;175;S
Klaver;nvgyf8IhZk;606a847de6c8efcbb973517ddc1bfb36;175;P
Blaise;vTSTjMRAzL;19488c82a1103b4718e9e23b56dbe5e5;175;S
Blaise;vTSTjMRAzL;19488c82a1103b4718e9e23b56dbe5e5;175;P
Vanderboom;CTLpkgxht2;a65e9a28013c77de93943813a59938ba;175;S
Vanderboom;CTLpkgxht2;a65e9a28013c77de93943813a59938ba;175;P
Cureau;Doprxaylt9;2d4604968cd538ea586f9bf67fde5055;175;S
Cureau;Doprxaylt9;2d4604968cd538ea586f9bf67fde5055;175;P
Brannigan;oPPJi4CU8B;6487d257821008bc2e67b505a842a4a0;175;S
Brannigan;oPPJi4CU8B;6487d257821008bc2e67b505a842a4a0;175;P
Fulks;Z4UwiDvhC5;dfb4e1bc363cdfec8b8e6d52037c2167;175;S
Fulks;Z4UwiDvhC5;dfb4e1bc363cdfec8b8e6d52037c2167;175;P
Kriek;qiDSWzHbh2;afba02e89accec85a70d2975553192d0;175;S
Kriek;qiDSWzHbh2;afba02e89accec85a70d2975553192d0;175;P
Lepkowski;K7e8jiggeB;6910d03c68e67014bcb271830cbf2a39;175;S
Lepkowski;K7e8jiggeB;6910d03c68e67014bcb271830cbf2a39;175;P
Harjo;pXUfomOUFn;f2bdae287433e86fb3184e1bad622898;175;S
Harjo;pXUfomOUFn;f2bdae287433e86fb3184e1bad622898;175;P
Torello;sYsrzuRs91;0e6a2643b6f1034b1959d17e1343511a;175;S
Torello;sYsrzuRs91;0e6a2643b6f1034b1959d17e1343511a;175;P
Drouin;sxhs9Adexl;2874a64e3819566858c04f5a6bc6b50f;176;S
Drouin;sxhs9Adexl;2874a64e3819566858c04f5a6bc6b50f;176;P
Sommers;Kw0WJpIcFA;48b7c85b5def7e1009600200ace56526;176;S
Sommers;Kw0WJpIcFA;48b7c85b5def7e1009600200ace56526;176;P
Saballos;dnI53au6QM;9835993e80f42d41d5441d8d01c7471f;176;S
Saballos;dnI53au6QM;9835993e80f42d41d5441d8d01c7471f;176;P
Przedwiecki;aPLlGa3v3k;f02c15d58d28b90fb66f735808bd7c54;176;S
Przedwiecki;aPLlGa3v3k;f02c15d58d28b90fb66f735808bd7c54;176;P
Haney;6UCFxsvMxE;7165f03291e89733bce4ba8829de80d2;176;S
Haney;6UCFxsvMxE;7165f03291e89733bce4ba8829de80d2;176;P
Leavenworth;jY9eQry5Fa;c48169719264c3a5d7c1c56e4b962d64;176;S
Leavenworth;jY9eQry5Fa;c48169719264c3a5d7c1c56e4b962d64;176;P
Moskop;yAr8F1Xtyw;5955c112a503b8c15691f281d1398be6;176;S
Moskop;yAr8F1Xtyw;5955c112a503b8c15691f281d1398be6;176;P
Degooyer;6yim74k0Sc;a87e61d79cd9e46d6bb1b197c4bb532d;176;S
Degooyer;6yim74k0Sc;a87e61d79cd9e46d6bb1b197c4bb532d;176;P
Holze;g6MeWh0oDp;7a58c85ae043db48d028ff4fa5c91d81;176;S
Holze;g6MeWh0oDp;7a58c85ae043db48d028ff4fa5c91d81;176;P
Milly;OTWETGQsml;74d1fa22a7d6d5a28756e0d849240bdb;176;S
Milly;OTWETGQsml;74d1fa22a7d6d5a28756e0d849240bdb;176;P
Koguchi;wjpBHkFFBi;1e1da317ae83033c00e771ec9e0740a5;176;S
Koguchi;wjpBHkFFBi;1e1da317ae83033c00e771ec9e0740a5;176;P
Dillard;OEI1lbaAPj;87f000f9010d09b4c243bca8e3e32229;176;S
Dillard;OEI1lbaAPj;87f000f9010d09b4c243bca8e3e32229;176;P
Perona;XBsxRGwhYY;18f465b38d83fd38b00cc524595ce09f;176;S
Perona;XBsxRGwhYY;18f465b38d83fd38b00cc524595ce09f;176;P
Glas;Yed16z7hQN;ae3826b3917fe32e97d6b26456c62eb9;176;S
Glas;Yed16z7hQN;ae3826b3917fe32e97d6b26456c62eb9;176;P
Sucharski;WrRsaKnGhY;29233a91ea8c588d2710ec32bdc1e59c;176;S
Sucharski;WrRsaKnGhY;29233a91ea8c588d2710ec32bdc1e59c;176;P
Gillert;fBeTqf5Up1;ae2241c2305a194db0e0622764d1b888;176;S
Gillert;fBeTqf5Up1;ae2241c2305a194db0e0622764d1b888;176;P
Trombley;bALUvCzlte;9bce23c99ca82cc72dcee8dd79e41996;176;S
Trombley;bALUvCzlte;9bce23c99ca82cc72dcee8dd79e41996;176;P
Deakin;uzwgRrtY6Q;cefdc4c95578c1b8522f4a006dd8e4be;176;S
Deakin;uzwgRrtY6Q;cefdc4c95578c1b8522f4a006dd8e4be;176;P
Bowdry;QPAYNpyulr;72aad0dc88f6851203e38938b3a355bf;176;S
Bowdry;QPAYNpyulr;72aad0dc88f6851203e38938b3a355bf;176;P
Capo;2YND64iGpR;7b2f294d5062c6759c9443eb4b66dc91;176;S
Capo;2YND64iGpR;7b2f294d5062c6759c9443eb4b66dc91;176;P
Cindrich;t7P4jBNkji;d2a3e53d3b428b49c7f9ffdee9778795;176;S
Cindrich;t7P4jBNkji;d2a3e53d3b428b49c7f9ffdee9778795;176;P
Morthland;IISpgEutPi;be7c26915a1c9f98c83e566ef17b4646;176;S
Morthland;IISpgEutPi;be7c26915a1c9f98c83e566ef17b4646;176;P
Pevy;PlpyK1cdbn;679cc1c9ac86dfe39617c2925c6cb0b8;176;S
Pevy;PlpyK1cdbn;679cc1c9ac86dfe39617c2925c6cb0b8;176;P
Jeannine;fO6M83Ul6n;bc6f85562c307c5d676635875bdb43e2;176;S
Jeannine;fO6M83Ul6n;bc6f85562c307c5d676635875bdb43e2;176;P
Menner;xMWlVuP5wq;ced0d3a90e3722c11e5092eec649f620;176;S
Menner;xMWlVuP5wq;ced0d3a90e3722c11e5092eec649f620;176;P
Crofton;B10m8lRUas;645021697e80fe4eb6a93ab738871c3b;176;S
Crofton;B10m8lRUas;645021697e80fe4eb6a93ab738871c3b;176;P
Mcdargh;WO6Mbu2nY4;6783bf7aec7bc097cc76baa11e14acc6;176;S
Mcdargh;WO6Mbu2nY4;6783bf7aec7bc097cc76baa11e14acc6;176;P
Klaameyer;FjmwBhxgY0;ed2870ac18a6a2faf1d35938fc6ab087;176;S
Klaameyer;FjmwBhxgY0;ed2870ac18a6a2faf1d35938fc6ab087;176;P
Ramp;6yLiSxV172;b08f0aa9d22cf0568ba44187a338eecc;176;S
Ramp;6yLiSxV172;b08f0aa9d22cf0568ba44187a338eecc;176;P
Hayes;RB0clNdTyw;0ed9bcfd56e2e25adaf400727f5a853c;176;S
Hayes;RB0clNdTyw;0ed9bcfd56e2e25adaf400727f5a853c;176;P
Barrett;DdU95mxcQh;857bc7b94757eabc219143755ba5d466;177;S
Barrett;DdU95mxcQh;857bc7b94757eabc219143755ba5d466;177;P
Earle;GdWknVie7g;284b55067e4b6837ffc2f4fdfd157573;177;S
Earle;GdWknVie7g;284b55067e4b6837ffc2f4fdfd157573;177;P
Zipkin;kPF91TnDMz;bf916d6b61f69fd16eaeeda5a9059ecc;177;S
Zipkin;kPF91TnDMz;bf916d6b61f69fd16eaeeda5a9059ecc;177;P
Koons;kSHZYqaj1M;267df0ce45d74569b82caa5d47d35f38;177;S
Koons;kSHZYqaj1M;267df0ce45d74569b82caa5d47d35f38;177;P
Cattaneo;iDnHPRdgJo;b1946d5481afef5194fb347847a4c581;177;S
Cattaneo;iDnHPRdgJo;b1946d5481afef5194fb347847a4c581;177;P
Bergener;DcRCe0Xc0Y;9a2088f88118516c88b48032c97207bf;177;S
Bergener;DcRCe0Xc0Y;9a2088f88118516c88b48032c97207bf;177;P
Orantes;MOwEv79PKA;90e6ab121bc6eb81d58aaa8d7b96977c;177;S
Orantes;MOwEv79PKA;90e6ab121bc6eb81d58aaa8d7b96977c;177;P
Kryst;iQUsKmTcl5;2fb1b3468e3c00f83a934ea7923e3f7c;177;S
Kryst;iQUsKmTcl5;2fb1b3468e3c00f83a934ea7923e3f7c;177;P
Secrist;pAIr0w3owC;51a2914c78623404b884209b072e7b1a;177;S
Secrist;pAIr0w3owC;51a2914c78623404b884209b072e7b1a;177;P
Ciraulo;N7CrkiPpJJ;4f76294b67d98203a2ed7dfab47a4ee4;177;S
Ciraulo;N7CrkiPpJJ;4f76294b67d98203a2ed7dfab47a4ee4;177;P
Calzone;yryorP63uw;76cbad41f4d479e105b442c01f8611dc;177;S
Calzone;yryorP63uw;76cbad41f4d479e105b442c01f8611dc;177;P
Sova;GHSYJY5FRA;a3761f0c0dc92b206e6f6fdd06929c6e;177;S
Sova;GHSYJY5FRA;a3761f0c0dc92b206e6f6fdd06929c6e;177;P
Maraldo;jpxkjpAkdG;dd561648059ee4248504d5d780f16d35;177;S
Maraldo;jpxkjpAkdG;dd561648059ee4248504d5d780f16d35;177;P
Michetti;CSQLeNTF7a;3b319327e766c6de0e0e092457a2db03;177;S
Michetti;CSQLeNTF7a;3b319327e766c6de0e0e092457a2db03;177;P
Pernin;HqgcAbeOe1;92bf51821667cd43b833e062ba58cabc;177;S
Pernin;HqgcAbeOe1;92bf51821667cd43b833e062ba58cabc;177;P
Galang;xGFKeUEBdf;d93b4dcc34b1d7f821f4a84e20133aa9;177;S
Galang;xGFKeUEBdf;d93b4dcc34b1d7f821f4a84e20133aa9;177;P
Sharif;fCLW7vTfhy;4bc14b0d229c30de64d5b54a691268fb;177;S
Sharif;fCLW7vTfhy;4bc14b0d229c30de64d5b54a691268fb;177;P
Ruden;MCwYRMdPYr;d9165b324fc1df8798f48804ac56a4a3;177;S
Ruden;MCwYRMdPYr;d9165b324fc1df8798f48804ac56a4a3;177;P
Yurovic;9qiFUM173d;4ba48aa9d64bc8f20ccd9d7aeaa7b4e9;177;S
Yurovic;9qiFUM173d;4ba48aa9d64bc8f20ccd9d7aeaa7b4e9;177;P
Denisha;epeaOgSjos;2aafae60ff3ab160c15f16d4dfd18423;177;S
Denisha;epeaOgSjos;2aafae60ff3ab160c15f16d4dfd18423;177;P
Jacquem;1ijpSB6qak;c87ee8871eee347af06a8f923fa21aa2;177;S
Jacquem;1ijpSB6qak;c87ee8871eee347af06a8f923fa21aa2;177;P
Fam;ZBaGudcuor;8a43f9c3971fc446bbed28d2ee24b151;177;S
Fam;ZBaGudcuor;8a43f9c3971fc446bbed28d2ee24b151;177;P
Waldorf;o0rzl1gYvD;32f185caabd54e8e4bd2f1ddb0b0e592;177;S
Waldorf;o0rzl1gYvD;32f185caabd54e8e4bd2f1ddb0b0e592;177;P
Frame;B8q04x6rfb;9fcb8cedaf78f95ecbab6659fdffa760;177;S
Frame;B8q04x6rfb;9fcb8cedaf78f95ecbab6659fdffa760;177;P
Sakumoto;4j4LH7Pf75;46e1a8dd5d6e1e3c8f2a227e7a842543;177;S
Sakumoto;4j4LH7Pf75;46e1a8dd5d6e1e3c8f2a227e7a842543;177;P
Greenwall;0VgbHLtEmS;2102dde9659f7416b6956273c556e408;177;S
Greenwall;0VgbHLtEmS;2102dde9659f7416b6956273c556e408;177;P
Stark;ZV7Jj83K82;d4218b5b04e89be699296dc698be29ca;177;S
Stark;ZV7Jj83K82;d4218b5b04e89be699296dc698be29ca;177;P
Bohling;oWG6ysiIKc;6d18d11bb6d8bec2d5ba2d6769b89b0c;177;S
Bohling;oWG6ysiIKc;6d18d11bb6d8bec2d5ba2d6769b89b0c;177;P
Benigno;V0ziqYfEbC;b727ec2abb29892aac1481b4ca128059;177;S
Benigno;V0ziqYfEbC;b727ec2abb29892aac1481b4ca128059;177;P
Mcgowin;DJ7lbWri4G;edafc7a0e932ddd0c350e0c091852790;177;S
Mcgowin;DJ7lbWri4G;edafc7a0e932ddd0c350e0c091852790;177;P
Hasselkus;pe4Jg6Lq8O;568c7c83244c1e1c0be5d0c0d67b9ec2;178;S
Hasselkus;pe4Jg6Lq8O;568c7c83244c1e1c0be5d0c0d67b9ec2;178;P
Xavier;q4T0qA5SvP;7b3e595ccdf7bcdd57412a5b99178792;178;S
Xavier;q4T0qA5SvP;7b3e595ccdf7bcdd57412a5b99178792;178;P
Heman;HTQHrnmQcL;fa2925300e4f5d960076a66705965338;178;S
Heman;HTQHrnmQcL;fa2925300e4f5d960076a66705965338;178;P
Mendia;sKSGhtGpag;ec2b849af00eb7c81f3f5173e71ee9b2;178;S
Mendia;sKSGhtGpag;ec2b849af00eb7c81f3f5173e71ee9b2;178;P
Kirkley;532KntN3Ur;e3e530481bb459b516bbdc000e755dcb;178;S
Kirkley;532KntN3Ur;e3e530481bb459b516bbdc000e755dcb;178;P
Lenoue;xTigFazQzr;15fce1e05f11ea0f53bc3d94b8836366;178;S
Lenoue;xTigFazQzr;15fce1e05f11ea0f53bc3d94b8836366;178;P
Neuendorf;yj3lD5G9oP;7ba58ed1fc6c9455e04ee3634699e47c;178;S
Neuendorf;yj3lD5G9oP;7ba58ed1fc6c9455e04ee3634699e47c;178;P
Merow;YDtpMsl3px;c3b96330bae8b5f4eefb97a40ffdd131;178;S
Merow;YDtpMsl3px;c3b96330bae8b5f4eefb97a40ffdd131;178;P
Yundt;GJBKb3vJbB;3707d31dbb0e14cc9485cb4568598cf9;178;S
Yundt;GJBKb3vJbB;3707d31dbb0e14cc9485cb4568598cf9;178;P
Mound;cEnBtsIKoJ;79f75a8f06f3cf961255c64d12d7c1aa;178;S
Mound;cEnBtsIKoJ;79f75a8f06f3cf961255c64d12d7c1aa;178;P
Demaline;f1hoS9FPgL;3f72c0e6c9bc9e47d16ffbd5d6869ad2;178;S
Demaline;f1hoS9FPgL;3f72c0e6c9bc9e47d16ffbd5d6869ad2;178;P
Frenkel;Jrc7znNFO0;9189eb60fd9b204c8f73d994bcab41c1;178;S
Frenkel;Jrc7znNFO0;9189eb60fd9b204c8f73d994bcab41c1;178;P
Vanderschel;LqFWj4S3cQ;8769ae6ce58685e1c7a4b47e075a6ef6;178;S
Vanderschel;LqFWj4S3cQ;8769ae6ce58685e1c7a4b47e075a6ef6;178;P
Whitham;Y8JunBMrmt;d52a92ddaee78d64bdd9097a28cf7d60;178;S
Whitham;Y8JunBMrmt;d52a92ddaee78d64bdd9097a28cf7d60;178;P
Kimoto;AMrsCHMG0P;08f8c71306cf0b4c7914ff751d50331b;178;S
Kimoto;AMrsCHMG0P;08f8c71306cf0b4c7914ff751d50331b;178;P
Livshits;8naMms04fz;3f7cba6554feccf34718847ea56f3c2a;178;S
Livshits;8naMms04fz;3f7cba6554feccf34718847ea56f3c2a;178;P
Rajaphoumy;BKbkCK3GOt;46ad5bcd610451587722cb31cbc6ce11;178;S
Rajaphoumy;BKbkCK3GOt;46ad5bcd610451587722cb31cbc6ce11;178;P
Vincenza;Q5xSAmvtvY;d778b661e5db22189c47dcaf9e18c0c2;178;S
Vincenza;Q5xSAmvtvY;d778b661e5db22189c47dcaf9e18c0c2;178;P
Cashio;U5BgQw6m0f;5ce82ad74f9f8e04b81542514b58ed73;178;S
Cashio;U5BgQw6m0f;5ce82ad74f9f8e04b81542514b58ed73;178;P
Leeanne;k2JvR5oIgR;1d2e914a485781f476d8b047291357e5;178;S
Leeanne;k2JvR5oIgR;1d2e914a485781f476d8b047291357e5;178;P
Lubawy;SGX2JMMXjI;82288deca2c29b1211d107dd2a2694b6;178;S
Lubawy;SGX2JMMXjI;82288deca2c29b1211d107dd2a2694b6;178;P
Boer;27kNB2r8iR;b4de2791fea51fe4651c2966b4ec4261;178;S
Boer;27kNB2r8iR;b4de2791fea51fe4651c2966b4ec4261;178;P
Calcao;ygmL0NzESn;e934fb06628879f425e49321f73418eb;178;S
Calcao;ygmL0NzESn;e934fb06628879f425e49321f73418eb;178;P
Sciara;n5OjVPWVpk;b4cd5c194e02296fc2c86d27907f4177;178;S
Sciara;n5OjVPWVpk;b4cd5c194e02296fc2c86d27907f4177;178;P
Inloes;BsuWKwsbaY;3db1b4b445d7c8086e7eaa60dea1e4ed;178;S
Inloes;BsuWKwsbaY;3db1b4b445d7c8086e7eaa60dea1e4ed;178;P
Hupman;w2cSkjs0FV;eca081b022f0405dd9e0cad43e2231f8;178;S
Hupman;w2cSkjs0FV;eca081b022f0405dd9e0cad43e2231f8;178;P
Ellifritz;r0rZUKE1Ie;6c1b1efc638abc7892f68c85b8c50f7a;178;S
Ellifritz;r0rZUKE1Ie;6c1b1efc638abc7892f68c85b8c50f7a;178;P
Oki;3gE6XJZd2z;63d22d2c5cc0d6fb45e6d812cd58b5df;178;S
Oki;3gE6XJZd2z;63d22d2c5cc0d6fb45e6d812cd58b5df;178;P
Davidian;dM5NJIXhCe;ae7d09d71e7a8eec2111245d00ef9823;178;S
Davidian;dM5NJIXhCe;ae7d09d71e7a8eec2111245d00ef9823;178;P
Gerdsen;PDWwoG6Lbv;7a9524ff5c3d8ef7d8012c11fb7667d4;179;S
Gerdsen;PDWwoG6Lbv;7a9524ff5c3d8ef7d8012c11fb7667d4;179;P
Corrinne;nTDogwuT8B;ec0a6ba980f23f6cd6fde2e9c56225fe;179;S
Corrinne;nTDogwuT8B;ec0a6ba980f23f6cd6fde2e9c56225fe;179;P
Mattinson;4gpBM7BDSi;3f30c2269212b771d1fe30c8e1c2151c;179;S
Mattinson;4gpBM7BDSi;3f30c2269212b771d1fe30c8e1c2151c;179;P
Kwang;HMoM6RIp5n;da1b9cb099cd96614f3a7482bc64e0c6;179;S
Kwang;HMoM6RIp5n;da1b9cb099cd96614f3a7482bc64e0c6;179;P
Mahomes;K03nDiAolU;df5a2e23c81d35e3a4b9f362e0561538;179;S
Mahomes;K03nDiAolU;df5a2e23c81d35e3a4b9f362e0561538;179;P
Hartry;jGbU5mQZJI;6cbbdec5a307dc0480ff390216584872;179;S
Hartry;jGbU5mQZJI;6cbbdec5a307dc0480ff390216584872;179;P
Gilmartin;06lXL05v6U;f02c4a40b1475c0a5a7778d760b47e77;179;S
Gilmartin;06lXL05v6U;f02c4a40b1475c0a5a7778d760b47e77;179;P
Heidgerken;v8Zc67e4kN;126484c4d2b2992b6d5b7d4578932578;179;S
Heidgerken;v8Zc67e4kN;126484c4d2b2992b6d5b7d4578932578;179;P
Kuntzman;XiQYjlXKOu;96e7eaa5f93d5601a60635c29ae44ee8;179;S
Kuntzman;XiQYjlXKOu;96e7eaa5f93d5601a60635c29ae44ee8;179;P
Conklin;PYPzGYiW13;e0cde2b07fc45cf73dba5dfad45bf95a;179;S
Conklin;PYPzGYiW13;e0cde2b07fc45cf73dba5dfad45bf95a;179;P
Dahling;8mAA5nLabH;4a5731c25e4a815845c5b99f81247a3d;179;S
Dahling;8mAA5nLabH;4a5731c25e4a815845c5b99f81247a3d;179;P
Montville;Fug8OeiSRT;eaaf6391b247238fc0bc02348a45bf9c;179;S
Montville;Fug8OeiSRT;eaaf6391b247238fc0bc02348a45bf9c;179;P
Norden;pzumQCj3KE;8047e0dd356b0cd8015dfbc59c2248b3;179;S
Norden;pzumQCj3KE;8047e0dd356b0cd8015dfbc59c2248b3;179;P
Tauber;N8mlWFtrbF;ba48384a0c302c7484a63ab7aff0632d;179;S
Tauber;N8mlWFtrbF;ba48384a0c302c7484a63ab7aff0632d;179;P
Fuls;mshcZCiTje;7e43bdc750b578cf0627c9077ace50d1;179;S
Fuls;mshcZCiTje;7e43bdc750b578cf0627c9077ace50d1;179;P
Shomer;Z8KOtQPBgu;e5f8f97d501b93929e60c8d80db8fcc3;179;S
Shomer;Z8KOtQPBgu;e5f8f97d501b93929e60c8d80db8fcc3;179;P
Civcci;IoSbK4jQpg;33ab5d30ae2b3bca83ce4870c9c68066;179;S
Civcci;IoSbK4jQpg;33ab5d30ae2b3bca83ce4870c9c68066;179;P
Uffelman;60gopZUV8u;2a133985c03d4315440da51ef8a7286f;179;S
Uffelman;60gopZUV8u;2a133985c03d4315440da51ef8a7286f;179;P
Schiavo;j6vtoiTjqn;45772ab890aefcb1fa231a13dfce8d91;179;S
Schiavo;j6vtoiTjqn;45772ab890aefcb1fa231a13dfce8d91;179;P
Morson;OnljLUoF8v;58acddad066bfee0cc63817f29d99609;179;S
Morson;OnljLUoF8v;58acddad066bfee0cc63817f29d99609;179;P
Garrison;vpRG1Nvowq;2aeec83fd7798fe7fe1fa0b15309a2fc;179;S
Garrison;vpRG1Nvowq;2aeec83fd7798fe7fe1fa0b15309a2fc;179;P
Halpin;DdlKkC6RSn;217a5a7e861cfcdbc4851385b6e23f67;179;S
Halpin;DdlKkC6RSn;217a5a7e861cfcdbc4851385b6e23f67;179;P
Yearling;xClwSbDcQV;84a5687bdaf56434bd39888b85172562;179;S
Yearling;xClwSbDcQV;84a5687bdaf56434bd39888b85172562;179;P
Vaudreuil;9NEnBihRG5;4d453ffcbce4020005b66f34be810238;179;S
Vaudreuil;9NEnBihRG5;4d453ffcbce4020005b66f34be810238;179;P
Kebe;oo1DPSVyI2;2f4234366b2cc169cc3d82c6fd1cbf85;179;S
Kebe;oo1DPSVyI2;2f4234366b2cc169cc3d82c6fd1cbf85;179;P
Jospeh;9wMSdrWJCU;b5f14f78c78c3073fa9d7201b4ef4e37;179;S
Jospeh;9wMSdrWJCU;b5f14f78c78c3073fa9d7201b4ef4e37;179;P
Fisser;AakM2NIRFP;d863a121e5d08953a79dabc37108b00d;179;S
Fisser;AakM2NIRFP;d863a121e5d08953a79dabc37108b00d;179;P
Messier;N2EDuPXvqA;9d1fdfa02b655836fe6d56f870e28e42;179;S
Messier;N2EDuPXvqA;9d1fdfa02b655836fe6d56f870e28e42;179;P
Dress;ilxFvZ0Hg8;795cdd7deef2fc288a36e1b4964af9c3;179;S
Dress;ilxFvZ0Hg8;795cdd7deef2fc288a36e1b4964af9c3;179;P
Pake;R77uxD6B1l;553f1157a260dfd082a1ca3f607ed2d2;180;S
Pake;R77uxD6B1l;553f1157a260dfd082a1ca3f607ed2d2;180;P
Bucciero;g6jJJyAY9S;ce101dd4a0a2ab7656aa0d2eecf0618a;180;S
Bucciero;g6jJJyAY9S;ce101dd4a0a2ab7656aa0d2eecf0618a;180;P
Dicara;tUhm3xYULa;1d02902de97930ad53267df936e808ed;180;S
Dicara;tUhm3xYULa;1d02902de97930ad53267df936e808ed;180;P
Thorin;rP6Cs5vslc;5bc4d62f4ed2524d500d7fb074fd10ac;180;S
Thorin;rP6Cs5vslc;5bc4d62f4ed2524d500d7fb074fd10ac;180;P
Tumey;uZ1Xjwb82f;55e455c8e2ed2ee783d291b09fc75173;180;S
Tumey;uZ1Xjwb82f;55e455c8e2ed2ee783d291b09fc75173;180;P
Contes;UKXAVufPMe;eee1d31965b3e763c9784a728dffc11c;180;S
Contes;UKXAVufPMe;eee1d31965b3e763c9784a728dffc11c;180;P
Pickhardt;VyhgLKBtSz;2109fe5474fb800514c527c11a3a7e37;180;S
Pickhardt;VyhgLKBtSz;2109fe5474fb800514c527c11a3a7e37;180;P
Krzyston;WOR0XITLJY;e5949c2a34af8b95147682d3186697e6;180;S
Krzyston;WOR0XITLJY;e5949c2a34af8b95147682d3186697e6;180;P
Fruits;80NsXdASTT;bb67bd8b13dc6dfb1c0b5f819d85dfbb;180;S
Fruits;80NsXdASTT;bb67bd8b13dc6dfb1c0b5f819d85dfbb;180;P
Peng;1ALEydfzhY;1f060973019c7c5b9cc546235472f9a9;180;S
Peng;1ALEydfzhY;1f060973019c7c5b9cc546235472f9a9;180;P
Moses;oYQqOGAhvh;c53c51d5240a111dca31c55652ee31f8;180;S
Moses;oYQqOGAhvh;c53c51d5240a111dca31c55652ee31f8;180;P
Pelyo;WFfHwHvttv;365c24944f6b5c6dd11d77d7eeada3a7;180;S
Pelyo;WFfHwHvttv;365c24944f6b5c6dd11d77d7eeada3a7;180;P
Railey;xwyBpXnnnb;529518df2f25f3d0182bd25a80589529;180;S
Railey;xwyBpXnnnb;529518df2f25f3d0182bd25a80589529;180;P
Marina;iix1iH0QdA;2f12985c421a889f4299ccbb9eecf0c0;180;S
Marina;iix1iH0QdA;2f12985c421a889f4299ccbb9eecf0c0;180;P
Boyington;7K1W11FWDS;fa07af03e8b41be9f85e6657eea994ad;180;S
Boyington;7K1W11FWDS;fa07af03e8b41be9f85e6657eea994ad;180;P
Plan;uHQx7VdXuq;3a58f3b7a3cdefe0a863dd61cd9285e5;180;S
Plan;uHQx7VdXuq;3a58f3b7a3cdefe0a863dd61cd9285e5;180;P
Enyart;ZWblNQKU42;ab8dd9303d648e5207ec41773ebbf771;180;S
Enyart;ZWblNQKU42;ab8dd9303d648e5207ec41773ebbf771;180;P
Englander;ywrvBW7dmH;ffe940b24e580e9eedf19b4c488eb1ab;180;S
Englander;ywrvBW7dmH;ffe940b24e580e9eedf19b4c488eb1ab;180;P
Walter;QMhMBfa6e3;1204a77da5d9723779159e72bfd396df;180;S
Walter;QMhMBfa6e3;1204a77da5d9723779159e72bfd396df;180;P
Place;vB5UqC9l4D;e3daa9f1b207ac352909dbbd87fb0c0e;180;S
Place;vB5UqC9l4D;e3daa9f1b207ac352909dbbd87fb0c0e;180;P
Lastiri;fYcVcFbQ53;14f7fb9fb2185b2758c14214d2dd1fef;180;S
Lastiri;fYcVcFbQ53;14f7fb9fb2185b2758c14214d2dd1fef;180;P
Zimbelman;eSDht8ThO2;410ec4a203a8c8ca5cf43058080f564d;180;S
Zimbelman;eSDht8ThO2;410ec4a203a8c8ca5cf43058080f564d;180;P
Karena;WeSUQ5C7DO;e260abf4e8d27d1fdaf136421c7e3e89;180;S
Karena;WeSUQ5C7DO;e260abf4e8d27d1fdaf136421c7e3e89;180;P
Ellerbe;yF0RVjSlfu;3670c540ce6c03424994c1b32d2f8f5b;180;S
Ellerbe;yF0RVjSlfu;3670c540ce6c03424994c1b32d2f8f5b;180;P
Titmus;nb8oDPdx0O;49cf5d89cc2f8a1dd59abfb5e4d4d9ea;180;S
Titmus;nb8oDPdx0O;49cf5d89cc2f8a1dd59abfb5e4d4d9ea;180;P
Milak;ddaohYkBtW;7f8790cbcf7d3886faaa51febbff60cd;180;S
Milak;ddaohYkBtW;7f8790cbcf7d3886faaa51febbff60cd;180;P
Brett;Y4rY0a5a4G;cdb10d98ee057073f840b84df37412b6;180;S
Brett;Y4rY0a5a4G;cdb10d98ee057073f840b84df37412b6;180;P
Millin;6gXinCi6Nv;e77dafd94b40bc18bb8a33170cec664a;180;S
Millin;6gXinCi6Nv;e77dafd94b40bc18bb8a33170cec664a;180;P
Twichell;PbyRZlaXae;f74b14e2cec116f834d4e84025f81239;181;S
Twichell;PbyRZlaXae;f74b14e2cec116f834d4e84025f81239;181;P
Gelber;B488k8njyg;80d4c29bebcb92516ac4e83232eb19d4;181;S
Gelber;B488k8njyg;80d4c29bebcb92516ac4e83232eb19d4;181;P
Rucci;wvHsJh1Zq3;2553c1dbe88453bb1e3dee1a3fc212f5;181;S
Rucci;wvHsJh1Zq3;2553c1dbe88453bb1e3dee1a3fc212f5;181;P
Rheinhardt;2oK0wqKJXq;a89b03d3040d7c2bcc0c7ba5fb36f670;181;S
Rheinhardt;2oK0wqKJXq;a89b03d3040d7c2bcc0c7ba5fb36f670;181;P
Bidon;8WinQ8AsFN;c3b4447d0854e9c857890e5101e30d06;181;S
Bidon;8WinQ8AsFN;c3b4447d0854e9c857890e5101e30d06;181;P
Delawyer;nO2HD4O3Nk;07918e53a618030c3aa83c81e39628d8;181;S
Delawyer;nO2HD4O3Nk;07918e53a618030c3aa83c81e39628d8;181;P
Merati;ybnjKXYXWx;22ce9559a50e1a33b15d452f3ea39cd1;181;S
Merati;ybnjKXYXWx;22ce9559a50e1a33b15d452f3ea39cd1;181;P
Fiedor;uveCd7qYHn;bbf1e6e59b323ff1a0d8ddad4ff9c03e;181;S
Fiedor;uveCd7qYHn;bbf1e6e59b323ff1a0d8ddad4ff9c03e;181;P
Tocher;qaC2YfnF0X;60cbb7d55db1821dc9b06df2a70ecf93;181;S
Tocher;qaC2YfnF0X;60cbb7d55db1821dc9b06df2a70ecf93;181;P
Saager;X7ppwbnGJd;1bcfedff79d058fd5e9765dd93404fba;181;S
Saager;X7ppwbnGJd;1bcfedff79d058fd5e9765dd93404fba;181;P
Wince;NyKBGl3XBx;7543c81c5f48152f0d5079a1f808e1c1;181;S
Wince;NyKBGl3XBx;7543c81c5f48152f0d5079a1f808e1c1;181;P
Lambka;M9wK2Ekl17;29540fa68ad967860b1982b39436c46f;181;S
Lambka;M9wK2Ekl17;29540fa68ad967860b1982b39436c46f;181;P
Feltenberger;rgO9KA8g8n;b51ffdc6af5ad28b0411b59ab59ad7cc;181;S
Feltenberger;rgO9KA8g8n;b51ffdc6af5ad28b0411b59ab59ad7cc;181;P
Buchert;H41Giidz6w;96be2e6e56625ad232cffcedbefc9b8a;181;S
Buchert;H41Giidz6w;96be2e6e56625ad232cffcedbefc9b8a;181;P
Botos;15m6S8vXWE;165eb230511189a5276340984d0906a2;181;S
Botos;15m6S8vXWE;165eb230511189a5276340984d0906a2;181;P
Defrance;ZjGhx6UdVG;b4adb4dbeb33bf33a5e48a1f6cbce919;181;S
Defrance;ZjGhx6UdVG;b4adb4dbeb33bf33a5e48a1f6cbce919;181;P
Sadlier;Vyfwz4I0sM;350c69773212b9bb4d707be62d666b02;181;S
Sadlier;Vyfwz4I0sM;350c69773212b9bb4d707be62d666b02;181;P
Wormley;eAwN36i7My;9d8c22d94ce9637c13019b54b989b9ab;181;S
Wormley;eAwN36i7My;9d8c22d94ce9637c13019b54b989b9ab;181;P
Isby;zlCOb26xH5;d9b6ffee308943ba5705f62b384472c4;181;S
Isby;zlCOb26xH5;d9b6ffee308943ba5705f62b384472c4;181;P
Kubley;o1MVvIzQZX;f76f18d2d4eece6198c575b4038e686e;181;S
Kubley;o1MVvIzQZX;f76f18d2d4eece6198c575b4038e686e;181;P
Sumney;RxSS9kbwTI;9373a8e287c09b2845ed33b3f92509ad;181;S
Sumney;RxSS9kbwTI;9373a8e287c09b2845ed33b3f92509ad;181;P
Cunard;tIc6dqdCQy;d3fc9be8aba57991e4baf87b2c2dec89;181;S
Cunard;tIc6dqdCQy;d3fc9be8aba57991e4baf87b2c2dec89;181;P
Wichterman;D9hw2T4LLT;33459c4a325fd21830fe2af07e211362;181;S
Wichterman;D9hw2T4LLT;33459c4a325fd21830fe2af07e211362;181;P
Kosakowski;yXJIIqMrx4;5895802c953340ab09064c2cd0de78e0;181;S
Kosakowski;yXJIIqMrx4;5895802c953340ab09064c2cd0de78e0;181;P
Tummons;KWa1IP3GT9;7c2f1d0dc530b95be7dfc99d8b160d9d;181;S
Tummons;KWa1IP3GT9;7c2f1d0dc530b95be7dfc99d8b160d9d;181;P
Camie;2C2Aaq2JP3;33b47f414b06938d7b08313525a69f79;181;S
Camie;2C2Aaq2JP3;33b47f414b06938d7b08313525a69f79;181;P
Artie;1fOC9A20kT;56c24645653cb02b3063c308ab2d7430;181;S
Artie;1fOC9A20kT;56c24645653cb02b3063c308ab2d7430;181;P
Slagter;TL79ZBaEHw;5c3c99207c371703ffcddea540e20331;181;S
Slagter;TL79ZBaEHw;5c3c99207c371703ffcddea540e20331;181;P
Messer;rSQv9NrKSL;faa10c32e02d8f0a094f16b778cc13e0;181;S
Messer;rSQv9NrKSL;faa10c32e02d8f0a094f16b778cc13e0;181;P
Krajnovich;s7NALfw0iN;cdd578ce361b04fe38a9b652f48dbfa9;181;S
Krajnovich;s7NALfw0iN;cdd578ce361b04fe38a9b652f48dbfa9;181;P
