Mccausland;mNXuxne28p;d39314b12ec3e1ebbf0ad9aae2ae0412
pMccausland;mNXuxne28p;T
Fenk;yRGBNAWQNC;3c88b644c58100521a668a14019762ef
pFenk;yRGBNAWQNC;T
Fuhs;2m68a7OjLU;f6c3679c69c6d9c5ad9c626d4bb142c5
pFuhs;2m68a7OjLU;T
Lingbeek;wpWujFExAD;fb592e73ac1e7484abd186a898dcb9f2
pLingbeek;wpWujFExAD;T
Pash;l5RwLBzBBw;e8f31fa3085fefc759a39096c598aa9f
pPash;l5RwLBzBBw;T
Leahman;hEFvXqOoYj;438c687956de47c9bb0614869cf739c2
pLeahman;hEFvXqOoYj;T
Ora;7OH0ScYTni;c5b44c91bd2797718c620d6824f8d14e
pOra;7OH0ScYTni;T
Currington;EjeFBf6zgp;939d79a89465e3adbd28afd1c6106aa5
pCurrington;EjeFBf6zgp;T
Faudree;JRsM1zhSTc;3c22038780018ba337ebebae6e7e7a5a
pFaudree;JRsM1zhSTc;T
Mallory;tBkkPvjF1D;e4c58113dc6d8383407fdd958a1779c1
pMallory;tBkkPvjF1D;T
Bolten;HbaWcaVG1H;50dfd2a9319d6f96cf896e1b254fcb5d
pBolten;HbaWcaVG1H;T
Librada;NFigBI1166;f03f60db5bcd30e0653af053d1fab310
pLibrada;NFigBI1166;T
Meginnis;QQxGABi047;598d9122e31229da34692991c8ba5db3
pMeginnis;QQxGABi047;T
Gautney;uBKEtBDokY;31486012b6ac56d5560a6ab6f882c3db
pGautney;uBKEtBDokY;T
Gallob;NJIqDzUReX;90acef629ee9608ffd09a7c8f107b1e8
pGallob;NJIqDzUReX;T
Carrisalez;ZRD8tTeZOt;9097641c14c7b0fd26fdf193ccaafae0
pCarrisalez;ZRD8tTeZOt;T
Dechaine;EQ0YN5ELo7;de35893e037eba5b405d5ce6c94099af
pDechaine;EQ0YN5ELo7;T
Woodmansee;TKLsISmKxI;537602079235059e87572f3baee50692
pWoodmansee;TKLsISmKxI;T
Roenigk;LU48DvU8Fs;20a6e717e4c09b6aa7d9c6497a6d2a73
pRoenigk;LU48DvU8Fs;T
Urbino;izyr7kJrxk;b643c790599a90581084923203f2e223
pUrbino;izyr7kJrxk;T
Filippo;0Z5LMzg5mc;eb0f24a10bdbe166ba64f706193072e5
pFilippo;0Z5LMzg5mc;T
Deases;IBPzdzUVWi;ad81bd12615a0299f167f533a5ed11a4
pDeases;IBPzdzUVWi;T
Gnerre;B2DYJ4FEMV;c8e02998f4ff5fef68a400bba580ccd6
pGnerre;B2DYJ4FEMV;T
Schavone;zMAbyGT38e;0897529521affd848532c392b1c671a9
pSchavone;zMAbyGT38e;T
Rubash;lddNigj8in;9f063075a0d4037bff2adf0d8fe89255
pRubash;lddNigj8in;T
Falco;mHVnUZxFFa;325d6eeaca89432795f49847ee32eab1
pFalco;mHVnUZxFFa;T
Monserrate;ghcbQMuArf;28129786e40e2e3065203e086e2bf710
pMonserrate;ghcbQMuArf;T
Lofland;Bt0tN9VlJ3;602fc4f528ee50f8886ff72efe8f04d0
pLofland;Bt0tN9VlJ3;T
Comiso;QfBsY2ipa7;1b3ff5436ef1df2f712572173f115276
pComiso;QfBsY2ipa7;T
Mones;iBz8YkbTNb;ac28aa730284247330f3fa36cacc1f2b
pMones;iBz8YkbTNb;T
Ritzman;4XSf13GTfN;d99bda9b2410b4ba6e445360da3ec968
pRitzman;4XSf13GTfN;T
Rochlin;qDEJwxop3v;0ccd1dec05ff1dea41196ac8e7a389bc
pRochlin;qDEJwxop3v;T
Frack;6bYeFjwdJu;b4fada72d0127816c2050f3e78525728
pFrack;6bYeFjwdJu;T
Velotta;9YTnxlytMX;d82a4c3c13b98949b988e095aa16a753
pVelotta;9YTnxlytMX;T
Lichorat;qeW4W1AxpE;fda77e87bf1670cad304a35a05b31785
pLichorat;qeW4W1AxpE;T
Troup;jzKMqXhAzV;5518c79d3eca2ac0775149e593c37e97
pTroup;jzKMqXhAzV;T
Dorthea;DiyLgVnFLI;dbc6e1be006a822ef2bcf2cbf56e6460
pDorthea;DiyLgVnFLI;T
Rapoport;Qn8Kk47ibK;f3f044291d76b6fea4c4e9aee73e93a0
pRapoport;Qn8Kk47ibK;T
Dornfeld;KAJcTLTWdz;b32b62be0d4972093c7aee9ded3bda70
pDornfeld;KAJcTLTWdz;T
Rensing;E9xj5GKvEH;85a6832c35f811a1fb82e870b54d571a
pRensing;E9xj5GKvEH;T
Galles;xdulnnZW78;9c6baa50f7f8d402ae1494a4558a2031
pGalles;xdulnnZW78;T
Pickren;4q5pcxgArs;0a785ddf7dd08a85d301e39326ca419f
pPickren;4q5pcxgArs;T
Elling;DNJ2g3o6PE;e1eab77bd99e80f2b02ff1ee1455e439
pElling;DNJ2g3o6PE;T
Sianez;0aBWB6FcSv;752acde27df018b0cded04ad65384607
pSianez;0aBWB6FcSv;T
Leis;JKbhRs0GRW;3930d5d95a179eb8638c95cb1aa3d403
pLeis;JKbhRs0GRW;T
Clarey;MQv1EsLdID;eb245897927c8e20161007197ef0baa5
pClarey;MQv1EsLdID;T
Herl;EtACWdaQKy;69abee65bed5cf847b5ec382344778cc
pHerl;EtACWdaQKy;T
Faniel;1AJIjiqAxX;e8a914a2cf7c4ef5b73299b468b96696
pFaniel;1AJIjiqAxX;T
Korpi;2fGkeurlLy;2d77eec49eb5b7791a4562ece0b79a81
pKorpi;2fGkeurlLy;T
Costen;PcbbQVIHiO;e6916053cf403d41b3cc287893ad4cd6
pCosten;PcbbQVIHiO;T
Chatten;8T3Y3XVCSX;653988f8a7cc70e3478b748415cc6091
pChatten;8T3Y3XVCSX;T
Butter;R6PndlxS7v;1c0944cfa485f71cc0138442e106ca63
pButter;R6PndlxS7v;T
Oswalt;euZ06waKF1;144c4cea283ced692db6819a386f6d3e
pOswalt;euZ06waKF1;T
Dun;A4c7JJC8dE;df92eaeb352fb6ac24261dee9e498407
pDun;A4c7JJC8dE;T
Cravey;7T7hUoWkTQ;d4e83b55bda1db759256f64703685332
pCravey;7T7hUoWkTQ;T
Palanza;MTEG1sclAi;d7e11bfb35df967af32f92d0a9b3d1f4
pPalanza;MTEG1sclAi;T
Klonoski;lLbrCFukRC;985de5f2743f80fafbb5b160eab537ae
pKlonoski;lLbrCFukRC;T
Steckelberg;q4uzqkikVL;98440fe1d7bd1d48dac4ab0a4ba96be5
pSteckelberg;q4uzqkikVL;T
Moseman;31JscSXfz3;301a5675ce77407ba382ef7482cd81d8
pMoseman;31JscSXfz3;T
Letterlough;PXSgZcHo2l;ad95dc476a8c469237235d2819ccadfe
pLetterlough;PXSgZcHo2l;T
Fester;406QZzSrF4;772d45579514a8b5a480ce7fda94cd99
pFester;406QZzSrF4;T
Hearing;QtTv6GkRV5;3fadad34ff2369a4b993949f56956417
pHearing;QtTv6GkRV5;T
Munley;26ZIoP6ETB;5f2b8953096dab35e0c97d8a055d4dfa
pMunley;26ZIoP6ETB;T
Sokotowski;hLUSs1Gfrz;2e974a628ae12fd36f4a0e7cd4d12aa6
pSokotowski;hLUSs1Gfrz;T
Mcgowan;yJa8enno1U;c6c876ef8eba679aa59766cc4b01f6bc
pMcgowan;yJa8enno1U;T
Earnhart;nrTlph6Vpy;88101cc709e87b198d1e7c1599084cb6
pEarnhart;nrTlph6Vpy;T
Rafuse;XWsymIMCKI;4b84ae2f17e99b2c66654cb5cb7144dc
pRafuse;XWsymIMCKI;T
Brede;bVnDFx7P9X;7c85c9a3633ef4656b59fbaa5fd1e5d7
pBrede;bVnDFx7P9X;T
Brinckerhoff;Xx9XnibhzI;8e74b05485c63787180c04e15fea798e
pBrinckerhoff;Xx9XnibhzI;T
Berkowitz;Ekw8sm4GpF;56ecad49268c21a3b28aef1814da0f2f
pBerkowitz;Ekw8sm4GpF;T
Gongalves;QWW0f3mEAh;b7bd6a2b0d59ec5830ae3322bcabda99
pGongalves;QWW0f3mEAh;T
Hallquist;oquPM7RRTs;c5c6858d5f6d672dccaaf23aa35d1a61
pHallquist;oquPM7RRTs;T
Versteegh;loKnS2n3HR;d2b99cbc1f278520e6ab4b2216de84ac
pVersteegh;loKnS2n3HR;T
Kirsten;cOsQlLz23A;9b81d114c947b3fefc8ed65920a024ca
pKirsten;cOsQlLz23A;T
Bussom;HCVC0O9qms;dbb855bb763154f9b7bb701766766b1a
pBussom;HCVC0O9qms;T
Holderby;49j3LVbBgm;0a252c4218dcbf51fda9321089b61b49
pHolderby;49j3LVbBgm;T
Lackett;TF4qCmUxnC;f0279bb3c2c0b3fa59c27ab7dcea7a89
pLackett;TF4qCmUxnC;T
Gillis;eK8nvb07g8;722fd7e79642205fe14ac29939b47292
pGillis;eK8nvb07g8;T
Ragland;orEUnDKNg8;bf9d199abbf6ba1c6b8e40484d04653e
pRagland;orEUnDKNg8;T
Finnefrock;2mVjxSEpi9;305529a7d63a2ee9355e2d7bed8c91ae
pFinnefrock;2mVjxSEpi9;T
Mcdonnall;YtLGS1nins;7b8d7d0c005ac65022c658b74563ff22
pMcdonnall;YtLGS1nins;T
Bevevino;DRCGKPRzyX;c3390f7e539c70c9e2e7f2fc9d6d5314
pBevevino;DRCGKPRzyX;T
Patch;MJrXP9QvW7;e7d04effa2811f88cbe77b858f2e0e4e
pPatch;MJrXP9QvW7;T
Croker;kzGs9teKYU;0d69f1ed3bf4149e3ffb2585b972de5f
pCroker;kzGs9teKYU;T
Chauca;TKPWZrGIYP;41a9e0ff4190b4aed4638f1c91986029
pChauca;TKPWZrGIYP;T
Torrey;fsTXI84YuV;8894aeda507426303cf2955b1e31363b
pTorrey;fsTXI84YuV;T
Square;YNKR9PqF4d;6cc036d2b31bf53711c7d24e1c7e5e8f
pSquare;YNKR9PqF4d;T
Luo;2g4BZPKuqr;8e72cd1bb308163221df84f3d95e8dc6
pLuo;2g4BZPKuqr;T
Isackson;RAF8aIH6at;f57a6db3cb1eb7784651b0b9d11f2de3
pIsackson;RAF8aIH6at;T
Tuffey;6U9edZXms6;c35f99fcb79593500d3af1b2856b8bbf
pTuffey;6U9edZXms6;T
Weichman;UFL0HIH280;b61cae001a01322875b230981eaace26
pWeichman;UFL0HIH280;T
Dettling;ovC4mYPPe4;9a8a647155beb0679350a8ec17bc599e
pDettling;ovC4mYPPe4;T
Conard;q7EP43o4Z3;6f4ac6e4ad764e902579732a3b3e28ac
pConard;q7EP43o4Z3;T
Rukavina;53MIhjiY72;4e73b0b298c491fede86b9d10ba4e206
pRukavina;53MIhjiY72;T
Voge;vuWPUcq2Dw;effe302e95c6e3ed3572bb0713ef5d37
pVoge;vuWPUcq2Dw;T
Cafasso;tbsKCdeEJh;136165f4e11edaa1581f6627aefed1ed
pCafasso;tbsKCdeEJh;T
Thorstenson;PUavl2ZYBc;31270795cd45d77da98e6af718fc8297
pThorstenson;PUavl2ZYBc;T
Myra;bz87WmCUnd;f9450bdbd6107ad1a5df66e9e5ce5266
pMyra;bz87WmCUnd;T
Carma;KYMOInShdH;8e76ef4202b6a8acf589b11e36d2570f
pCarma;KYMOInShdH;T
Bitto;JhGDjZlN44;111323a34255af9772db6efe98b84449
pBitto;JhGDjZlN44;T
Fairhurst;Qqy53y4ynf;2e6c03662ac0d7a478fc0e3d733ff031
pFairhurst;Qqy53y4ynf;T
Ludvigsen;6k6o2LgAHh;6bfdaeb7ea2e0f9c41762ef84b565290
pLudvigsen;6k6o2LgAHh;T
Rodeheaver;HQWLwEQHkf;716cb9e25b3955a57e7584d935b37b33
pRodeheaver;HQWLwEQHkf;T
Lugabihl;0aRXwC3DXu;37b021aa51979c5b85ebfbbbddfbc2a7
pLugabihl;0aRXwC3DXu;T
Vogeler;mP5VbpDkym;c3e978ae1cdb272fdc5c96f75cebf189
pVogeler;mP5VbpDkym;T
Walvoord;7EmCey7Rg6;eb4e8db60a143526a0a2a0e133b3f694
pWalvoord;7EmCey7Rg6;T
Guess;7nxGQyxetd;7316c5c71d645b392e6e7eb918421ec3
pGuess;7nxGQyxetd;T
Breshears;SKTvGHqiys;2876223d11b22d85e083dc4a35e10c66
pBreshears;SKTvGHqiys;T
Pickerell;7dS5fb4ln3;5cfc005b1e37291eb8b08bd322664708
pPickerell;7dS5fb4ln3;T
Mcquire;K5E2VQdHrq;10a4aba4dde33617b84677130b7faedc
pMcquire;K5E2VQdHrq;T
Steinmann;qxmC5Gixv3;1bee7b99afbea294ce6e9335e677b6b8
pSteinmann;qxmC5Gixv3;T
Ziemba;SfsB84Bjrc;485cd408d16999d67e7b7ffce67ec364
pZiemba;SfsB84Bjrc;T
Derian;33ZtUoOBtb;c8a598e118a9c86d6c265b0631ca6014
pDerian;33ZtUoOBtb;T
Neat;ueMZdmxBrI;a11b6986aab95c07bda2e2d4f9b128a4
pNeat;ueMZdmxBrI;T
Fido;K5NK9KacmE;ab204cbedbe33860ef8f157b150a4183
pFido;K5NK9KacmE;T
Pafford;F2O6BTeHlS;0a236f46f6180c4920948cd9ed733034
pPafford;F2O6BTeHlS;T
Dellano;4ghlBjvmot;97c41b777490678a0ad2137e71b8d667
pDellano;4ghlBjvmot;T
Boone;gMZDEOhY49;7e8fe573c556747b9e51d00abef2c771
pBoone;gMZDEOhY49;T
Clam;BGbKtdKWl8;486752f1a937122b65896c9eb760abb9
pClam;BGbKtdKWl8;T
Sandau;k4tu07qIXp;9b10becad87b341cdb25ba3664085b71
pSandau;k4tu07qIXp;T
Maher;yvfHbWs7uT;2ac78987f0b3766fdf33f6c7e3afbc15
pMaher;yvfHbWs7uT;T
Campell;l8jWFty0z8;300a429afffe007d7353f478a6267cf3
pCampell;l8jWFty0z8;T
Gillian;ivmsAEt2dk;65e2e3e17b3c9cd885a9120b08b355dd
pGillian;ivmsAEt2dk;T
Portman;gqCD6Khq44;da87fa7375e932f0fd78e8a65cc2f261
pPortman;gqCD6Khq44;T
Kathern;YcKrlIB2JP;864448750c93466cc37f51f8d95b5ffd
pKathern;YcKrlIB2JP;T
Holiman;3EgAycEorb;44c569c9542998f3ee417f915e59642e
pHoliman;3EgAycEorb;T
Pei;QRlArUTPYs;c6dc3b6479618bf3d1a5f3e4ec8828ff
pPei;QRlArUTPYs;T
Hayre;pXYwylLJ2N;7c98b3eb7373a61a74f86971f81b18d2
pHayre;pXYwylLJ2N;T
Skillman;IooZKKHaRM;d37ab0608bb7aafcc97a4dc6a856d037
pSkillman;IooZKKHaRM;T
Hirata;twBbmeR6Tt;b96b7d1690725f34cebc469cdac0aeb1
pHirata;twBbmeR6Tt;T
Pua;sw5I3ee6Cn;25613119ba11f06fb91aee1789fc4e35
pPua;sw5I3ee6Cn;T
Depsky;gR0MO6aK6I;dc60d25070ce85a55fc80d90ed655ec5
pDepsky;gR0MO6aK6I;T
Shawanda;ILneQbNGby;6d4068c4f2361ecf9d5846387f3fdfb0
pShawanda;ILneQbNGby;T
Sedberry;Gtof5mIibL;d391d2c53b4666c045044b00091cae32
pSedberry;Gtof5mIibL;T
Johnathon;MFFiTbadsn;7d4e075930868a13ea341db2d3a556d2
pJohnathon;MFFiTbadsn;T
Mogg;5xGvgDwWSq;afbed731c0433ddc14aae697904ff86b
pMogg;5xGvgDwWSq;T
Godoy;24q268EA1R;f7ff8624a3e2a7b99b5973457550d7d6
pGodoy;24q268EA1R;T
Manton;dJnbBYQtQU;e602a73663704032f27927fe564ebb47
pManton;dJnbBYQtQU;T
Lampsas;FaGcoM5xu2;6b349a06e5a1bff582faa83e54fda4ca
pLampsas;FaGcoM5xu2;T
Nye;v6HuST3xNV;457f66b7e89cd78df5aafa0eeab310a3
pNye;v6HuST3xNV;T
Maizes;RZ3ix5udXo;f8f40f3667260a8f905776a736c507b4
pMaizes;RZ3ix5udXo;T
Hayward;1ICVfH738G;44a289f675ea0a95b438c9e36d8c4b7f
pHayward;1ICVfH738G;T
Scottie;COAuyyhPsa;e5595c7de2491e235d0eac7c2b73a764
pScottie;COAuyyhPsa;T
Cossey;ml1jZakgHe;999888eb5d04e9209a408dafb70744c7
pCossey;ml1jZakgHe;T
Marcela;thuS8Zpp9L;83d3799dacb76e76bdf33abd3aae8348
pMarcela;thuS8Zpp9L;T
Gorena;XTfVTvfn7H;53194904d34a988726886938ec057408
pGorena;XTfVTvfn7H;T
Newbill;pr9Xes0oqM;42e68e1c743571e8736a455ad95500a1
pNewbill;pr9Xes0oqM;T
Farnworth;xR366S3wei;0fab0087ebd093397be6c750145371a8
pFarnworth;xR366S3wei;T
Picerni;umlBqrwj0B;c9114293210d9fd9fd7da872de8cd32a
pPicerni;umlBqrwj0B;T
Mikulich;P7ri2GrZtS;5f9d4540acf69f9101e3875d37b52f8b
pMikulich;P7ri2GrZtS;T
Ruhnke;JqvGAIOwbr;ffbbdd1aff7eaa84a00f4236a6e5d5f1
pRuhnke;JqvGAIOwbr;T
Bohr;eNknZWeTBu;29264ee56675a5d5b5ceed4934008713
pBohr;eNknZWeTBu;T
Eifler;8lBxgH09Ll;054f33d6f162bdae5b08912bddbdd203
pEifler;8lBxgH09Ll;T
Mottola;RLBTXyrKuX;f2963b45eb48bf6d608bc6d7a5b9414a
pMottola;RLBTXyrKuX;T
Canchola;jR0MWS8yx6;c316915e4b3e974c8228b1e9247290e4
pCanchola;jR0MWS8yx6;T
Scot;OYjaokza3O;72968cf3be944626dc59ddbf8cb6fad5
pScot;OYjaokza3O;T
Rashida;CYmxuZLxY6;b7d75464854eed7d7a70ca100eac61a9
pRashida;CYmxuZLxY6;T
Sebren;ozZJN1u4AP;f8d95a5e16f96a686b623e78a92ef827
pSebren;ozZJN1u4AP;T
Honeycutt;owBa2u090i;873f283f066d062dbfd7275ca6bff2e3
pHoneycutt;owBa2u090i;T
Bunche;6QDTY4pYcU;1b2d5897b9d49a134866fb58ad4eae5e
pBunche;6QDTY4pYcU;T
Nicastro;ZNo2qC6BcK;5dee07078efbe8f74799ac283dc43687
pNicastro;ZNo2qC6BcK;T
Bennett;gAJ73EUmcB;e3972fbf16ff7c3b755217eb769ac046
pBennett;gAJ73EUmcB;T
Delbo;y3nlL10GHb;807927f4043bc5aafa4e18abca1dc8bc
pDelbo;y3nlL10GHb;T
France;U83yWFlFBf;7a7ff994fdaf53dcd0c93851b2a43691
pFrance;U83yWFlFBf;T
Tow;LTswFkvPQO;844a051d7850cae21423522162a59c5a
pTow;LTswFkvPQO;T
Ory;hT1MjYXw6l;9cef50681f906944db229d29c6af0408
pOry;hT1MjYXw6l;T
Mcwilson;tExBhux9f0;181f11ed49b2efdd8713cf03881dea04
pMcwilson;tExBhux9f0;T
Thibaudeau;NcfFCSiXWU;0220877564dd68750944dbf17f299618
pThibaudeau;NcfFCSiXWU;T
Siderman;5toYiYimZU;288b85ebd3b4479fa4223c8f238a9281
pSiderman;5toYiYimZU;T
Forcum;G166NI5vSn;6390669519cb2c9612a5d70a1815f7d0
pForcum;G166NI5vSn;T
Wetherington;fj3shAqDIF;f03d1653bf2109d56f15eabb43b3e4ae
pWetherington;fj3shAqDIF;T
Fines;QhbDHY8OKU;949588bfaa300dd86ca470f65587767c
pFines;QhbDHY8OKU;T
Wildin;zt8nmijm0H;ca2d4427b5160edfebc2e65bf696a68f
pWildin;zt8nmijm0H;T
Loan;tJ4vGDlf5E;7b3bb39263d00729b4b048cd06f58086
pLoan;tJ4vGDlf5E;T
Yanuaria;R1RC0kumsw;035f8aa121ced17037a21509d6edb4ef
pYanuaria;R1RC0kumsw;T
Frishkorn;TXXYpvlfoM;7aeb60d71df840d3bc9863af53de91a2
pFrishkorn;TXXYpvlfoM;T
Poitevin;UWOVjlZuJ4;c241d413e85784fa3779128256765dcd
pPoitevin;UWOVjlZuJ4;T
Gornikiewicz;fO6uFoAnyw;cb4aba0635b20d25478ef7690b1fcf16
pGornikiewicz;fO6uFoAnyw;T
Carrizal;aZrGu8nDnR;e96f3c607bd6f3218f11928955caa37a
pCarrizal;aZrGu8nDnR;T
Fremont;kMGNINogVH;c654dead307642c5e4c37297a2efca15
pFremont;kMGNINogVH;T
Harwell;jOJqQl8gOt;19e83da90846476f238a24a1e427a699
pHarwell;jOJqQl8gOt;T
Luba;RngtcLNtP3;6d084ebd6d04b14bd838a475a66a2822
pLuba;RngtcLNtP3;T
Scripter;hwC2Eb9uwW;2e99e65978e21624c8b6d8fd3fefa738
pScripter;hwC2Eb9uwW;T
Jeanbaptise;ohP0lQAvty;122a081913b8685685c9e5ba0ef63043
pJeanbaptise;ohP0lQAvty;T
Renolds;w6SoN2k2mY;32455b600f0f8fba7b56a1abb8f9bdb2
pRenolds;w6SoN2k2mY;T
Gelino;FD5b4BNvWp;176a823a1b075fc88e1e01dc2f5164d1
pGelino;FD5b4BNvWp;T
Rehrig;4QkZLGAQgW;b41b4a4835d88abd208e7c1eeff8bb7d
pRehrig;4QkZLGAQgW;T
Hillian;CFvm6ZSe8l;329fc8187d9151522746cd7b653f18c4
pHillian;CFvm6ZSe8l;T
Macmahon;EMIEfa1bTs;83fb709324e21706be892ddbcdba8ce5
pMacmahon;EMIEfa1bTs;T
Willame;da30T5ZejW;1a8dde60b55f81b07f486c3a10aaf024
pWillame;da30T5ZejW;T
Melanson;taV7d5CtSu;3edda8edd141f215d0ae4283876a85bd
pMelanson;taV7d5CtSu;T
Shumiloff;80s61zZYO6;15b0de1a5f93eba65467493cc4c69e5d
pShumiloff;80s61zZYO6;T
Litzenberger;3PSY2iHkCH;a4d97678da8c4eeb5f29efbfd3db991b
pLitzenberger;3PSY2iHkCH;T
Ingrahm;HCsgTRO44V;5d154b8185ae4f154e86ff7006c149b2
pIngrahm;HCsgTRO44V;T
Mihalco;02PcuUaOta;d6e8ffade0b854b17dc5e29bb787fe14
pMihalco;02PcuUaOta;T
Noud;t7DslnPEXY;543efcfaac7e02c91088ee83d8964df2
pNoud;t7DslnPEXY;T
Fontes;40vL3O00aY;6e44be25180b49eeef2a37c3308028be
pFontes;40vL3O00aY;T
Wilcutt;1EemKmI5cw;5fbf364049e7cf74f9b26b492c681398
pWilcutt;1EemKmI5cw;T
Migliori;hSskMV6t6C;04133bc137fec248cc1dcc996812dac9
pMigliori;hSskMV6t6C;T
Miles;lsD8bPuBRM;ca584f84094b08430fe25f87142cfd99
pMiles;lsD8bPuBRM;T
Halcott;PgZYrCKfyN;5e6d166cd6962ab227c3239bf41ac7c3
pHalcott;PgZYrCKfyN;T
Fulcher;1XzebatdDR;0d126082c5a3fba3be8771174dea78c5
pFulcher;1XzebatdDR;T
Tempest;tRIh9IuNvB;e43e708106c7ea8907209075e5694620
pTempest;tRIh9IuNvB;T
Losinski;z28md9ivHW;f57c4d0f537f542da0c5f8dbc7a72a0b
pLosinski;z28md9ivHW;T
Garacia;HKHqFopmiN;ac49f5eeee46e2f72c5227781888d977
pGaracia;HKHqFopmiN;T
Rigel;MQReqknfhD;e34fa7be41b247447fa31bdb47306274
pRigel;MQReqknfhD;T
Bellemare;WMRzoyKCZ9;1ac05876f29a9ef4996c667486283707
pBellemare;WMRzoyKCZ9;T
Klaja;mIiomXPGmN;2b658e3ae5658fe7e52f8a612ce05d03
pKlaja;mIiomXPGmN;T
Zolinas;jwlxzCKD7S;5eacc476780b7d8598ebd6f7d7622c2d
pZolinas;jwlxzCKD7S;T
Truong;lUVZr3CQVI;8d85569b391e7f2fcbfccae863616d7c
pTruong;lUVZr3CQVI;T
Vanscooter;qH7ARqfz44;70287abdfdaa1a64ba63c381fd102c41
pVanscooter;qH7ARqfz44;T
Radulescu;cEAn5Xiywo;7932f1233126143282d638324e0c6d70
pRadulescu;cEAn5Xiywo;T
Osowski;Y9DWHYbKBA;435cba6fbccbb6cc2a2d9a7b0bc5e480
pOsowski;Y9DWHYbKBA;T
Mcgunnigle;ocY28tBLxw;7cf4921f6f6afd797d68b22a73a81e98
pMcgunnigle;ocY28tBLxw;T
Ellwein;OS0rjzAqx0;4353de103977b1e729c24097a1b0e279
pEllwein;OS0rjzAqx0;T
Bridgewater;UjWwJIbCSM;6ae70ba3f8566aa2fa9b9e39c21f82c6
pBridgewater;UjWwJIbCSM;T
Zeminski;RxBiUdp58a;dd521be17b51c8f57b4cb14249da82f9
pZeminski;RxBiUdp58a;T
Billick;Gu1DryQYtT;405a01e6ff35ea760237e5cdd434c482
pBillick;Gu1DryQYtT;T
Honahni;YWvyX6V43n;b78b3cbaf82d7bdff4dfc51024d7fac3
pHonahni;YWvyX6V43n;T
Leventhal;D09tO7TIM4;28df74ef54b8af33575bd169b0b64cb9
pLeventhal;D09tO7TIM4;T
Corallo;DQLizQMKxK;89bf548344471281df44f74553097b7d
pCorallo;DQLizQMKxK;T
Defries;HDVUwFhH89;ab5c2d214d1c971311c61456a1ee2e07
pDefries;HDVUwFhH89;T
Linn;C8rXGAw4Z6;5dfa413b17a04e98c98de14cbd6f3650
pLinn;C8rXGAw4Z6;T
Spaun;id2ZyUKjai;c7cba6990b325893ca40b272f3ee3682
pSpaun;id2ZyUKjai;T
Taray;fBHA9d9zE0;7aeaa0f36ff230f68fea20f0ae0bb6f0
pTaray;fBHA9d9zE0;T
Quickel;Qfh3BSyM4I;beb29b01a4408f0e9a1eb993a1455c74
pQuickel;Qfh3BSyM4I;T
Sischo;hpZYQe1YPZ;593b222ab4d54768d49f0a4d3960f2ea
pSischo;hpZYQe1YPZ;T
Mcginty;Je5GU2Cv8w;1144135513d80c0a121691feb95d516f
pMcginty;Je5GU2Cv8w;T
Guntharp;cXsspj8v24;dfaafe838feb21c80239b31fe7cefb71
pGuntharp;cXsspj8v24;T
Siddle;UkISRJaSJk;797d5a1b9b7d8c6cb95fd3917479b516
pSiddle;UkISRJaSJk;T
Kestner;Ad8tMC1VGA;8aa25641d5ea9dbddd5f42a0d59a5576
pKestner;Ad8tMC1VGA;T
Cantoni;DeB5Oh0PZT;9ec8cf82338f1bb041d9c9971ce227e7
pCantoni;DeB5Oh0PZT;T
Mcfarlin;x9lbegA4KG;7757960e91aaece87b445f754680cba5
pMcfarlin;x9lbegA4KG;T
Sehorn;2iDwKSIdru;523d67d7061269d267a1e52f59641e67
pSehorn;2iDwKSIdru;T
Etoll;RuBsgxDZra;dfadbd1991077005c1d4171bdd530f05
pEtoll;RuBsgxDZra;T
Tristan;FdOvjiG2SN;355a16c3449e85d8df088b6201013296
pTristan;FdOvjiG2SN;T
Kings;mLsCMATBow;4ef739effcf068f193f2ec39baca0b3b
pKings;mLsCMATBow;T
Julene;DgPIELCg1M;9f568e2f499aa90418a4e7a412dd02e0
pJulene;DgPIELCg1M;T
Dahlke;XUClvRwsdV;fe78a81cb5e70ebbddec9d0c79317042
pDahlke;XUClvRwsdV;T
Uber;cDJVQRKDh4;4dfd7043d1b614facafdcc08063fcb77
pUber;cDJVQRKDh4;T
Jackon;Tus2wkWjdf;a0951ad3e2dbe1ec66adb18c2dd475cd
pJackon;Tus2wkWjdf;T
Rupright;c4DsoRaAO2;a328e82fd1aed350ddc3ca701cf22afb
pRupright;c4DsoRaAO2;T
Mcelhinney;s79JmAIpUp;7b16cb484708408c40409a1dafe29d6f
pMcelhinney;s79JmAIpUp;T
Pietryga;bW4cVUxAne;80845b768092673cc4a83bf32b3dd553
pPietryga;bW4cVUxAne;T
Oubre;Ey5JOTtqWk;8d2031f744f4d56ec2350e224f932d10
pOubre;Ey5JOTtqWk;T
Vidmar;D5PyFvE7Sk;53eced9fa85dba12843085be56074336
pVidmar;D5PyFvE7Sk;T
Dressel;CuxznWS4aO;8b01eec28d679405664ef5fa7dfe3d18
pDressel;CuxznWS4aO;T
Broda;nXbjgDd3MT;ded8ed508f31791f62d3558f61ded565
pBroda;nXbjgDd3MT;T
Fister;uH1m2us8MY;29b1b9c48b7e1e04b784df87c8d96372
pFister;uH1m2us8MY;T
Eldrige;XuHAmzgVGm;8c320a1e96f205a96640419ed2e73a1e
pEldrige;XuHAmzgVGm;T
Warf;EVuslxW6Tt;f35479585112f0ca27efacb411700558
pWarf;EVuslxW6Tt;T
Elem;BKMbFxUGQ6;ca0426153cc01ad0b59df1d1238b6182
pElem;BKMbFxUGQ6;T
Esau;W4zg8PwH1i;83f8aaefdd441db493742ad094d76617
pEsau;W4zg8PwH1i;T
Tuohy;90BgbdS7yz;f99ac34f50a4942a420c776f9870c455
pTuohy;90BgbdS7yz;T
Leidecker;7NzyEgHcwU;19b0b1a9fb64100cd179909de05cb772
pLeidecker;7NzyEgHcwU;T
Solla;rk0OhjbRoo;293ebd47fde4d557f8e52117e8d010e1
pSolla;rk0OhjbRoo;T
Pitcher;J8J0T596as;fc842c1dc7de328f88d948dc7c01eaf6
pPitcher;J8J0T596as;T
Vanruiten;N5o2eo1VV6;7813b99cd10f878de5e61c8b7b05a0c5
pVanruiten;N5o2eo1VV6;T
Tavira;uWl2QfPSzw;a188c1c6f9b1ba9e1df55a79e6b8cfc2
pTavira;uWl2QfPSzw;T
Hallerman;A3KUIZgpds;95bde7d214ec7fe721208f6ea8b6f23a
pHallerman;A3KUIZgpds;T
Love;zB69WEc27B;3adddf9274c81d0d133823002ed38b74
pLove;zB69WEc27B;T
Fenton;wlFg1YFscG;d59d434bdd9607d7f2368c644a562ce2
pFenton;wlFg1YFscG;T
Freetage;lWC0AFZxMt;f0c13b8a8cff4105dc0967f5f097f5e1
pFreetage;lWC0AFZxMt;T
Duff;keqbgnxE9u;a66c7c3aad43bbcd5d6ab159f27876e4
pDuff;keqbgnxE9u;T
Starkey;q9MDZKX60e;7d5950189b07fb2f501f5013a33286a8
pStarkey;q9MDZKX60e;T
Lagle;yBrnCfrWE0;49e122c24659e321bd9a0ff75408bb28
pLagle;yBrnCfrWE0;T
Mulliniks;JR7MWcF6H8;485d5bf67c051ca47453e08351399f83
pMulliniks;JR7MWcF6H8;T
Parado;zcADuZCE9E;19c75e14416c45268e751b6ce259310f
pParado;zcADuZCE9E;T
Niner;4Q2bihL2Fv;190b2880cdeb7a2da326225fc8d3caba
pNiner;4Q2bihL2Fv;T
Petroff;fEwDIcuDv1;6eb26d7828764311f993c43448140733
pPetroff;fEwDIcuDv1;T
Caterino;7VCDDCpfc5;713846a887a96805940e0dccfa06f0a2
pCaterino;7VCDDCpfc5;T
Uson;HOM9MqK8pJ;3a6d56c1836564aa12570344e53a7e1d
pUson;HOM9MqK8pJ;T
Ramcharran;O8dGxgOzpU;28cb7f3c57f5dfc47584272d302c2b3b
pRamcharran;O8dGxgOzpU;T
Reighard;wiq9tKe8QD;6ebf75e6adcaf3ff642168ba213a79a9
pReighard;wiq9tKe8QD;T
Chounlapane;dm7dW1hm2T;c40d83e946e4b731497941c07207b2a0
pChounlapane;dm7dW1hm2T;T
Verla;mo0x5djpIs;5bd37bd749f602453fb3140aa4072e62
pVerla;mo0x5djpIs;T
Provazek;OsZSQsQtNo;6c11eff1e4ed36670568a5fc00337fc4
pProvazek;OsZSQsQtNo;T
Julca;NodvmvzEZt;666c6d26fbd902dd73c33500a3ed152d
pJulca;NodvmvzEZt;T
Goosen;9ffct7vugn;e1881e9e0f1f568217a1d886da674c60
pGoosen;9ffct7vugn;T
Virgel;cbVtGCpViu;a7a1408a350c164eaf944d7794b91c2d
pVirgel;cbVtGCpViu;T
Hines;kijRCnvXLi;bdbb5e8c9a990a04b19211e577f3ea07
pHines;kijRCnvXLi;T
Cerva;voCfO4GJ8W;16a50dddec8f562dcd7c5e1678556802
pCerva;voCfO4GJ8W;T
Willimon;0aA152V1bs;a20c7b0e60c57d6c5d015db2a4a0c45d
pWillimon;0aA152V1bs;T
Nickleberry;MRAV33WhcN;21127e251aee176d1e230142167fbd85
pNickleberry;MRAV33WhcN;T
Parlato;A2CMNS3jQS;405f6562f5ca5c077a9be61c0081fdeb
pParlato;A2CMNS3jQS;T
Mehrer;sV8dLGGGwO;5fa2a308bf8832abf5b5ea70267a80e2
pMehrer;sV8dLGGGwO;T
Harpold;FYG8rEqfqb;de1b9a5372103c8809388a2c777bfbf3
pHarpold;FYG8rEqfqb;T
Flatten;Gp3KDEOQYj;30a43104172469041dfa92fd7bab1937
pFlatten;Gp3KDEOQYj;T
Chu;5jFdmI7NvR;9ed3c1218daa7f6dacde96faee1ce566
pChu;5jFdmI7NvR;T
Ohanlon;VW2qUJ7xUb;c0485d47b849d12f7f86481194a36e9e
pOhanlon;VW2qUJ7xUb;T
Kulas;LUhRZEZVwX;583c538abd9ec6db512e6929321469e6
pKulas;LUhRZEZVwX;T
Whitebread;ocSk1PFCSv;3b0112d5543c8aaa6a1d496f3c89c7fe
pWhitebread;ocSk1PFCSv;T
Betha;i8hL6RPDuV;f2db436bfb9f6ed4d8ff071cdcf0654f
pBetha;i8hL6RPDuV;T
Riggleman;1WYrHdIWKy;bee665a905223f9766b7ce6fec37281b
pRiggleman;1WYrHdIWKy;T
Swierk;O6WU9YKbR7;474206cc6a84cd243483a7c2a27d71f5
pSwierk;O6WU9YKbR7;T
Salyers;VfV9Y7pzA6;510270381cf8fd5e8932e88a5d4b4a94
pSalyers;VfV9Y7pzA6;T
Genas;NOE5szhVhT;3799f040e66e8152e6aaa66b13aed198
pGenas;NOE5szhVhT;T
Lubbert;02xpcrUKKW;5ff7e10270f3708b7e449cff4f48fd55
pLubbert;02xpcrUKKW;T
Waldron;syzkJWu7Kn;9dd3ce7b27f2df971d25462ab7d0f671
pWaldron;syzkJWu7Kn;T
Weil;iTeczsQAfP;1eebec5101da0390072d4d0cede5c9ee
pWeil;iTeczsQAfP;T
Wever;M34EYWPL4y;8060c01195587e3d868a84f187acb36f
pWever;M34EYWPL4y;T
Rasher;Z0puP1PXT0;7c068fcc315539677ea43e11197101bf
pRasher;Z0puP1PXT0;T
Urraca;vhxLcVm1ww;323ea06b8af40549c4b4e0d0b15c079c
pUrraca;vhxLcVm1ww;T
Eagle;42aF4vrnTB;fb2ade8f7b35f594d9ff632007d6a0dc
pEagle;42aF4vrnTB;T
Spingola;qDM6NHXIbj;cce16bf6c9116f7338d8dfa0c6201f29
pSpingola;qDM6NHXIbj;T
Osbey;YVUuR5FpJj;451651cb26f668f0efd6f5c2424a881d
pOsbey;YVUuR5FpJj;T
Killean;aXJfNG6YwE;a1c824bbb9ec17ee22a2425d42b91f7b
pKillean;aXJfNG6YwE;T
Tiry;ZU6ayuB5md;ade889d46a01c725f5ac65464437b047
pTiry;ZU6ayuB5md;T
Schlarb;m40h93SdKb;bcddede9b78e349ecde634db764c980f
pSchlarb;m40h93SdKb;T
Puccia;dPtvvLaUDg;1344e4dcff2c96ec971a0c48311e51d1
pPuccia;dPtvvLaUDg;T
Wafford;PS3CWduu5I;ad56ce656d6001302c5c30ce57f73b3e
pWafford;PS3CWduu5I;T
Wehr;PKGpOYlUph;18c381847219b81ef462c85192603244
pWehr;PKGpOYlUph;T
Shintaku;AUK4KOpqQk;7bc33c98b70cf2c180da1be85041b691
pShintaku;AUK4KOpqQk;T
Mguyen;ybtu5wIfBB;f707a36c3a60d5ba12e199ae684ae0f6
pMguyen;ybtu5wIfBB;T
Girod;FEPV74BL8m;9ee9d8bb19a5d5f7e7a6a729c709f7f4
pGirod;FEPV74BL8m;T
Villanvera;rnwSCj4Pvp;139f5538da39cad3bc6418699824895d
pVillanvera;rnwSCj4Pvp;T
Straugter;suKEqZCiBV;127d9d4011c0e91be0fd49d62d4364c4
pStraugter;suKEqZCiBV;T
Kemmerling;KBuuukmu2Z;c836bf13ebb9c848ab043822d5230e12
pKemmerling;KBuuukmu2Z;T
Delegado;Yo0uh2ONaB;1992d26b00b0f1cc29a26d71a0d5924f
pDelegado;Yo0uh2ONaB;T
Crinklaw;jiqfoV6ouw;1c19752ad54206536d2a708490e07a35
pCrinklaw;jiqfoV6ouw;T
Otteman;MUnuiasGOv;be32051923934bd3d3e0630ffa517b7a
pOtteman;MUnuiasGOv;T
Mancusi;EQhvlu2ja6;4aaa35d4f4dd5121e0d361351526b43b
pMancusi;EQhvlu2ja6;T
Sissac;urFxCh8ibq;8b21c2eb285e4f9c9e2e1a03fbe9c647
pSissac;urFxCh8ibq;T
Loeven;yehGYR3Dhc;67d04cad174ad73c76e86209e1c56b93
pLoeven;yehGYR3Dhc;T
Stire;zgHBgizwIu;b6e5df5346837970f1a669fcd084688e
pStire;zgHBgizwIu;T
Perr;xzmksRGJfV;11f50fa0276ab9ea4003325acc8db3b2
pPerr;xzmksRGJfV;T
Simao;iuSi6XJSsf;f2a14fcdd4fd79920e041fd8f90828fa
pSimao;iuSi6XJSsf;T
Nietzer;6pel2Z8Lng;d6a1011e9be2d03385c93b7a4c4d9b05
pNietzer;6pel2Z8Lng;T
Contessa;a5kPldETkw;5393bf5c77cf8d08eb5a04920ad149e3
pContessa;a5kPldETkw;T
Redfear;2OhnmOOQhF;de4793b67e3864cd4ccc8187a73a0032
pRedfear;2OhnmOOQhF;T
Garlow;NdogSZZxge;289dcce9880430cd17d406c52cba3cb3
pGarlow;NdogSZZxge;T
Sneathen;mvcoyxwxQx;89bb59b49745f1911e6ef4086260b9b0
pSneathen;mvcoyxwxQx;T
Mcneff;V2FgqQ8fdc;a37e7564b6b31b4cb29f8e12fd6bf830
pMcneff;V2FgqQ8fdc;T
Binney;ZTI3oZZezQ;210c551ca2167c8f7db2441e9b739d73
pBinney;ZTI3oZZezQ;T
Bukowinski;WIFpbUDQx9;7782cc84a11f8f5979cd284b43eb72ba
pBukowinski;WIFpbUDQx9;T
Welder;VzIG7gKESH;f3a81005cc32bb36b4a6a250eaa3fdb6
pWelder;VzIG7gKESH;T
Galford;pmPZnnrjeg;ac37909e773b310c2a2fd5cde3cce8a9
pGalford;pmPZnnrjeg;T
Lori;RQi19iq91F;df5942afc9b2dda32cebc6bb1bae9d8b
pLori;RQi19iq91F;T
Seefeldt;FbqJdufc0Y;4cc3e5c7c2a2b886d61a68fd20c0b136
pSeefeldt;FbqJdufc0Y;T
Counselman;SKXfLVhsWs;bed63e3e2211a8352ee59d45968356bc
pCounselman;SKXfLVhsWs;T
Drath;8F1w6meASt;8f23f531d9091cadcf30fdfb50d0f268
pDrath;8F1w6meASt;T
Emshwiller;ZAjJSHzqOt;7fc991a5c3c1e7c4c4f7dde09a2510c6
pEmshwiller;ZAjJSHzqOt;T
Tailor;ElL1zkIqrn;24bc859b5a11d07584270f07f41707a5
pTailor;ElL1zkIqrn;T
Bopp;8CBO9LokuN;e535535e8b013c517ce95c029bea193b
pBopp;8CBO9LokuN;T
Minto;fn1kah3GlZ;a7f6da0b4d2b9f15229b3d6c90118082
pMinto;fn1kah3GlZ;T
Wind;nuCQLNKdcV;6ef278d778e4c8aadc59fbe2bed8b394
pWind;nuCQLNKdcV;T
Parde;c3V9iUQwuG;b3fb348155740738591a4b5b38cf77fc
pParde;c3V9iUQwuG;T
Saik;va5rA4B9B1;c53e9503ccdb283203d2ef8f5fca9b2f
pSaik;va5rA4B9B1;T
Milanese;PusNhMtOmo;52ad8c4d4078bf15d564acbfcdf08d6c
pMilanese;PusNhMtOmo;T
Dheel;U6xETMTb3B;e4c9838eed3b0e7296ed409259064c08
pDheel;U6xETMTb3B;T
Calvey;R9AooiltdM;ad402f33365814d867563e383a07a4e3
pCalvey;R9AooiltdM;T
Twyford;TqT7Gt1hCg;d035e251af897ff4aa48aeff09318abe
pTwyford;TqT7Gt1hCg;T
Gouger;9jDWnsejvD;939afed0da231b1345e2907a86e02cf6
pGouger;9jDWnsejvD;T
Amira;toEMsU8Vjh;d07c982c8933acf6fe6e9fe0e309afe5
pAmira;toEMsU8Vjh;T
Virgina;JpeEi96gsu;4038516a9047703f94c37d93e69b37e4
pVirgina;JpeEi96gsu;T
Mcmanamy;GyjL3Qac5C;869a133604d5752fc3243d46725caaed
pMcmanamy;GyjL3Qac5C;T
Bhaskar;1vtQlvLdMo;7fdc0f45cd7b91d29300149b6b833fdb
pBhaskar;1vtQlvLdMo;T
Stinser;2SNAf0J86e;5e83fe68c10f5e6d6922a4da73877e23
pStinser;2SNAf0J86e;T
Mclain;RMj81bhglz;21c6c2cc1d36b3bcc33bc087cf6d1130
pMclain;RMj81bhglz;T
Sadger;X4ysq8L5OA;f68bbfbe84190b43654e70f9328d6904
pSadger;X4ysq8L5OA;T
Bondanza;99HwuASZbE;db75e05f318ec852398796d22e16f0ac
pBondanza;99HwuASZbE;T
Ozell;9ywQZtUTND;292525c0dedbe48a919085d64f8382a4
pOzell;9ywQZtUTND;T
Wenner;EDn03zACSk;ab923417baafc0d2a1b22c9449979571
pWenner;EDn03zACSk;T
Samber;EK68VqwKIR;c561aa7526d13cd6139b7a63b23ded76
pSamber;EK68VqwKIR;T
Prabhakar;XX0saQ1tnP;a63df31e7747dc66b9b6bfa6c7bafa3d
pPrabhakar;XX0saQ1tnP;T
Ephriam;8J5LB1VwQA;b5bc5db4bd542b95e88fbd56553a20c0
pEphriam;8J5LB1VwQA;T
Huor;HgHoMrj1Ff;a34a6c68c5d20408cb75874494e9acb4
pHuor;HgHoMrj1Ff;T
Tremaine;xyTrnZYQhb;e6e5846b03da0256f049731a8629db13
pTremaine;xyTrnZYQhb;T
Hevey;eSg3r2VfqY;d33774ec57c89ed9ad19740563aa30d5
pHevey;eSg3r2VfqY;T
Raring;SRGrJ0MVc3;b4a8119864bb7e52c95fb3d6357c042c
pRaring;SRGrJ0MVc3;T
Theaker;uIEUaMUaqO;182962f707b318bdb2479b392555b19a
pTheaker;uIEUaMUaqO;T
Jameson;sYd3HCQCb4;bb135de8156d92deabcaed8627ffd8ee
pJameson;sYd3HCQCb4;T
Seeber;VQ7yyJfBXU;e669efd306ea7c8869e0ab2ae1872f67
pSeeber;VQ7yyJfBXU;T
Hamill;FaMDLHYjqB;a1c7cf1bedb597fdbf73126ef5d07edb
pHamill;FaMDLHYjqB;T
Zolondek;panYs6p63J;105ddb6b771d4da2173d66475c1a1231
pZolondek;panYs6p63J;T
Tur;VVokm3ciqj;baf00472083b83a6d46450770097825d
pTur;VVokm3ciqj;T
Deshotels;iJ77jB8B3i;91f396def7404af19fc97ebbbb16c54c
pDeshotels;iJ77jB8B3i;T
Difebbo;9bdZwXZJu1;de046841b8a78c15a6db29c8180f43ea
pDifebbo;9bdZwXZJu1;T
Seibers;RFSEryKdVy;3a5e307153e94addb5c57a01d4e0ba95
pSeibers;RFSEryKdVy;T
Reff;QLeQ5kZPJ3;cc6993ef79b30c18fdbfc7f03293fffb
pReff;QLeQ5kZPJ3;T
Seitzinger;wIlA4JHreS;b944869beb7494a85e07c342722f4de9
pSeitzinger;wIlA4JHreS;T
Conness;8LmQg6UT9S;e23d98e0f1044a49445525863b34488c
pConness;8LmQg6UT9S;T
Sforza;hN4E5eZGlx;e6d3e806021a6f001b51f80162056845
pSforza;hN4E5eZGlx;T
Fuents;ZhNlxeibne;693bc9da4442e535cf75230b3b91f227
pFuents;ZhNlxeibne;T
Dauila;9VISegyMoQ;27d1f59f42bae1a7599bd3d4a4e81cb8
pDauila;9VISegyMoQ;T
Taglauer;pHfQPPISVg;fe24ef64695363624a9679bc6654e660
pTaglauer;pHfQPPISVg;T
Vonholt;kdUeySEI5c;e8a4903438d506309c5aa9463c12ef15
pVonholt;kdUeySEI5c;T
Woltmann;BU17Rfi6rU;696828fe3f3b2bc62fa7f0d20a674ac0
pWoltmann;BU17Rfi6rU;T
Gerardo;ndKUYp3DkV;f667010a18fbe556853382ca119f6968
pGerardo;ndKUYp3DkV;T
Kuser;WKesQ69j4c;4ddfc93fccdb787bb9937b6d7c03d03e
pKuser;WKesQ69j4c;T
Semans;d5P4fV2cR9;d2be23c740c5102e72811c1b6c0792c7
pSemans;d5P4fV2cR9;T
Ryle;F1MCscl42F;acf15fc83586b6ea5304cd1be83f8b65
pRyle;F1MCscl42F;T
Stalter;oojDlsgP6c;2e1c339e24b4b47c4b8b6c31a8a67902
pStalter;oojDlsgP6c;T
Nimtz;PNkLEDItDS;7945e8b1228b8cce91cace9861a6992f
pNimtz;PNkLEDItDS;T
Wuensch;egPYWWs9ts;e5ac69fdab1c2fb436804d258624c825
pWuensch;egPYWWs9ts;T
Tuggie;G1UVjs9Pfb;15483d9b4ce8c665f837c032bcfd170c
pTuggie;G1UVjs9Pfb;T
Streater;jMtIrz5uwn;5a5c324a6c64d2f32db8656d7e2be968
pStreater;jMtIrz5uwn;T
Cruikshank;nJf3DlsGdP;2d856b77c4bd6446474c34457e0a7d68
pCruikshank;nJf3DlsGdP;T
Gonalez;TCj0XHcPkq;64e3113a3f39487078c18401beba9a9f
pGonalez;TCj0XHcPkq;T
Surkamer;QmLRfEoYm2;639af5618f8286c77d9942951d81a20c
pSurkamer;QmLRfEoYm2;T
Vanweelden;ew8lrayIEa;227649e89c923ea66c61dc8270c5e0f3
pVanweelden;ew8lrayIEa;T
Micklos;hW16US1UIh;5d4eabc5c0fd79e45c21dce5e8f33da8
pMicklos;hW16US1UIh;T
Nachazel;amoAGmIP3l;59da3368457266700c1fd464705c20e0
pNachazel;amoAGmIP3l;T
Heebner;qILHaYgzOR;56c5b51edb324052df300cdd555ad80b
pHeebner;qILHaYgzOR;T
Standors;0oiKIkUteB;4bef5303f3b3abaf85c980cd3a8f5c76
pStandors;0oiKIkUteB;T
Harber;1BKf9Hk0iK;882326b26fce33589b930ac97d4aa344
pHarber;1BKf9Hk0iK;T
Laeger;ssVV4h6ngL;7a9a65e8c5897fcd433e0d7e58629cc3
pLaeger;ssVV4h6ngL;T
Harradon;XrWJacse9w;82c5cff032c980c6c614bbf84266b2db
pHarradon;XrWJacse9w;T
Sutcliffe;7W7GiLl8E8;b41d9a486c54e54b78750918ff6c1941
pSutcliffe;7W7GiLl8E8;T
Scantlebury;RDX08qZVLY;51188ffc296832660900a9e2e863cadd
pScantlebury;RDX08qZVLY;T
Lamana;jdCDgSBx9u;ac87a2a32c76b8af23b07b940e3f4de2
pLamana;jdCDgSBx9u;T
Simpers;TlCCtFidKA;b2a0fd652b1d6ac4cacd1f0eba460778
pSimpers;TlCCtFidKA;T
Ellyson;nmrIUSVy0h;e204b8f9e1d8c618f42c8711fa5e5fc6
pEllyson;nmrIUSVy0h;T
Quillan;x0YuR6362a;9b9a3e029b0e7a37cf7d592ee93ebb69
pQuillan;x0YuR6362a;T
Presler;U9fiZWGf3t;90754cdb8b156c4c5323006d398ab67e
pPresler;U9fiZWGf3t;T
Kacie;NsvieG8ikG;7f6824903a052f1421a27f16040a027c
pKacie;NsvieG8ikG;T
Lenzen;n7ol4eo0jh;cacda60928d7186fa853ac18482ccd13
pLenzen;n7ol4eo0jh;T
Vanbramer;5gKT3sVxES;f2bd097daf3ed22f944b6170ace6b337
pVanbramer;5gKT3sVxES;T
Marotz;qQ12clNvuk;628ff68d3ab368fbe37e6d9a63a5be56
pMarotz;qQ12clNvuk;T
Edmisten;Z6In4zl2Ei;0caf237ef1c85f35794d47b6e7b373d8
pEdmisten;Z6In4zl2Ei;T
Scarpelli;vr6Y8RR6cp;bf2eb6f8d554a262e0ac3eea7697a47f
pScarpelli;vr6Y8RR6cp;T
Kott;ji0SwCT2jV;86e4952d14865b4b6fdb186f6b35b1dc
pKott;ji0SwCT2jV;T
Browder;S3Kf2OOcpl;cc5c027a9b5c8e07c6570d4c4b4e46da
pBrowder;S3Kf2OOcpl;T
Rocks;UcxTq6QDbs;0a0de335a7620f980a7d62c9877031aa
pRocks;UcxTq6QDbs;T
Krueger;iz70PtzvyF;70ad6028723cf7c94eccba006f939f0e
pKrueger;iz70PtzvyF;T
Kubert;hjdjhAjQSW;13844c48b472fcfde4478b7384d3fd58
pKubert;hjdjhAjQSW;T
Garnick;u3sFu0KY55;6ce713ca80e328d5a0470cbd000562d7
pGarnick;u3sFu0KY55;T
Whittington;6rWBrjXjva;9514c9f66c66acb4a597005bcd2f63f4
pWhittington;6rWBrjXjva;T
Rost;gmQ1iweT7u;715c1543f5d04c68ff757f9484f93779
pRost;gmQ1iweT7u;T
Sastre;M3avFgaINn;2f5511fab439b2083fec80b05b3f4ceb
pSastre;M3avFgaINn;T
Torrico;700knfkPth;022eaf298dc7b8ab8b290ed9c5a35f38
pTorrico;700knfkPth;T
Starnes;oEWnYu9piZ;8388ff4597743bbb976ae41230628451
pStarnes;oEWnYu9piZ;T
Cuther;zQ3tQbiog0;0ef6abcc661026984b16e1f02daf42eb
pCuther;zQ3tQbiog0;T
Stokel;mUKWabjd8D;c6927144de46181fcf85873a3b50162e
pStokel;mUKWabjd8D;T
Jantz;2zHO79PycV;05c836d7790c8348a0c02727ec1a2ad2
pJantz;2zHO79PycV;T
Houdek;hzoxwIpSid;45f3fcd5f8b564466f7f6e62920f3490
pHoudek;hzoxwIpSid;T
Panowicz;IGhdc1hNl0;7d9fd70ef0c1c5dd7366f35ab216af5f
pPanowicz;IGhdc1hNl0;T
Prestage;q2BCJgfO3Y;f35fae839868388d1467fb1804af0e6a
pPrestage;q2BCJgfO3Y;T
Tonkin;KVBcsMbLdS;be86d6ea94e0465afdbd68eb335f6639
pTonkin;KVBcsMbLdS;T
Hickethier;OL1HSxtoBl;1597aca0b6de731cad7ef33256969fd0
pHickethier;OL1HSxtoBl;T
Sundblad;HTmvYJgCS7;a26da8fcbd06e78c26193fdcceba4756
pSundblad;HTmvYJgCS7;T
Schoessow;pK0kGeyRAd;0e67ca45e5efa52701bec3a07f9e6e0d
pSchoessow;pK0kGeyRAd;T
Neva;CT4aMDlPMQ;eccc4e052a7d269301f2fbfa01a26a93
pNeva;CT4aMDlPMQ;T
Repenning;Txn2aJpkGX;506e9f42254bc4e38d92d024b113dbb1
pRepenning;Txn2aJpkGX;T
Soltren;GhP7QAZDU4;4d2e793795323beeb6185121542e20e4
pSoltren;GhP7QAZDU4;T
Koes;9F8t7iBR7R;bb14152397b2bcced857c878da2b5f6c
pKoes;9F8t7iBR7R;T
Grisom;ngUqutRaic;a9ab6a4fedaf1865d2572cfad1fb0560
pGrisom;ngUqutRaic;T
Knights;dFnaOB1r1d;1d46c0359ad7e7f9ddb479af6fd2e369
pKnights;dFnaOB1r1d;T
Olgin;H5DWeiTUwX;038a6e0f0cdddf69a5b8df5b18afc56b
pOlgin;H5DWeiTUwX;T
Verner;Koz6Abw19T;1ba754f64b887d2214b64fa6582ecc79
pVerner;Koz6Abw19T;T
Plattsmier;sPLzC6sOOX;fc4b85907c89aaedf1dc880e370471a7
pPlattsmier;sPLzC6sOOX;T
Murwin;PJdyZByBen;3abc4c3c64ff8442395b9b6126d39e9e
pMurwin;PJdyZByBen;T
Wiersma;aClGeMJa7q;bf69619de9231e4749bd7a27d63c983e
pWiersma;aClGeMJa7q;T
Pennacchio;1xUqlJoFy6;fea002eb9f8850eed367e106f0d8b779
pPennacchio;1xUqlJoFy6;T
Takeda;EjXEGB8usP;43aced16ff24f1c65365adb919df0548
pTakeda;EjXEGB8usP;T
Wafer;l22X3w5iON;d2056fbf7e14d814e1e0264ed9093323
pWafer;l22X3w5iON;T
Head;0torjsc0GO;74b25a7ed793147d17f98afe536f4c60
pHead;0torjsc0GO;T
Siems;fEc3St1FTg;a9b888cb643c2dcd9a251603c8eeef71
pSiems;fEc3St1FTg;T
Tirona;37P5O5nXAj;19edb088391957b7d9871c5b494eb09e
pTirona;37P5O5nXAj;T
Millson;04GzbPcKoI;8fc3ba0fc4ff4b1a96b4a0e79e304a46
pMillson;04GzbPcKoI;T
Kai;tlZlm6A3lf;2ba91fa43abc8f73114d2b2d70497bed
pKai;tlZlm6A3lf;T
Lavertue;9rmSLVfTVV;cd416f462618d0756d17973e1ffe750a
pLavertue;9rmSLVfTVV;T
Dreger;TDXx4wzlQq;797f404a4ff55866e72ce82b36411394
pDreger;TDXx4wzlQq;T
Rosenhagen;A7ZQLlfrlw;3230fd228dc9223fdd2488de8c56a923
pRosenhagen;A7ZQLlfrlw;T
Fresquez;5aO1JZFCrw;98644ef9bf91da12408c22e876cc4251
pFresquez;5aO1JZFCrw;T
Shierling;1Uon8Upb78;17709e09b3a7d5eb297f87488ecc8d22
pShierling;1Uon8Upb78;T
Kazanowski;khUQdh4b7O;6b0c060f408665f469288e705d6bb3d7
pKazanowski;khUQdh4b7O;T
Cutsinger;sVMmoGxBbI;ce5c6dea29ff8e986c8e5f95ad154168
pCutsinger;sVMmoGxBbI;T
Huertes;JNr0sEj788;9e16bcfb079bfc03c83d8ac8332a14f8
pHuertes;JNr0sEj788;T
Selusi;E1Clgwg3lG;1284e9663114ccdbb9cfa14ab35ba088
pSelusi;E1Clgwg3lG;T
Lineman;bebAdJb2Kv;942c0775f12defc85c796b000f59c25b
pLineman;bebAdJb2Kv;T
Kirsopp;BVXGOgCnXj;5a433237835d75512bc7a1df56a492b8
pKirsopp;BVXGOgCnXj;T
Tupa;8U9TQEFBwH;d0a3c75b6bd738c48e473d0a2c35ab20
pTupa;8U9TQEFBwH;T
Lomonte;fjsxzhaYG6;238d6a35e3766b7884f7b4a6d03f3016
pLomonte;fjsxzhaYG6;T
Vizcaino;G7cmAktTyG;7c1462af9c59312211c7950295072706
pVizcaino;G7cmAktTyG;T
Middough;xIEVBspoMA;8bc25c6b155b648f579a83dc6e1d3004
pMiddough;xIEVBspoMA;T
Parhan;MPBh76HR60;92c329759a2a21b3f41aa16abdb104d1
pParhan;MPBh76HR60;T
Rauch;Uncsrx5ylt;d036cdf48ccf96f3aa628cbbba6cccc2
pRauch;Uncsrx5ylt;T
Catania;JeVcYMBm64;545c823a09d9d4a6671ddbdb03f41f3c
pCatania;JeVcYMBm64;T
Pettibone;SfPFFUi32Y;dcb3dda05e9710b3cbb943e3bf8d8e45
pPettibone;SfPFFUi32Y;T
Hinh;PtuHXOkdPY;350010803c7f1470da2f6bdcb90929f4
pHinh;PtuHXOkdPY;T
Micthell;zc4Ez2Csin;c3a3ec7b610b37ecdc820c2cdaf7930e
pMicthell;zc4Ez2Csin;T
September;Esm4KyrZYw;7ed0dcf2799f0b8fd58671ff368072c0
pSeptember;Esm4KyrZYw;T
Wilds;99UDFHJqPZ;9577a45f38c7315cf0ee6845d8a80deb
pWilds;99UDFHJqPZ;T
Landor;F6kXvlliax;8dfcf7d9768770ff2f7ad0a470e2a91d
pLandor;F6kXvlliax;T
Wendel;TTEJUvnc76;1378be514dcbb7213af5163c1a33f71c
pWendel;TTEJUvnc76;T
Didamo;JvuwMr6c4L;7a51f6be4e4e878b8d4c4dc8ff655acd
pDidamo;JvuwMr6c4L;T
Gaarsland;IqjNRfR5Uw;9d04ac4e85901102eda2741875654830
pGaarsland;IqjNRfR5Uw;T
Saechao;qpmG68P3ht;b50e964fe4cfa777ac2359b5903745be
pSaechao;qpmG68P3ht;T
Gocke;TpUcPk0qGL;e3e74e62828b0a3b1725fc1c1f1d514e
pGocke;TpUcPk0qGL;T
Schrecongost;b1ssysen3W;189f215bc305f1eea1eb47784f4837ca
pSchrecongost;b1ssysen3W;T
Rixie;W71t97pgGR;c0c02b1aaa4cc5fbc9653d95ccabecfe
pRixie;W71t97pgGR;T
Breidel;RDYQF11H3r;2dd429ba6f128289a52237699dee7c29
pBreidel;RDYQF11H3r;T
Dearmitt;1U8xULjnaw;6df6a9f71db7ec2d07e0d976d7146499
pDearmitt;1U8xULjnaw;T
Hight;PxjTXNnmif;66f53be943628983aa60caa96bd77b54
pHight;PxjTXNnmif;T
Ruesch;svVlsE1gDz;32d04866446e6aad48c72a092b03ec0f
pRuesch;svVlsE1gDz;T
Ulloa;IWRQ53NVUI;947cd8b9f32311070e4efed1069abe89
pUlloa;IWRQ53NVUI;T
Carlston;HmX7frn7p1;8a9c33ce9557603182d654734ec88ac0
pCarlston;HmX7frn7p1;T
Seftick;CdtvIPOqqz;dff7cbd6480defbc8cef194050d473e2
pSeftick;CdtvIPOqqz;T
Lohse;AUbRosbI5r;165d9b048c189cc38388c38c763095b0
pLohse;AUbRosbI5r;T
Galietti;8Am9c8eK0l;6ad05de710d41b33efe17c2aef7d4804
pGalietti;8Am9c8eK0l;T
Verderber;wgbD0glsGX;4a089699142736b2a8e0af6ac442d1bf
pVerderber;wgbD0glsGX;T
Britten;qRkFxnVJ4j;a50e24f9860386f544bc882fbe169ccb
pBritten;qRkFxnVJ4j;T
Khosravi;LsusQwhPjV;6628b24db478ae0f795f23367c548fe6
pKhosravi;LsusQwhPjV;T
Laterza;PdcEIBtMer;217f7d1f35e299c78858f38078b2122a
pLaterza;PdcEIBtMer;T
Giebel;dwa3eisTzC;0d2b6c5c72358c911c5a204fbcf0b3ac
pGiebel;dwa3eisTzC;T
Valensuela;GPF3OuSZb1;46bd0a0c475bb0a306a2507f6db73687
pValensuela;GPF3OuSZb1;T
Defrancis;lrsTd92wLy;d8761eb0f54aabf6ccf3047e9eb494e0
pDefrancis;lrsTd92wLy;T
Howard;XIVcv4yJ3F;0871a8d3e16c3816fffad01415df246c
pHoward;XIVcv4yJ3F;T
Tune;zvYFsvFsdV;d7b83f44f0cdd5a37fd91f998c0479cc
pTune;zvYFsvFsdV;T
Plumadore;GPEJzERQ7S;19aed169028396cb222528e0098fd9c7
pPlumadore;GPEJzERQ7S;T
Mieloszyk;PIs8ygz53c;9fd111cd703d0d93489929987d758888
pMieloszyk;PIs8ygz53c;T
Emerich;LlJF5EVHZs;4337e6909a87b7c79a1055de779c85b2
pEmerich;LlJF5EVHZs;T
Sleeper;llmggy7YBH;9db3038f230291c9233248bd8c71ed01
pSleeper;llmggy7YBH;T
Truby;QGWihUFiT4;ce75c55bd6e8c2feaeec8dcf3db77202
pTruby;QGWihUFiT4;T
Hasan;iHJsr56md0;aded2600f843f7aeadc15549c0a59a7c
pHasan;iHJsr56md0;T
Lauralee;e6QmujeB4b;3b4ea3986b592dd9bdcc9477c59b830e
pLauralee;e6QmujeB4b;T
Staub;bLDbodecE7;2b1315bd25d01f3afd1eadef05b167dc
pStaub;bLDbodecE7;T
Seago;R6psnH2hZQ;69b4782d0b77d09220448f31819b7baf
pSeago;R6psnH2hZQ;T
Aundrea;05GpDb5rYw;8c8500648836a8fcc5169887f90834c8
pAundrea;05GpDb5rYw;T
Swanzy;ooHBeNmZxu;f89e50d557cd7b593f17c0045599763b
pSwanzy;ooHBeNmZxu;T
Bonenberger;Oow318aYee;30046e69468786f7fdf69aff44d7a3a0
pBonenberger;Oow318aYee;T
Cyrnek;PFSPyyNoKB;065f91b8eae1bf4634dcb42e05a0eaa6
pCyrnek;PFSPyyNoKB;T
Sirena;fmpRNrs1gG;3b89761f72c01547dedbf7a5e096c873
pSirena;fmpRNrs1gG;T
Ivan;van7EmttCo;2573cb99479d0f2ea8674ccfb9241a1d
pIvan;van7EmttCo;T
Boxley;ChvHoMY5qj;3c86f41ae67b7a123381b31ade94cff2
pBoxley;ChvHoMY5qj;T
Wittels;fY77NauwLZ;dac6791ab135727853d233acbd81ad36
pWittels;fY77NauwLZ;T
Fera;igfAIsxOgW;ead9f568a1f402ee453aa03400295b89
pFera;igfAIsxOgW;T
Moraitis;r4miqbiKuO;fc2d64dca477178e26bac9ffe82aa431
pMoraitis;r4miqbiKuO;T
Curcuru;iNEPNPp9Ci;b231aeebc8c74f7d5eb78b042dc2ab32
pCurcuru;iNEPNPp9Ci;T
Durst;S61PYRJmuA;3bca5dea7a4f0f735c1a85ad90b42096
pDurst;S61PYRJmuA;T
Doke;4xh0ZgP3TR;44b5cee7b3399bb18e30ce5ca41e8b30
pDoke;4xh0ZgP3TR;T
Brookings;V9YfHSkBx9;da16b80f58fa009a41e756b36e79ea22
pBrookings;V9YfHSkBx9;T
Schwebke;qdV36g62S9;6c9faf2c49ad5fcbb4372e8bbf570c96
pSchwebke;qdV36g62S9;T
Nejaime;SafZ9SSoMd;0a97a258067dbd64c92c93a4cce63b98
pNejaime;SafZ9SSoMd;T
Zucconi;riqCRTLsv1;1fe3e6b1b7e347228c10794eec92e36a
pZucconi;riqCRTLsv1;T
Pare;rOoCTaNmS3;f4d1f5ea0d5180048e8ab31b8166dc78
pPare;rOoCTaNmS3;T
Seavey;uy2wVTA27Z;8509605049595f4bd3e3071b811e87b3
pSeavey;uy2wVTA27Z;T
Dietsche;a5zlSeC6Rh;8c02f48ad37240ec9ae537a1cc98eca7
pDietsche;a5zlSeC6Rh;T
Elumbaugh;lRGBVskNn5;1f08eba81b8e0e57fa8bd6f9f03192ac
pElumbaugh;lRGBVskNn5;T
Yeary;Kykbr9c2f0;e4b487a6d2ebbbb10b8760e4924a644f
pYeary;Kykbr9c2f0;T
Mcgreevy;UyrHqR7p49;6a9005ba063f5db2fd6d71094a0fb1d2
pMcgreevy;UyrHqR7p49;T
Station;X5fH8OhbGd;c742ddfda9996cad558768bf077d72dc
pStation;X5fH8OhbGd;T
Ceballos;qSPShvfHjC;e812128fd743b471588701558bd46b11
pCeballos;qSPShvfHjC;T
Czarnecki;eKglq4HRFM;76c892239392635744f59daba6aecda2
pCzarnecki;eKglq4HRFM;T
Gotshall;OrdFlcZFCZ;b354ee0532f27f56dbb2dcab9913608f
pGotshall;OrdFlcZFCZ;T
Laser;0ipzpO19nq;2b7aa1e1e5c8166811d3c2f78b3ddfd4
pLaser;0ipzpO19nq;T
Pam;StIT9LqN6o;3020ebc231104293152f28d0bfa127b1
pPam;StIT9LqN6o;T
Maxson;4ccvPDEBOF;0789f94d4da917a6275507877de19473
pMaxson;4ccvPDEBOF;T
Gothard;sSIOumZ7aj;bf1382166469fc9e24b8d2376c3d0a8e
pGothard;sSIOumZ7aj;T
Bodie;fnxzjdbj5c;9715095eb95d9e7c0dc9f400da404e7f
pBodie;fnxzjdbj5c;T
Angelica;NPrKOETzFU;f8654a7f19e768e67659ff3695157139
pAngelica;NPrKOETzFU;T
Gertrud;LpWLcdZ9MJ;d2ad3bb172e45510822b67e2f56ed18b
pGertrud;LpWLcdZ9MJ;T
Rach;jAtQKxkTlp;d6dc7798ee415e471bbab7ef400ac333
pRach;jAtQKxkTlp;T
Rather;yKT40xHWFc;97ae7c3a799546901934190698adb0b9
pRather;yKT40xHWFc;T
Keisler;mdGKccZD2g;a9a92886a98dc004f7aeff3c761635f6
pKeisler;mdGKccZD2g;T
Ferrett;bK8LUfSYqn;53b2d14bc8e2660befca8ebd44a2e7c9
pFerrett;bK8LUfSYqn;T
Collicott;OLqOpaxtKO;3738ad2269ef27aebab0af9dbd86561f
pCollicott;OLqOpaxtKO;T
Steuart;YVzVD9tggB;8d21075030dcde9f2e85c4b977dea928
pSteuart;YVzVD9tggB;T
Musumeci;CtAkEGPzwp;1bf04e8e33791e657ce8643a1d26c475
pMusumeci;CtAkEGPzwp;T
Nikki;KazoqikWYw;a8aa36ea0f05181cc63945ae85b4eeb4
pNikki;KazoqikWYw;T
Hardie;dIR1AP8QLr;781859f7215fb14d9a27c7b548704f2a
pHardie;dIR1AP8QLr;T
Scali;SDLGotCjqj;af0f25dc2c25932b4094f5d6d8239804
pScali;SDLGotCjqj;T
Serey;COplqit2eO;7bcbb4ad6419b2dfb4e107cfc7bbe9f2
pSerey;COplqit2eO;T
Thackeray;q3taZuP606;2d6a5452f065fe608ccbf7f2bdf6cfd1
pThackeray;q3taZuP606;T
Clineman;SjIwHgE06i;69572f600cebe379d47387c023add46f
pClineman;SjIwHgE06i;T
Jowell;T2jBEgwD8Y;141267c756582c9ff7f4948be51b0a82
pJowell;T2jBEgwD8Y;T
Yambao;DDxkxiZ3TV;c49791f069d9853b1abd20efda28adea
pYambao;DDxkxiZ3TV;T
Mazzaferro;xCURU8BL9e;acc0f657664ca34aba7f484dc01651c1
pMazzaferro;xCURU8BL9e;T
Reliford;icU89DZ1uv;b4ddb14b85eebc32ea0a41a37d23837d
pReliford;icU89DZ1uv;T
Kollross;scaZDYYuJO;50ad5b83d41a5fb97026413b07cdde52
pKollross;scaZDYYuJO;T
Bilder;GSC811kQ7n;860ea980bb764f2a1b98f5dbe09ea0fa
pBilder;GSC811kQ7n;T
Oetken;RTjANesOO1;75a9e1e5eb056d27391da8f95e56fddb
pOetken;RTjANesOO1;T
Jiminian;20za6ERloU;f71f3228dba0bdfd10950bdb75eab5c1
pJiminian;20za6ERloU;T
Mcclurkin;mA85dUBfM7;4211cc99dd8d7f12ea49dc8b4efb40e4
pMcclurkin;mA85dUBfM7;T
Remily;xXTS1fEAmk;381fdf56aa15af9a72e7323aa629df6d
pRemily;xXTS1fEAmk;T
Brockington;ylX5QaOsqW;0fb08b1697967eb4f950136cd846b58d
pBrockington;ylX5QaOsqW;T
Ivers;BfHh9jzerC;ca7449a3cc49ccc6d163557b598c0b9d
pIvers;BfHh9jzerC;T
Lisee;tLkkv8Rd1M;83d6969bf7314a47f0d2cc28dcfdda8b
pLisee;tLkkv8Rd1M;T
Benik;NoqD1w7rRV;e5974517641370e410e00198bd093e35
pBenik;NoqD1w7rRV;T
Fucillo;PMvkOCT1MM;b417a15b6ea19c4d0f0be0b7162c3455
pFucillo;PMvkOCT1MM;T
Wachter;76gEyGBqXx;48656a7c491068068605853b6f7110b5
pWachter;76gEyGBqXx;T
Sanon;TrDr75jBzH;0a0f8852298865ff9d51106941207eb0
pSanon;TrDr75jBzH;T
Dinizio;K8bQoQHuv8;1a170891a9036eee46c23ec8e6ee728e
pDinizio;K8bQoQHuv8;T
Menousek;mdx3XMQlGK;fdda152665df64950b5f23424cb2d6e7
pMenousek;mdx3XMQlGK;T
Bias;lVXgA7M7vg;88b6d50074eb16f4d3a175e9538ad89c
pBias;lVXgA7M7vg;T
Strachn;CplMuWXqiU;a033a4786862288fd0809816c0ced29c
pStrachn;CplMuWXqiU;T
Usrey;FPmjDRLRKb;3336bc4006ff1bc7cb5d9ab3e396c8b3
pUsrey;FPmjDRLRKb;T
Gildroy;HTTp6MGlem;4c1bb945e2690e5d1f51f2138b53f7fa
pGildroy;HTTp6MGlem;T
Overbay;TnxClhNiAI;dabe41df1e71bcb2cc6f325541e221e1
pOverbay;TnxClhNiAI;T
Cruze;KaPWtwkpgi;b2f4c904703c4eaafd3218d7af13189b
pCruze;KaPWtwkpgi;T
Matula;oxrHOrzhkF;3676e1ee6a2a0a6e0335d4e8557697d5
pMatula;oxrHOrzhkF;T
Flirt;Zn0mexMtW1;afe7b547d89164b4405297b564650625
pFlirt;Zn0mexMtW1;T
Sirrine;71s4Z4a9ay;d424f1f42c0dd78632af0bd046869cfe
pSirrine;71s4Z4a9ay;T
Lannen;WtQuUoQr6V;45696c900831cc11c3af42cafd64d71e
pLannen;WtQuUoQr6V;T
Elie;ZohhVhhg6L;8c53293d2375911e70b5ee03643a62a5
pElie;ZohhVhhg6L;T
Wolansky;DHoWKoX3ls;f5daa0073b07abbf17f3a374fcc04eaf
pWolansky;DHoWKoX3ls;T
Degroote;MwBaPmH7AC;44ffc7224977f7040d76434535106698
pDegroote;MwBaPmH7AC;T
Heidrick;7bLqdHKhcl;a47c9c66c6dda5f4e357d1cf41b1e5c9
pHeidrick;7bLqdHKhcl;T
Braxton;iNpqQyVCx7;4196ad4276679739d3aa58c29518881c
pBraxton;iNpqQyVCx7;T
Skufca;NKZNLpMqFs;127027319987eff9861ccdcc0bb739dc
pSkufca;NKZNLpMqFs;T
Blafield;vkb3ksNk76;c89e30ad31eddff186d8d4a970f5d2da
pBlafield;vkb3ksNk76;T
Lazos;CAkVlbraTT;8e3eab9a654db42d97945d48b6140eb7
pLazos;CAkVlbraTT;T
Topal;CegMUQn8Of;a45b92797635bc6aceb4f9ce818cc0e4
pTopal;CegMUQn8Of;T
Meltzner;yRUhH6WSeZ;34548d7f312cac97bd53ab4f22def725
pMeltzner;yRUhH6WSeZ;T
Kolter;3r62OXyyur;9d3fcfadc57ded8e3568fcaa8c49d9b8
pKolter;3r62OXyyur;T
Kramer;XOmIdSEbso;87334a327c0ae06b25a6928285201665
pKramer;XOmIdSEbso;T
Derouen;213fXDiR08;c3275afdacf5a6789b3169ffb24f56d7
pDerouen;213fXDiR08;T
Oralee;HQaef7stvR;ceeee4b86bbe29ec7d677e96dcf6c03f
pOralee;HQaef7stvR;T
Usher;Yy5574ckad;0608ad18ed8b93deda3e3eddaf564113
pUsher;Yy5574ckad;T
Ginger;O7dHfuLqUT;d4c19f5a4303fb637b206a59ff00d9ad
pGinger;O7dHfuLqUT;T
Rebuldela;vx4S782Ge3;a290521cf74e0b06e820767501d901bc
pRebuldela;vx4S782Ge3;T
Tencza;8hGrG0N7ow;4be6c31f15a29d0bc7f46bb4cc863058
pTencza;8hGrG0N7ow;T
Menken;7BCk2AT00O;f7251047d0338839bd61f650ba3c41a3
pMenken;7BCk2AT00O;T
Kaminsky;BA2krO918R;783d2e281dbc6d5c0084aeef5633e75f
pKaminsky;BA2krO918R;T
Mottershead;NkL76C8A5J;bf192eb04d0bea77805b4c66059b90b1
pMottershead;NkL76C8A5J;T
Cameli;LOE3Npj10d;f6699388f74afc80271216bbb7537279
pCameli;LOE3Npj10d;T
Cecil;jVWEEd4N7l;f5a186b848f16cc20877d0dae84970f4
pCecil;jVWEEd4N7l;T
Cornman;pL9czmEL9a;56fc72efcdaf961ca6ddd903cf970d79
pCornman;pL9czmEL9a;T
Peccia;s9wM6sKRR6;61d2f47f7b141d4b7f53cdbf29349bb9
pPeccia;s9wM6sKRR6;T
Saglibene;eehw0rEBaT;95e38fdfd40bb05a0358754bf178eeb8
pSaglibene;eehw0rEBaT;T
Seidle;8q4eQN4sTt;2f8bc08aa3fa34f954a33f2bb6cfa784
pSeidle;8q4eQN4sTt;T
Bramer;1YCR1Lm4QL;c1981ba97d18b6e9eea9c1bcbc1856e8
pBramer;1YCR1Lm4QL;T
Berkshire;A2qVBi4mGd;26161f545af084d07e777b548915c0dd
pBerkshire;A2qVBi4mGd;T
Canto;hceFVwxLq5;2fa9d9d082177e2d286b137e63dfe479
pCanto;hceFVwxLq5;T
Faragher;HVliVreiul;c5ae6f68ce6872591b07c266d64aaecd
pFaragher;HVliVreiul;T
Goldenberg;QWEFD8XWvP;a9be0192dd778b21a03f670a37aadcdc
pGoldenberg;QWEFD8XWvP;T
Purpora;3qzQKQQO8N;e486c18076868f459b3afa9b44f2536d
pPurpora;3qzQKQQO8N;T
Cybart;avnJaDMRHC;2b44cd79501475de36aa599025b8e164
pCybart;avnJaDMRHC;T
Mendola;G3yUKKVMUD;57c0f55baffb56ec55152376d75341cc
pMendola;G3yUKKVMUD;T
Mebus;3jj8K1ZlRk;a2deee3de63ad4bb9d1e7b160a34907e
pMebus;3jj8K1ZlRk;T
Sailors;eP5aWokZ1r;ad828ec1a273bdab1327e9c5bbd6e06c
pSailors;eP5aWokZ1r;T
Gutherie;JtwpVrOBUC;d1b9f60c78d34701774e24d1ef0dea18
pGutherie;JtwpVrOBUC;T
Tooze;HUG28r2X6F;d13c0a20fc7b103d34bc7dc1af2e0388
pTooze;HUG28r2X6F;T
Lyda;Hk265bKQfe;2e92d2b10fdc6a3484ece27e877976c6
pLyda;Hk265bKQfe;T
Herriot;6qc4azeNrd;6de49d42cb77aa5cbfdd2c8f61064224
pHerriot;6qc4azeNrd;T
Bisignano;0ZKpseUipR;2e3234d0b6f28a53f69c2988decbbbd5
pBisignano;0ZKpseUipR;T
Mayette;YqWJvKDCsm;c25b735a81a01b5e1e93c5601606fffc
pMayette;YqWJvKDCsm;T
Ciprian;tbYKyKqzGK;d251a4a328cd9eadf5b845edb4ed6bf7
pCiprian;tbYKyKqzGK;T
Knoblock;GGyMNehDbd;a84d2f7424c5909d3f6be43502feed82
pKnoblock;GGyMNehDbd;T
Hickonbottom;uO6dfKYiH6;a6666aab09d1141473581497ad9b305e
pHickonbottom;uO6dfKYiH6;T
Kruzan;2T007TQXff;40cba3eb709624e7ad33ede5dde90470
pKruzan;2T007TQXff;T
Mcquay;Y9ovrRUdwE;b26ce22df540602b74d6ea05631c4a6a
pMcquay;Y9ovrRUdwE;T
Rinkel;yy0uj2Mevp;3b51638a2679a2e4fa72c84df6f5cfe5
pRinkel;yy0uj2Mevp;T
Scamehorn;zjhwkoxuBA;2b362ec73c3fe1cdcc70ed7a14c6e380
pScamehorn;zjhwkoxuBA;T
Mehalic;CBYlRHCXYH;6fa798226f92f65de10432843f99c32e
pMehalic;CBYlRHCXYH;T
Sossamon;TL7pkDZo7p;3941484708f1f964bbfb2d331454dc76
pSossamon;TL7pkDZo7p;T
Brazee;cOqW48RLxa;d5d6af68e654182edbfe209fc1327c23
pBrazee;cOqW48RLxa;T
Claridge;0ivNBokfCx;54cbcfc571e87e430887f771aa869db1
pClaridge;0ivNBokfCx;T
Judie;igwC7EKzid;302fc111793fb80e2f5fecbd1ec716f2
pJudie;igwC7EKzid;T
Kauble;o4QpX7QXSl;f1b7df3a781aba64d4a2c672264066df
pKauble;o4QpX7QXSl;T
Fenstermaker;fmvx5y77TW;81f2d64d6b4276ed9feb4b778143e478
pFenstermaker;fmvx5y77TW;T
Rosenfeldt;jZIMWBFGdT;07f29c74823e1ce516115a0c7628716b
pRosenfeldt;jZIMWBFGdT;T
Ozer;btJa73SJML;4ac33d6bfbcee1b86c3d8a49e6fdcd94
pOzer;btJa73SJML;T
Trunnell;hm88uAvMYw;095e3448d5e2645a9ab21b4650948829
pTrunnell;hm88uAvMYw;T
Dibernardo;k6VvNTgQKD;7cd5a64e3f2b9312754feef8d131e461
pDibernardo;k6VvNTgQKD;T
Korn;S3ZquLamWd;b0220e6b5ad700de9a1b99473e5c814d
pKorn;S3ZquLamWd;T
Bogenschneide;ldYZJvZVdE;6bc5c13f96441f65f279f672c935c227
pBogenschneide;ldYZJvZVdE;T
Piersall;6GgepACHZC;6bc4207b9e402a9f21a2c2feee71eba4
pPiersall;6GgepACHZC;T
Janeczek;f5kvS6Pxp4;82fd46a599c0ff950e42fb33d92410c1
pJaneczek;f5kvS6Pxp4;T
Zepp;P8dsKihMnL;1714b24a65f660ebdd4f0ffb0a33453f
pZepp;P8dsKihMnL;T
Meranto;Bm8WsHZFgK;016049ffef53f238d3f301c06da00d35
pMeranto;Bm8WsHZFgK;T
Cantwell;udYtXawnbc;24417b845b1eb0165bbb7720cd5f2c7f
pCantwell;udYtXawnbc;T
Spelman;66Xpo3x7ly;c5876d9d629beb667d024fbcf555ecba
pSpelman;66Xpo3x7ly;T
Blasingim;G5OGT7pI9u;bd10be3a34572a3b951576ba4805aae6
pBlasingim;G5OGT7pI9u;T
Treff;Dnc2zuL40w;cb06cf0f93fbf51c6e4e55ace3eea94b
pTreff;Dnc2zuL40w;T
Sagayaga;5ebQxge4de;901992307d05b812ec6721bc6caf83f5
pSagayaga;5ebQxge4de;T
Teissedre;snBRPG0AaL;c8323a0d4abe936762226bea28ca4b53
pTeissedre;snBRPG0AaL;T
Saeteun;HaUP7Wter2;c05c70d50766d36d7eb9d5d549b151b6
pSaeteun;HaUP7Wter2;T
Bough;rolLmfOkZM;26e0e360872b64d6ed4be47ae2f8ac6c
pBough;rolLmfOkZM;T
Douville;B8CNpm5fxa;0b04736ef17d1b85102539410ea3d9a6
pDouville;B8CNpm5fxa;T
Gizzo;j4wli69K69;2666c1a236d071edb1dfd36a4bf9a70d
pGizzo;j4wli69K69;T
Reager;vV2s0MwdGl;eca635b136c158da8f1457a1ffbdddb9
pReager;vV2s0MwdGl;T
Linnemann;9DypDfrAto;f6dd7330d49f238b6ff9ef3aebbc2aea
pLinnemann;9DypDfrAto;T
Chroman;PTlard5KPJ;25c89454c8f511d33edb8b4155f4531c
pChroman;PTlard5KPJ;T
Hightower;woJqHYZAhF;ad19cb5bd82eb904fbb1487819e924ea
pHightower;woJqHYZAhF;T
Heimer;uUcUnVz60R;6400f9c459b2360c7035f4f2d04ea85c
pHeimer;uUcUnVz60R;T
Osterhoudt;n8sFM7Mahe;c9eda32f7d502a45865233c5016de121
pOsterhoudt;n8sFM7Mahe;T
Brookhart;GBWdFXXNkJ;f401fa3c9c843fb7a112ed168be66a20
pBrookhart;GBWdFXXNkJ;T
Schoenhard;IdPwV7PUNn;bb158cba7343f29ec2d4af190a0fdd3b
pSchoenhard;IdPwV7PUNn;T
Ncneal;3APtOkU9b2;c5148658a1a35ce1014f9ae44c816364
pNcneal;3APtOkU9b2;T
Sham;nKRkIgq179;03931660a701e990ee462cf2e4a46466
pSham;nKRkIgq179;T
Summy;amury0FLAo;5304adf70b0abb6e9d6e46d2ca4536c6
pSummy;amury0FLAo;T
Teasdale;C0ArV1WFpx;50a78222a3af322531428fa21c04a425
pTeasdale;C0ArV1WFpx;T
Gleisner;ZAdllLOIVs;ef3dfaf71b0b2461cdc2ec0a38e55882
pGleisner;ZAdllLOIVs;T
Stockard;12zGf8qMKk;eed71a96f8f195140f27377aa6ac4da8
pStockard;12zGf8qMKk;T
Paschke;QrDrcXsfHi;43964f0ee838e97551a622dcebc0d531
pPaschke;QrDrcXsfHi;T
Covino;1UHlsgsNyN;866b475866b1386cc98bd82a791dad9e
pCovino;1UHlsgsNyN;T
Harriss;Vq8D9GQPeq;b6accfbfc0c3f2002eb0dce170043a5c
pHarriss;Vq8D9GQPeq;T
Pachelo;YHg2J1Ip5s;d6ded0e752d491cb5ba79efe649583c3
pPachelo;YHg2J1Ip5s;T
Caire;09xX6KglWk;387fccaf2dafd35a670be10b3d3cbb12
pCaire;09xX6KglWk;T
Strathman;LsB1QoW1Xv;24c646d2d5cabff0aeed58323c5530ad
pStrathman;LsB1QoW1Xv;T
Hisrich;LnXg7Tpkt2;4c4017c2dcf759dfbe301abcfe3bad97
pHisrich;LnXg7Tpkt2;T
Rudloff;H17Dg3ZlNr;30253a0346a9ad9a0a975e992e6b9940
pRudloff;H17Dg3ZlNr;T
Flosi;mkgxascqaF;4322533abec4a9b6152b229c72fd8dde
pFlosi;mkgxascqaF;T
Pfuhl;N8TzYyPyb2;309e029113c462365febf08f9a29c458
pPfuhl;N8TzYyPyb2;T
Ounsy;VpkVCiHNKc;894d0b1e8a6d277815312551e359c74a
pOunsy;VpkVCiHNKc;T
Tillie;wUSTSEbYSX;c90d0d1e3f2ac02f5f9b001b7c2e3fb0
pTillie;wUSTSEbYSX;T
Charita;FflotbU3E8;f0ca64b5f850d841c16a3098e9704e3e
pCharita;FflotbU3E8;T
Hammersley;TPtYJdueje;74f97329d00a0735f937e6de3f15f351
pHammersley;TPtYJdueje;T
Dungan;amnr6q7igf;a68cb4f2fbd51afe01eb95f0896a05e1
pDungan;amnr6q7igf;T
Deliso;nLkLXmUV3O;dba2a4b86b57bec232a69fb2aa9454ab
pDeliso;nLkLXmUV3O;T
Zwolinski;HEoX33CHyA;adfc394ab21d9952308361108cb4278f
pZwolinski;HEoX33CHyA;T
Ordas;SfRvJYLWWE;8327b7ae2bc2e2bd2a82224f8d4788fd
pOrdas;SfRvJYLWWE;T
Bick;MWCtJEnIvW;570cda7d4bc2f11e79918b3c636b947e
pBick;MWCtJEnIvW;T
Kientz;8zUGQAc6XT;5d918ff2b2a68dc9339c4bbc042e6011
pKientz;8zUGQAc6XT;T
Brackney;NBFeSBsWlW;84349dd35839a354be5de1b5af046c58
pBrackney;NBFeSBsWlW;T
Berenice;q5hRIvYTic;5c5fb1849a4344adfc38c09926cb7477
pBerenice;q5hRIvYTic;T
Degarmo;MtnjQdn5V4;95e6f08ac9c404ee4b3dbc4355964a82
pDegarmo;MtnjQdn5V4;T
Weltz;kTaamjZael;6834def41735aa57c33b8a8d64a4bb0c
pWeltz;kTaamjZael;T
Bostock;iYntg98afE;f0a5d2c66a31aba9fc1951b5d4005b57
pBostock;iYntg98afE;T
Oksen;WRHaFFTMkj;c1a5ce521acd7ff8593fc5bb009ab14d
pOksen;WRHaFFTMkj;T
Zavatson;Lm5jgptxDj;65f926f641dc040ce272008b4f56c725
pZavatson;Lm5jgptxDj;T
Hencheck;JmJUAoPfNZ;5b2cb5007bb077c1202516edd415c620
pHencheck;JmJUAoPfNZ;T
Serrao;Q34riixJnn;fa46c196eede4a26109eec205c36a4e6
pSerrao;Q34riixJnn;T
Rabadan;WAK0hkPrQn;442648ef960d6c0dd8f89b63f1d02ba0
pRabadan;WAK0hkPrQn;T
Kate;AYbr6EKHpW;0623d4712652e5572bc459d64f8a4a30
pKate;AYbr6EKHpW;T
Piccinone;qNJGlXtm3S;2e3114c7c12fbee4e0603ba4a8f69c92
pPiccinone;qNJGlXtm3S;T
Trischitta;pLZGUSMKuB;439730b15b26de585c0f025262aec638
pTrischitta;pLZGUSMKuB;T
Onukogu;Cb62NQwT57;41a847c2ee2781033520ea344b4da033
pOnukogu;Cb62NQwT57;T
Jecmenek;BNfoFkIbkp;7dc5f258e25a96f9fb41a831773f2991
pJecmenek;BNfoFkIbkp;T
Harroun;MC2h93NtXp;9048c654dc6e4ecd3ee79de0cf76806b
pHarroun;MC2h93NtXp;T
Morgen;roHQU2LjKu;6b638a55bce3a9ddfda244cfb46d12d5
pMorgen;roHQU2LjKu;T
Demetris;jRH5cEonBk;c49f4c7eaf51869f5969180274116ddd
pDemetris;jRH5cEonBk;T
Turro;QmSHASWtnj;9730cd3dbce586069dbecad9d2f6ef43
pTurro;QmSHASWtnj;T
Mohrlock;ThY5GwZ6MO;a14fdfed5debe9c78516bc2e75ec28ae
pMohrlock;ThY5GwZ6MO;T
Greisser;mt3oHO0jNb;0de0d79be1ae5869426160351dc6715a
pGreisser;mt3oHO0jNb;T
Krassow;kIWStUpkeV;6b0b46213443ecc5e06832a5e7b3f66d
pKrassow;kIWStUpkeV;T
Castellana;xSApDVl36t;715613bdb917badee34776697f9d699a
pCastellana;xSApDVl36t;T
Sayed;XRaI4oMNVB;4dcf9a8120dc1f7a193d188312957c72
pSayed;XRaI4oMNVB;T
Cena;A9d1sDq1ZY;5ffd99e2186b37b8ce45cc4bf60b192e
pCena;A9d1sDq1ZY;T
Plagens;MfA1tFnCBd;ec11262e62033ddf14250b0d7cf8ceaa
pPlagens;MfA1tFnCBd;T
Bodiroga;9BHDFKFuUb;cb18b99d7321707c72a0eef613b9b2b6
pBodiroga;9BHDFKFuUb;T
Chowhan;g5Z5Iy80z4;ebbe1d182bd2e432383330ac12c8cbae
pChowhan;g5Z5Iy80z4;T
Clish;fEyNr3hHaw;72d7756a2dbd759ec0661936ed4e0951
pClish;fEyNr3hHaw;T
Holoway;U40b7dgmk2;a99690b33d314654238e77f8fe11688b
pHoloway;U40b7dgmk2;T
Wyse;fzW1ZZksG0;4a5cc09c69bad17e2708316cb569aed1
pWyse;fzW1ZZksG0;T
Shumsky;3UaTaATSuT;05106e5c8d98c8575b01186d5d1b03bf
pShumsky;3UaTaATSuT;T
Kotzur;QkrDbyzj9m;c7c87b297e0b248444cda01d2febd017
pKotzur;QkrDbyzj9m;T
Pennie;ujDDpqc9ru;2f116798d380ef22d9fbd00b1409dcb6
pPennie;ujDDpqc9ru;T
Sebion;dX6yLucPcL;30c351132bfc56a43102470dc1892230
pSebion;dX6yLucPcL;T
Mcgilberry;7509Of4nsO;5e9e851d82d6e54259380bc04e144c4f
pMcgilberry;7509Of4nsO;T
Purpura;nn6u5FY7yt;34357b153657680eba9fb11197fdc2b5
pPurpura;nn6u5FY7yt;T
Nicolau;NvAbYA1O2i;b97e1970bb90dc906766aafdfea9742d
pNicolau;NvAbYA1O2i;T
Laumeyer;tpjn7UHkuA;2572f85c11d6a063f698e310f70a1ffb
pLaumeyer;tpjn7UHkuA;T
Blair;AzowsBUU1z;a8b68ad20ffbb7215118443ac49e3c21
pBlair;AzowsBUU1z;T
Markos;x7YY9K8n12;01756f897d6e530c9c66b1cef2e97701
pMarkos;x7YY9K8n12;T
Engelking;necbxPYllH;a97b3cc839529b8ee61b3685031eebc4
pEngelking;necbxPYllH;T
Faubus;D5q2mow3tO;cd4bd5a154d2f9caa4d129aeaf849e20
pFaubus;D5q2mow3tO;T
Gobrecht;ko3fQBfNRc;9489aa5f61368375c8d75003c4b32860
pGobrecht;ko3fQBfNRc;T
Lurey;qPrJSS6vQP;6c61812047b142954100676aa1cca4f7
pLurey;qPrJSS6vQP;T
Fannell;oAxFJEZXIx;9e46383122f7d79eb2fc817586d6c4ea
pFannell;oAxFJEZXIx;T
Callaham;3jkUKsSvC1;94afd0f0ecc4cb1e0f6b6f462fd5b4f0
pCallaham;3jkUKsSvC1;T
Hongeva;yC8XiWl1Pf;452a4a9dbd5ab823f1007f29c34a222e
pHongeva;yC8XiWl1Pf;T
Difrancesco;Tk2zgDYtA6;e67a9b37b9fb4f1df01bf3df156af2ab
pDifrancesco;Tk2zgDYtA6;T
Kamealoha;5bWUMNr7UU;cb29fdcea9ee0caa2347d5d7689569d1
pKamealoha;5bWUMNr7UU;T
Muta;fvur4pCCJa;b8b342b528e03f99b832624aca559f30
pMuta;fvur4pCCJa;T
Hallums;qi52ifcPwr;6661e0e852adf6a946c80b6127e83cb7
pHallums;qi52ifcPwr;T
Ditty;masSP1nGLH;6d48f70575e06c35e5f8570061150335
pDitty;masSP1nGLH;T
Oberlander;uY1e2Lo40b;ad9452cb60a6b6eb068b3e1079e4523c
pOberlander;uY1e2Lo40b;T
Mustaro;j0iTQGG2FQ;f974c5929ee544bf9959b41e8b928d36
pMustaro;j0iTQGG2FQ;T
Legault;xzo49NZtqv;8561d9c720dfd9bfe6a03b68ad5eb284
pLegault;xzo49NZtqv;T
Lieu;9YAqKYG7GI;bbf19e3eb6f71db81b35cd84a9bb4ce9
pLieu;9YAqKYG7GI;T
Jeanine;yrs2Tn8R0S;a2ec3609767f141686adedfca742b842
pJeanine;yrs2Tn8R0S;T
Thurstonson;RQhPvVzUq0;15d5e617e5b74135f2f8ed139f2df56b
pThurstonson;RQhPvVzUq0;T
Linhares;SRNpnkj9vQ;2f54a936a77bb8fd023830763fa7906d
pLinhares;SRNpnkj9vQ;T
Warmath;Pc4p72YjFD;17013c97e2c2a9bb169a944f70c16f70
pWarmath;Pc4p72YjFD;T
Frisbey;cstFEnligT;5513262dbae83880d01e5c4f305dd648
pFrisbey;cstFEnligT;T
Signaigo;UIhw03apw9;6789b48bc6fe7ad8cb7600ebe7240399
pSignaigo;UIhw03apw9;T
Jeffie;lbbqWAUcks;88ee6f3bf2f1926b4015e1a271155464
pJeffie;lbbqWAUcks;T
Goodermote;MrZeSY1DWx;a4a3719588727fa9646797fad514e057
pGoodermote;MrZeSY1DWx;T
Kyser;FlF4VltHKl;35259f546c8f758cd1958128360b2eeb
pKyser;FlF4VltHKl;T
Eckerman;pr1QVzCgKq;02009c4dd9fa3bcae8ac03725d629064
pEckerman;pr1QVzCgKq;T
Hitchings;YyAkfPnZIF;6cb9004cb82506d527dcfdb19668c855
pHitchings;YyAkfPnZIF;T
Lipkin;8Lcalxujql;99f372e05b824e88ccdbe9c49810ee75
pLipkin;8Lcalxujql;T
Vandivier;vOtyQ5jwr3;498889d039cdde65e9df45a97760ce7f
pVandivier;vOtyQ5jwr3;T
Rossell;TB9X8xR1xZ;fe7c25e28e26133c6f41af7ad98d2933
pRossell;TB9X8xR1xZ;T
Tucholski;oQ58zvXG6q;f4c51598c0a496730cb875e73a70aa6f
pTucholski;oQ58zvXG6q;T
Korynta;FLhw1zVLvz;dd30489ecf231cffef5ac0a7b20c5386
pKorynta;FLhw1zVLvz;T
Daddea;IZZ1b8zGRh;64d8a2b6b90264666b90a99f4b637799
pDaddea;IZZ1b8zGRh;T
Gollhofer;VGG8BFzaet;7f7b19c2946e999c12603b9e8741866d
pGollhofer;VGG8BFzaet;T
Szwejbka;NXON5lNEsn;e220877eba2218abacfbbeef060474c2
pSzwejbka;NXON5lNEsn;T
Cloman;WKt2YHB702;50be321eb71794dfe88cbd564e973abd
pCloman;WKt2YHB702;T
Preisner;94bvRAirLa;800dc75a4d37119006df4cd87510cfbc
pPreisner;94bvRAirLa;T
Hiedi;MwYWwTZHw1;73cf9f1f8c7c0528f83fd4959ca6a153
pHiedi;MwYWwTZHw1;T
Wicketts;8b9Am60QXz;ba9e749b23880640bcf97152619d0232
pWicketts;8b9Am60QXz;T
Shoun;h03XciIkb5;dd5f3d320ed5ff3f58279685a123d5a1
pShoun;h03XciIkb5;T
Jeck;CO4F13BJQ0;9fe7ea28b79f623379b1b500d9d7ad6b
pJeck;CO4F13BJQ0;T
Brubeck;w9OWpqSYrC;1fe5538de7df3439b5c4d10cee73141e
pBrubeck;w9OWpqSYrC;T
Paolini;GMX5Lt2Wtd;fb1224bed252944d76af22a3eec5cbd4
pPaolini;GMX5Lt2Wtd;T
Bockman;s3S9gGEnsK;74a1cdcabd1a3698120150d4d7cab3c4
pBockman;s3S9gGEnsK;T
Fader;O82pQkkg6H;eb95baa968a544af42203b9e2209aee9
pFader;O82pQkkg6H;T
Obert;aHDVLUXSyk;41da7f1d7e9e49b43e624c708714bd10
pObert;aHDVLUXSyk;T
Wycoff;pDe28UyP9v;e47833b45208d9e76305377e963ba600
pWycoff;pDe28UyP9v;T
Shala;UQIl7seGzI;be1bd9bc83db84e8689a9a2fc0ad5f27
pShala;UQIl7seGzI;T
Touhey;qcmQ2UFPmv;ec7364f305df185162a70a332771ff8f
pTouhey;qcmQ2UFPmv;T
Pecot;DpaGir0FQ4;e80205dd3e0b156e833ef203f5dbf7d5
pPecot;DpaGir0FQ4;T
Stallsmith;g9p4hZCXl4;b003a1a274ecd588221f8f574427e33b
pStallsmith;g9p4hZCXl4;T
Mayeshiba;gUjB0ZmsxB;6ef94e225dfd083b190a348626f5883c
pMayeshiba;gUjB0ZmsxB;T
Flemmon;NqbuHDuKAC;c58758baafb77e53d4ceaa0f981a92d5
pFlemmon;NqbuHDuKAC;T
Mccrory;MoqRWfXTsv;352919be79317b6835ac0d98ea14f2f2
pMccrory;MoqRWfXTsv;T
Plese;Z8s7rXelZp;8a61f4fdd455a801644a9bc7c14e1697
pPlese;Z8s7rXelZp;T
Herrmann;AuQbTt26dQ;386271ada1dbeb90c94096c9b63151ed
pHerrmann;AuQbTt26dQ;T
Devereaux;3dOUVOcQKN;a4841d77da1bb6d4e6c00fead009a700
pDevereaux;3dOUVOcQKN;T
Colindres;aErWj90AUh;b83eecb439b66ac9362034aee2abaea5
pColindres;aErWj90AUh;T
