Jerald;EiEeAJOf5y;771a7befd2210204337303fb5de04a5a
pJerald;EiEeAJOf5y;T
Mccarley;YZWS7KAMBs;be1031931c40ae2aff4bb1da24ce866c
pMccarley;YZWS7KAMBs;T
Bene;sjc7p5Owrz;3c7e1ecedd7f29e0a7ed36446abb6dc5
pBene;sjc7p5Owrz;T
Marines;z7iGwAQaKa;bf23368ba990f62c912895f4c5710cc0
pMarines;z7iGwAQaKa;T
Luria;UTOhMBs9rK;2a08f2f971e7a8fbb0bb05a7d6dedef7
pLuria;UTOhMBs9rK;T
Dittbrenner;abAZ8VNdQG;f230fc824c7fedece3cf3992e58df450
pDittbrenner;abAZ8VNdQG;T
Felli;aNZw2o8QXJ;766c357f3b2d8fc1f4e9a82cb8a8fba2
pFelli;aNZw2o8QXJ;T
Gaetke;YgbLVbM7vs;0008c55ce7557611552bbf942dd6b531
pGaetke;YgbLVbM7vs;T
Stencel;tQC9RE9oOq;44b2bd04f0f7691d1b8f52907710e55d
pStencel;tQC9RE9oOq;T
Nakken;BPZgHXY5te;3009a899a946702b9e8b41bac7b08aba
pNakken;BPZgHXY5te;T
Guareno;yEfLPPWPmU;7e0eca9bc96eeaef32d50340e2b32aad
pGuareno;yEfLPPWPmU;T
Galetta;qiTnoRJFj8;bc7f4ce41ca97fed72d157c7d98a9044
pGaletta;qiTnoRJFj8;T
Salos;wCfKZuaebx;1b2a783f41ce0effeaecc93d99a65fad
pSalos;wCfKZuaebx;T
Chatters;zr9HZ7YVrW;feb4c0adfbcb4a7e1c867b2ab46eb89b
pChatters;zr9HZ7YVrW;T
Senf;iIoDKW6bGp;804bbf03fea70fe073185df027ddc78c
pSenf;iIoDKW6bGp;T
Quatrevingt;aBFUktkoVx;42794ae5e8f02f6c750d87afec43e695
pQuatrevingt;aBFUktkoVx;T
Miu;GE8RX8wFCc;3d47ac8d941d917af9cf0c846e620246
pMiu;GE8RX8wFCc;T
Vanzant;KCDtfaJECq;5b372375d79d9d51e69032c58a311665
pVanzant;KCDtfaJECq;T
Willrett;lZRFhnGum0;d11cbb835b8899839e3bf4af4981937b
pWillrett;lZRFhnGum0;T
Spycher;yQsQ3tPSk6;5ebcedfd31f06b6c3b8a14874cbf9d9f
pSpycher;yQsQ3tPSk6;T
Steady;kGH4FV3NWw;5a94c90cc0fa0e4f8d1f03c71b654a19
pSteady;kGH4FV3NWw;T
Manderscheid;QhXdbpXtyl;cc18d3ce1f0ba99725f89fbbe8ab5b66
pManderscheid;QhXdbpXtyl;T
Sahli;5b6er42Do6;07c25080682108413b50052f048642c6
pSahli;5b6er42Do6;T
Spenard;qtQgngxUgA;afeebf39d316654faff778583d6b1f44
pSpenard;qtQgngxUgA;T
Dickins;l6hEKz1G1Q;5fd25ae9ea1b3f2a90a3ef877a4c6850
pDickins;l6hEKz1G1Q;T
Malahan;T6y4fvXDm9;668f19aa20f9513d0223e73747e3de14
pMalahan;T6y4fvXDm9;T
Kincaide;cmc9KuQkqE;d770402d7b7147e57763273f0ff023ac
pKincaide;cmc9KuQkqE;T
Ludvik;MNkQMfFeTG;b9a2b58ff2ec943027613a9a5ec87379
pLudvik;MNkQMfFeTG;T
Rummel;AkcLpYSHyo;e803a301d95c0f0ee7ae0c1fa012d7dc
pRummel;AkcLpYSHyo;T
Klaphake;FlTyqqkYqp;30dfcea7eb482f9fe2b9b1f33ed766f4
pKlaphake;FlTyqqkYqp;T
Varanda;43V5iTtQBw;fadba9360a8ac4843fbe39b021acf9af
pVaranda;43V5iTtQBw;T
Boltinghouse;BQydIvOPYp;facedd9f44795aa75ab5638e95a2659f
pBoltinghouse;BQydIvOPYp;T
Cotty;4Qn9rNMHtb;b5e4c4e717afe48bc44024f3f883d7c0
pCotty;4Qn9rNMHtb;T
Rockhill;HfdKkuuThY;194cded56a79543cf76c47fcc1216ca8
pRockhill;HfdKkuuThY;T
Demman;tuRtmcAPE0;2c21a6d46a8f853b7c676f35d8d24548
pDemman;tuRtmcAPE0;T
Lufsey;Wc8Fvgc3Sr;df4159b4fa0cde1cf3a79104285171a4
pLufsey;Wc8Fvgc3Sr;T
Combe;CpofykoLSG;abaf2ea1af16526007c9c93e4a3c8a3b
pCombe;CpofykoLSG;T
Kuebler;QpnOL0TLDD;5b8bc81393a0eaf594e5213af1e50760
pKuebler;QpnOL0TLDD;T
Lanni;9r1fdkRaX6;43b5b25906a3358b0d098b29e7328025
pLanni;9r1fdkRaX6;T
Hrbek;9oAtLQkrcO;4bc9118a921e263a6d4d7da9afb0d34d
pHrbek;9oAtLQkrcO;T
Marusak;Pf5vMpYIwa;cbf45a0dedae0e9ea69f38383c11dd86
pMarusak;Pf5vMpYIwa;T
Werning;KuvMuwxCsu;d5f57fb9c8f948ad7ae2c8ab9f49a11a
pWerning;KuvMuwxCsu;T
Maslowsky;fBB5DJjV83;76e6592a0004b6175c0278db193731f8
pMaslowsky;fBB5DJjV83;T
Escobio;sKpqvRLFsl;8d20bb64db995cdc0ff8fc9a8d1f8a6e
pEscobio;sKpqvRLFsl;T
Gammell;4IhmkOAj8y;2e797941878cb993c819b59e7f64ac79
pGammell;4IhmkOAj8y;T
Mehelich;eJcYa6dxLp;c3ca3c6b634090d1f59351e3a5a9d8c2
pMehelich;eJcYa6dxLp;T
Vegh;KQJgfVlghv;7a174d1aeabe1305c8dd296f28e8d228
pVegh;KQJgfVlghv;T
Higgons;4cLr7Keavo;b8e28f1bf2e3408a4ff46b37991138cf
pHiggons;4cLr7Keavo;T
Fishback;n7aBUwekuj;22af5b3fc640bc2fd6962cb9e7e8a0de
pFishback;n7aBUwekuj;T
Vanderstappen;x45179mUeW;7178ec8ece7438cc27a99e7cb625ef0f
pVanderstappen;x45179mUeW;T
Botsford;NuoqLp5P5y;19488fba7c40b7cc829b4ede37c13a05
pBotsford;NuoqLp5P5y;T
Marceau;OeaovQMkak;791c8c5fd6e06e66be0588088f5c9365
pMarceau;OeaovQMkak;T
Devoti;S5Xn1Osq4F;a06f62086bd82678214fc6c1c251506f
pDevoti;S5Xn1Osq4F;T
Breakey;Jj65y8xgxd;127187866d8769f42cb4e5b619368c02
pBreakey;Jj65y8xgxd;T
Masgalas;RtnLwFoyv4;973b0f5bfc3a4f03374174d70df77eb1
pMasgalas;RtnLwFoyv4;T
Propheter;i4yYZ3KKiL;4b342133b7b09652489347088a21fca4
pPropheter;i4yYZ3KKiL;T
Paganini;Y8Y19A88qS;098c7af9127cbc92dce95bed6e53c865
pPaganini;Y8Y19A88qS;T
Joelson;PAxFRECRpJ;23a04f8bbda9f95ce0a1ee34cbbaab36
pJoelson;PAxFRECRpJ;T
Shuttleworth;fxu3idY2mb;199cb9389a0396ac7f4c78e3cd998f95
pShuttleworth;fxu3idY2mb;T
Coriano;4LIMqtcLnS;6888286f58bace482b41acd92cebf3a3
pCoriano;4LIMqtcLnS;T
Veksler;g77iI76MCO;2498f76489cbbd0e66b8796ed40f1758
pVeksler;g77iI76MCO;T
Bingley;FRyCUlr8or;fefd5dfb80083244638482d7076c6a9a
pBingley;FRyCUlr8or;T
Eske;g97OmUGRGv;b5a02bc1abbd87b0163a9346ccea72c5
pEske;g97OmUGRGv;T
Galiano;UWMwNUrh4r;e8856cade609c2b42c904a00b83b64fb
pGaliano;UWMwNUrh4r;T
Polanski;Cqryhi7ezu;728e26bd17d99d1c228e21a6e384808c
pPolanski;Cqryhi7ezu;T
Liddick;7Q536uGVWZ;9305c808f16d8a1a2a0dc2170670a7a5
pLiddick;7Q536uGVWZ;T
Furch;9wWCpowY9j;e92313af7622ea89dbb919127fd640b3
pFurch;9wWCpowY9j;T
Villafana;3UMfPbxrZs;6c19530549f9339f8b150fb6a1313322
pVillafana;3UMfPbxrZs;T
Walston;jGyKhkhi7X;174e447ae78db2b19fa4aa96dd640cbd
pWalston;jGyKhkhi7X;T
Ramero;EPRjrJwS0U;b5764973f35c12385d1df5164a829276
pRamero;EPRjrJwS0U;T
Shella;vp2XsLPwSB;2d5d24cebc58b2d76d1e8d1bae8934fa
pShella;vp2XsLPwSB;T
Berrie;zeXe8R7wfr;33bea7899cb695c8b239f95cfed78e2e
pBerrie;zeXe8R7wfr;T
Nagelschmidt;7lV40Ew2rg;3cfd2b3cf423e067a2fd1a8cd28614d9
pNagelschmidt;7lV40Ew2rg;T
Wojtas;T4lZXHBHWe;da9d439ee12041112f09df25d98649eb
pWojtas;T4lZXHBHWe;T
Katharina;JGnDFZgemR;b7fd1a1f531a82cf5eab9af3ac478aa5
pKatharina;JGnDFZgemR;T
Campagne;eQufitcISl;c164de2c354d285b2d1781ee847d9abd
pCampagne;eQufitcISl;T
Vasques;swxF8UR7UG;2bbce8c8f192721f0bbcb54695a59de2
pVasques;swxF8UR7UG;T
Edler;zuY1HMLq8R;44276ce34cccf7acf84020fed01d1cc4
pEdler;zuY1HMLq8R;T
Debora;52ej3xMzTn;42cfcad2f0dcd82ca8f486968fb4fffe
pDebora;52ej3xMzTn;T
Lenze;jEb9FyqaNI;7cc78d7d9c3585e77206927e72cc5af8
pLenze;jEb9FyqaNI;T
Stvictor;YAnXoAIOeO;0557c9d46e8b7c3a2d44f5f544bb3aad
pStvictor;YAnXoAIOeO;T
Pinick;TdvP4tBRnz;761a1b88985b1854ddee3ca49d403a5a
pPinick;TdvP4tBRnz;T
Schnibbe;QovqDpaSUZ;e043fe799f6fb0c8990f355987b73ce0
pSchnibbe;QovqDpaSUZ;T
Carbaugh;O1txZsBH8T;374757c53915776a77d8d5602105f3d9
pCarbaugh;O1txZsBH8T;T
Kostel;Kc73O6mbBY;56642ce85c59c44d207760fb061c5c0b
pKostel;Kc73O6mbBY;T
Goodlow;hvDHcPBWz9;14bc661fedcd3476f91e717b16623b8a
pGoodlow;hvDHcPBWz9;T
Susong;BnxAjQ8w2b;d8d72912a8f10e7ca365ff987d949c17
pSusong;BnxAjQ8w2b;T
Novitske;w0gjkDtwv6;1722018a2972364c00e0011a26401358
pNovitske;w0gjkDtwv6;T
Holcombe;Nnje24FqNk;58ec21aec557988d4a9b0c40aec76511
pHolcombe;Nnje24FqNk;T
Cronin;ptbGKU37tv;960a7c24f5771df4084aaf41526aed18
pCronin;ptbGKU37tv;T
Ith;zq1PcOqg4P;a145019e335411c7748295253bfcef26
pIth;zq1PcOqg4P;T
Springfield;h6iA3fZHzY;10a790eb9dfc3433f49a570721708fd2
pSpringfield;h6iA3fZHzY;T
Halls;sq91MzVVg4;8406a0699271715c7d0baaedc9005797
pHalls;sq91MzVVg4;T
Favre;62PYWSEH75;bb1010e3c81673997816345e58cf3881
pFavre;62PYWSEH75;T
Manwarren;7GGZTXnOt9;b37b6105ed616412c15e688c3c47c955
pManwarren;7GGZTXnOt9;T
Holzmiller;j0GAVnDS3V;31db92da802ff17d7b2f60aa496e5916
pHolzmiller;j0GAVnDS3V;T
Donahoo;abUUhVB1OD;6ae960adc3198ec3e76e7b25c6007170
pDonahoo;abUUhVB1OD;T
Werderman;0ucT1csV8Q;8504f0f9bc7a5c25772523ed32a7d04d
pWerderman;0ucT1csV8Q;T
Paglione;ULHCWfk4eX;0783ae9b0a0847df3fb90f412a259ced
pPaglione;ULHCWfk4eX;T
Datwyler;ZPyKm2GEp9;46343c7c99ee7b91a0833f2fbf82b0bf
pDatwyler;ZPyKm2GEp9;T
Jezek;WM15Ejb9FF;30fa1c898206d940c923a5390df2b8e3
pJezek;WM15Ejb9FF;T
Stalder;WCJlmwjPQc;89b20712b034b10eff95a0861cdd5b78
pStalder;WCJlmwjPQc;T
Schaper;YIo2DmwZ0N;8f8aee25213e04471017247a6b3c06a1
pSchaper;YIo2DmwZ0N;T
Bledsaw;D8elzxtVt7;596c4518a45f1a1da3f35aaff277cfb0
pBledsaw;D8elzxtVt7;T
Greenberger;VmbgAk43N8;72dd3a43bc62534757c24a9ca3ba37d2
pGreenberger;VmbgAk43N8;T
Lathern;mGh19pTfc1;1a2bafdc8658bc72b1196558f2195a59
pLathern;mGh19pTfc1;T
Kreinhagen;lqQs8LjHjz;68c6dfabbcf9fede0a9e9a32374a51ca
pKreinhagen;lqQs8LjHjz;T
Skibicki;01yimg0z5c;59afaeb25ac3b86aa2e6a46564bc4f3e
pSkibicki;01yimg0z5c;T
Walat;alOHkK57me;61730a78384588629bc20ff78f51382f
pWalat;alOHkK57me;T
Halbritter;RlmZdihfrP;95a84c61e0cf8321b57adc64c67ffce1
pHalbritter;RlmZdihfrP;T
Casino;mrMLkPPyRo;4112c621a7670a842bb8607dcb707a85
pCasino;mrMLkPPyRo;T
Sil;oK6KG6gHGz;ff8db987652940d43283509fa4834d16
pSil;oK6KG6gHGz;T
Mcphetridge;lphIbxBnKh;674cf30f34c40dab670579fcd9f89946
pMcphetridge;lphIbxBnKh;T
Hardgrove;tcX3o0yHjU;29eda6d633a1e9e9fd1329d9dafcd22e
pHardgrove;tcX3o0yHjU;T
Kolodzik;DoO534igkF;dc36fd786be273c0406db4738933d867
pKolodzik;DoO534igkF;T
Whitesides;adRQJbpkpx;bcd8c59177787939c87a16ec3c61dbde
pWhitesides;adRQJbpkpx;T
Gluszek;vVnEgD2kmk;80d0ced250306bdb62efcf97eebdb48e
pGluszek;vVnEgD2kmk;T
Daehler;JG2Ximvf13;6040763ccf9d410507159460f529b29a
pDaehler;JG2Ximvf13;T
Hainley;XrkeiTOrGt;36b7c24ef35801a2b373b8f16448c545
pHainley;XrkeiTOrGt;T
Andrea;c3uR1qrsRg;29f13a777658c322405f8bdd44afc275
pAndrea;c3uR1qrsRg;T
Makey;C3z6PoQDQE;3023a5d964609d65257bded16029f136
pMakey;C3z6PoQDQE;T
Krystina;aGkBJEcx02;332fcabf5bf2967dd0a8cd7bf9cc67c8
pKrystina;aGkBJEcx02;T
Biel;hzI73lL2DO;d930ae198170ce11fcf73c83990980ca
pBiel;hzI73lL2DO;T
Boitel;8tAFV1EeoJ;7a4af2cca5f75c11d66ca8248d1d2654
pBoitel;8tAFV1EeoJ;T
Bonito;zRLvkLrnUh;75774074e92c442d6f1ea721555c271b
pBonito;zRLvkLrnUh;T
Mander;OCQ7iwQFdp;d0d749b5516385509d074728a22eab81
pMander;OCQ7iwQFdp;T
Schefers;cmNfyrU7cv;c3cab0b23ce85dceec9700538ec1b842
pSchefers;cmNfyrU7cv;T
Prochazka;BGWDGO82W5;062c2edca0e7c4afbfea85bbd61c016d
pProchazka;BGWDGO82W5;T
Posas;vfVmHA0pQd;bc4d3f93bd1488e9d68daa7d44f2cdae
pPosas;vfVmHA0pQd;T
Demich;n7BnmM8xKG;b9d7acd72730140c13ba7f243f5cbddb
pDemich;n7BnmM8xKG;T
Claes;7RvzVGtaLH;9875b68a8f4bb3ca019a6c79bd25663d
pClaes;7RvzVGtaLH;T
Hodge;hKFCfMeTi4;4df8dcd167238c7b1c8dba638313d16b
pHodge;hKFCfMeTi4;T
Fallie;4RrY52usNC;494a2b056e114dbaa8b4d51ce533f8ef
pFallie;4RrY52usNC;T
Desiga;sYr19TdwPN;4c56d7e8897465ed2e0cb65e858c5843
pDesiga;sYr19TdwPN;T
Farlin;dvbcZGukQC;1286576896711a9952f5856185fdd110
pFarlin;dvbcZGukQC;T
Mciltrot;yiSZFQcq1x;9d22b3c522f9edbeece048a8622a26ba
pMciltrot;yiSZFQcq1x;T
Schuber;c5NMV4f3qc;3be5a0c51db5530def71aa640da01600
pSchuber;c5NMV4f3qc;T
Faraldo;FafwXTYf8V;2056bdd105105efacc9b1db06ca75a0f
pFaraldo;FafwXTYf8V;T
Feuerstein;hEwgCyDPg2;dfef7e81bf54e2252172989c8d27ebee
pFeuerstein;hEwgCyDPg2;T
Lagatta;n2j3VMHAZz;f9511b2a3ef336abf310387e82ee3889
pLagatta;n2j3VMHAZz;T
Norby;QUqRIrGXUV;9d3ec6fbc53e3c574edea14059fbfc2e
pNorby;QUqRIrGXUV;T
Lips;c1EE4Kn59W;30226876ca7c7bdaba6308521a6af820
pLips;c1EE4Kn59W;T
Brieno;W0SvcyuZpO;046cec00bb504382a43ff6f572b11858
pBrieno;W0SvcyuZpO;T
Krylo;wzZmMMLoLn;59c4fb27e2804977f410f9d46046a8f3
pKrylo;wzZmMMLoLn;T
Hagen;urqp33ro1k;e42232eea4fd9facd347f4fdff82fa9b
pHagen;urqp33ro1k;T
Graef;ThyzvAmyWr;8229ad332e446aa92956aab7d241430b
pGraef;ThyzvAmyWr;T
Bradd;U8SFAYCwi3;d47e61d6575b2a51fdeda8b7e2d61c40
pBradd;U8SFAYCwi3;T
Sivers;gMDn6kQIuW;d69965b31c3dd466485072159c3c1831
pSivers;gMDn6kQIuW;T
Kolias;B0Z5X2ysKG;abcf9531d64e6f73035d97f489ad4adb
pKolias;B0Z5X2ysKG;T
Harnist;YWrFX7uCqa;495bcf68e108acb60edac46747c45ca7
pHarnist;YWrFX7uCqa;T
Rowett;RcZ6OXEtwi;5935e654d7a4bb78dc380890c41f7c30
pRowett;RcZ6OXEtwi;T
Caggiano;kNjjG4DtS8;d551e67d656c6ecf3d6c1d1dab8c7859
pCaggiano;kNjjG4DtS8;T
Pennebaker;tzhuS1ik4L;bd786c8ea645bdb8ad13a865c5b267e7
pPennebaker;tzhuS1ik4L;T
Houtchens;WqNZ2nVRsD;51c41074673987c25538b725192021e8
pHoutchens;WqNZ2nVRsD;T
Nagindas;ZD2HCNAQhB;8f65ebf04bd43a6c9a664f686744c427
pNagindas;ZD2HCNAQhB;T
Discipio;UvPVsvqfdC;b39306105f2191c590bdc96718e77059
pDiscipio;UvPVsvqfdC;T
Tammara;mmBI2aNvES;a0eba0b22d68f39a876e8aa624800c6d
pTammara;mmBI2aNvES;T
Brent;arJ0ZwKAh7;af678c0ca2913bd55732a9025e37c792
pBrent;arJ0ZwKAh7;T
Haward;3vnb0k1O5U;a78be3faf67be0bc64d3d90a106a8392
pHaward;3vnb0k1O5U;T
Bongo;6tqIaC2zt2;d9f386f7d9fdda5ad7743081cf56cb8e
pBongo;6tqIaC2zt2;T
Gourdine;1H44jMWZ56;b286e373ba1add8bb5910adcb995d2b1
pGourdine;1H44jMWZ56;T
Service;aL6ubE3sHr;eb5c8d08ab709396fa142e3b5be143e9
pService;aL6ubE3sHr;T
Theola;V0YxLng8gA;b7703baf4318e03091e3a7c3cd3bd280
pTheola;V0YxLng8gA;T
Harton;t6YZIVThrs;1ada7702b38012419b09adceba98019b
pHarton;t6YZIVThrs;T
Grix;UwAuTo1bK6;74962bcc90d69d562757f64234fdbe8d
pGrix;UwAuTo1bK6;T
Lonnie;k7L0LNbpaQ;7de0b45b5763787c5c82b68d4e7bc1a1
pLonnie;k7L0LNbpaQ;T
Browne;QD0VZqgm1d;40e8cd8fe5a030a28e5ea65c9943cb7d
pBrowne;QD0VZqgm1d;T
Herting;GKb26wENUN;6fe8ae5c078ef38c8a3a67333b5a74d6
pHerting;GKb26wENUN;T
Clewell;EzqsLsNJ1i;b3f4521ad5d975b60a2a659211034248
pClewell;EzqsLsNJ1i;T
Ritch;P8cUo2m1lY;0046415a319765acb2f0c4d6c1bf9e6b
pRitch;P8cUo2m1lY;T
Mccracker;EM2rbPr1hX;62c2580f7b4ab6c54d9b8452ceca9f8e
pMccracker;EM2rbPr1hX;T
Papasergi;2FLzw1ItCN;a8431572c3ec11e87f48e8afa866d20d
pPapasergi;2FLzw1ItCN;T
Althea;rbLQD80WAH;efb186f45e37775a3ac8402cc98f6cda
pAlthea;rbLQD80WAH;T
Wooward;issRH0D2yj;835bf805680ee3f5afedfafd212a9fd3
pWooward;issRH0D2yj;T
Lagunas;1XiqUhKOcC;5344a65277cfa29039a0edb00113c1ac
pLagunas;1XiqUhKOcC;T
Birdsong;4a5ISxyJx5;2ff4c1b3f21aa0706cdc856032b8c35c
pBirdsong;4a5ISxyJx5;T
Bettinson;352EPkScx8;0125184c8022bcee71a39fa97d960746
pBettinson;352EPkScx8;T
Burgner;ToTJd06OmD;da1ecf6c25b0ae7db7cdc4180049ba59
pBurgner;ToTJd06OmD;T
Guandique;5eoS5AVe91;44f000d4b6ff8b22e609dd796b76518f
pGuandique;5eoS5AVe91;T
Mortier;AdCFnUmtEu;19bbfaf3038c71c37ea1fa69012d72a7
pMortier;AdCFnUmtEu;T
Myesha;u05CooEcyy;ac0af36087feb2694036ffd9746b2ef3
pMyesha;u05CooEcyy;T
Petrone;D73S95YxiX;7623de5297b2a468087572d4bae564c2
pPetrone;D73S95YxiX;T
Lynge;07r1SS3hCz;42ac73992c029f075874c47202d83f47
pLynge;07r1SS3hCz;T
Champa;oDYt1jiJeL;c1f1369f9e019249317ab9f45115fdb3
pChampa;oDYt1jiJeL;T
Larousse;lMIUQ6uJoG;2a9ff736418dca59cc9866511b41986b
pLarousse;lMIUQ6uJoG;T
Grassano;drOCHyTUoI;d9c5b0da5785123723e05846f54abaf1
pGrassano;drOCHyTUoI;T
Sode;hPFogj3Osw;9cd638df0e71ebd882e7064b39dacfb4
pSode;hPFogj3Osw;T
Jagher;Q6CehHZTky;86a6c3c0b0ff23b33c4db257478ce1d8
pJagher;Q6CehHZTky;T
Martillo;oVvnkOxLv6;94b8f76d8e0ce23066dcb9ce8146063a
pMartillo;oVvnkOxLv6;T
Besch;8R6PDghBZB;c66dd5e88416b44e2f444891094d7ea9
pBesch;8R6PDghBZB;T
Mcglocklin;k48FCSJw8I;2b8152c11faaff54dca45d4321850d40
pMcglocklin;k48FCSJw8I;T
Reinschmidt;gDQcsMJRsr;93718588be765c799c42f42d6fb95cf3
pReinschmidt;gDQcsMJRsr;T
Rinard;H2Ro44yYRu;998a7c31a81c73083ca47b8ef9828025
pRinard;H2Ro44yYRu;T
Eady;eEoNa9h5dY;02db66da9520d29999ba7d4e52894137
pEady;eEoNa9h5dY;T
Marandola;cHLWPGdj7o;cdefa827fa305968e8c37c83fb538db2
pMarandola;cHLWPGdj7o;T
Bruchey;f9LvYBdniA;87efc107cddc27d378591644381fe36f
pBruchey;f9LvYBdniA;T
Remona;XWvzBL4cIg;0b9c208e01f2f7f8213eaa0b7aef194f
pRemona;XWvzBL4cIg;T
Tullock;o0TD0KtXgN;2ec9c35ff9809671189536997916bee4
pTullock;o0TD0KtXgN;T
Fanatia;sWrErMHh7U;430d1ce0a363e8ad359d29dabd279efc
pFanatia;sWrErMHh7U;T
Gutta;LWSffybWkf;73c9cd392a7d88a7b26df695adcf8af9
pGutta;LWSffybWkf;T
Denafo;5xZoFrEdHH;53c9e6a208c1e59db433895bf8cbd88a
pDenafo;5xZoFrEdHH;T
Shellman;8oGnRY9vbe;27adfa80a88d90922e2cee3273e503da
pShellman;8oGnRY9vbe;T
Renaldo;A52fW7kaWC;7875a03f084e7a7507d7cf0724381038
pRenaldo;A52fW7kaWC;T
Fontanez;ZHXusvMBe2;754d60905f772b2bafc8a18479078619
pFontanez;ZHXusvMBe2;T
Derizzio;KBcR1298k9;9a5edcf6ff4668ed4e0092ed7684997d
pDerizzio;KBcR1298k9;T
Koening;1xiEwkbO4y;66f7099659beba599d95c6ba8fa90847
pKoening;1xiEwkbO4y;T
Gillenwaters;iVUXQvm0BL;ca33ae37351f79168aae0383243969b2
pGillenwaters;iVUXQvm0BL;T
Weinzinger;WgvwDE54zO;88e4272862c1fa7a548fc8338e0f2530
pWeinzinger;WgvwDE54zO;T
Biddulph;o7a9VC4lJR;68bdcc0855f59a1ce0dc4e83587dcb72
pBiddulph;o7a9VC4lJR;T
Vanlinden;vJ0f6ffYT3;f85076b1550c1b4a4d9d6cb00ea7a664
pVanlinden;vJ0f6ffYT3;T
Gajica;AVGIwvDcGz;fcd1985bbdeb96073c3d8dac8488c7d4
pGajica;AVGIwvDcGz;T
Hurwitz;qqTst2rOZz;c1e3dd8be5aaaa0e541f5540f93b5403
pHurwitz;qqTst2rOZz;T
Morena;vIv45dNPj9;a80779a3970b3d23f61c440e207306d9
pMorena;vIv45dNPj9;T
Cajucom;aPVcfgWD6j;399eece37c30698af17e63cebc240bf5
pCajucom;aPVcfgWD6j;T
Bielby;yBcWsGpg3h;ee3e2255659b51d612753376122129cb
pBielby;yBcWsGpg3h;T
Kassin;dJGBuvwDKL;fee35f7e6d9700741cfd429ac4b4806a
pKassin;dJGBuvwDKL;T
Cefalu;mAZDtLcUaS;8ef7c04dc97eda80bdfd354f2292d5a7
pCefalu;mAZDtLcUaS;T
Monat;1JhwYGdGlM;aa9724d6f92954d608b6f6bf7d933155
pMonat;1JhwYGdGlM;T
Idler;K08BzVK3gN;ebb1048372beb761f2dd88c44ade5af2
pIdler;K08BzVK3gN;T
Bleattler;1LyqsY5j2R;76aa81922430eed2535e739220a6cb53
pBleattler;1LyqsY5j2R;T
Rohla;XBDXTdao9T;1288e5e8113efc443026ee9d256f657c
pRohla;XBDXTdao9T;T
Suggs;qvAYbDaKlj;64bdb2c76131f0c5f021c7c3b812e138
pSuggs;qvAYbDaKlj;T
Houser;uSL0OX5U9E;7ab6f72b0941ff52649b711ab476a78d
pHouser;uSL0OX5U9E;T
Ditch;xnwwXWjnxM;250a297fcda5e3d85b394df62781507d
pDitch;xnwwXWjnxM;T
Delude;ZIAfcZv1jT;3cff2834a3414714c462b57b9c11b573
pDelude;ZIAfcZv1jT;T
Hritz;rK6ynWCkaI;4f188f9dddb6fa4b484fbb40359b3e2c
pHritz;rK6ynWCkaI;T
Garren;M1zH3pwcSd;66be5697f7143a5585aa9ae3a80c2bcf
pGarren;M1zH3pwcSd;T
Naifeh;wNe6O7Oa8W;3a24419eda6c320dd26c032d7e6e959c
pNaifeh;wNe6O7Oa8W;T
Dopico;CpHImO8OeN;7f49e19727692c638f890dfb6283249f
pDopico;CpHImO8OeN;T
Edholm;F7xi4eZFvh;037bbfc2617ce5cc1f3756804e05acff
pEdholm;F7xi4eZFvh;T
Repetowski;78xyiPjnhe;a7e14b0c2ff173fab13bbbfc44fd0ee2
pRepetowski;78xyiPjnhe;T
Broten;Vtt8Ox2zKT;51b0e98db1d87d63bfd7377b528cb857
pBroten;Vtt8Ox2zKT;T
Tennyson;P8a3bKeAu5;d117e686c053c54e93a00339418262b7
pTennyson;P8a3bKeAu5;T
Ichinose;xpP8uFHvMF;b9d8ddea746001ef7bb0b1493f630bd5
pIchinose;xpP8uFHvMF;T
Brandewie;k6At0KQiW8;484886e54d6d6883e472fe811c5e4488
pBrandewie;k6At0KQiW8;T
Vanwye;4u8XwGGsp3;783ba374d9946a0eb15394bf98345ad4
pVanwye;4u8XwGGsp3;T
Hore;BbspA202gN;110f05246cd45615a28dab8782816df4
pHore;BbspA202gN;T
Butanda;BRE4whZjfH;a275fe120b15a0f842c67a9b8fc5c56a
pButanda;BRE4whZjfH;T
Krutsch;rPpgNl2aFE;eb507e21b44dc3f222a93252528311df
pKrutsch;rPpgNl2aFE;T
Rail;7lMet8Nq7a;af47ccfd304d9746f457459fc3542252
pRail;7lMet8Nq7a;T
Flenard;tYyKfekxYu;c5bc9205af2280b95f2026a3c6c0c5bf
pFlenard;tYyKfekxYu;T
Tawanna;zhSVla1C2U;aca7412d8de70b8d925729d3be897b9e
pTawanna;zhSVla1C2U;T
Itri;YxmkxVvl6m;9346a1521d7c3cb4a76add57b782e16b
pItri;YxmkxVvl6m;T
Hepa;UgjAVdWNRe;840ffc37bdb3dafa019eed419cfe5ab3
pHepa;UgjAVdWNRe;T
Rowlee;aHThw2oovI;c52ec97d5b82f89ff377dc8372cb40f9
pRowlee;aHThw2oovI;T
Farlee;NVRsqW940f;31c671d82112dd08770577086343648e
pFarlee;NVRsqW940f;T
Laufer;zLPsquGyBO;d05cf4eebb57be9f2664954b14308f82
pLaufer;zLPsquGyBO;T
Mcghinnis;QYltYponGo;f7161fb067f204dfc7a41739f3a0dcde
pMcghinnis;QYltYponGo;T
Luckie;1SejkUSz2a;6e6fc6ac8de699d19ba12fef6221d09c
pLuckie;1SejkUSz2a;T
Woolhouse;wNJg1c7MVN;c61f2c82424537ba5d2b3eff548cb6f2
pWoolhouse;wNJg1c7MVN;T
Luciano;Jfw3QV35bU;66f5404ba582afe873085516e1f2f155
pLuciano;Jfw3QV35bU;T
Garno;iDnBLbWRs1;c2a016e9c91af6952da74c7b02e1d024
pGarno;iDnBLbWRs1;T
Camcam;nVRy4MZEUt;10621765109f6792cc97d96309dd6c10
pCamcam;nVRy4MZEUt;T
Ruple;4kyrYjNUYc;afbaa00a04c158d8f7a4ad7cef541e30
pRuple;4kyrYjNUYc;T
Rummans;YgCRQbiXyR;35451a4cdd8194846e4650ed03d8f313
pRummans;YgCRQbiXyR;T
Koble;HFDE1REqj3;98aa998edd24d0699cc373605f6052bd
pKoble;HFDE1REqj3;T
Lachley;eyEqa1nsyY;9669c1871c0c1740bc90375864c81e0e
pLachley;eyEqa1nsyY;T
Kuper;sjYjSMeexN;50401b822b2f5a3438b98b841659c51d
pKuper;sjYjSMeexN;T
Faas;5fmz3scptE;966c5e594d5913cef4f039af41998e11
pFaas;5fmz3scptE;T
Staubs;fB4NpbLPFU;89a1486234a9801c2c2d257d995418f2
pStaubs;fB4NpbLPFU;T
Rippe;lmhhtLtpWZ;5f3777ba3ee930735768ccc48cdcb1ed
pRippe;lmhhtLtpWZ;T
Paugh;KJc914Jx3L;ccd4df28e89856bb51a5aa664c45c07a
pPaugh;KJc914Jx3L;T
Henne;Uho2UZOAka;81239fab7417c7d2d61c1b701cfe3248
pHenne;Uho2UZOAka;T
Tester;OLHnk3jOJ8;c03af57b6e0a57a945eff19602793b05
pTester;OLHnk3jOJ8;T
Bertel;b6gmRz3Ix8;665226689f001684126ce9a6ecb88c22
pBertel;b6gmRz3Ix8;T
Popek;VKYPVUjTIh;bfb2d8040a20ca837153585ac1fcdc50
pPopek;VKYPVUjTIh;T
Kochis;UpBtle4ld4;5bbefaa24c21072bf34ff6f173f94229
pKochis;UpBtle4ld4;T
Rosiak;oFOJFAN1JU;fab316e48a2b33e8c0fb75bdf8d48de6
pRosiak;oFOJFAN1JU;T
Klice;WMDM7JwXvT;adbfce0c227a07001745408f9b8d3746
pKlice;WMDM7JwXvT;T
Hermanns;plAFdU8LXN;7c3db3f7d9f82ba3d14ac9c46bb3ee69
pHermanns;plAFdU8LXN;T
Pisani;PWl5uJj0XE;aaa6e3a4ca0724b9392319411db3d975
pPisani;PWl5uJj0XE;T
Holmgren;cRiQuRvXX3;99405e2991e0cdeecb5b4ed656b2ff19
pHolmgren;cRiQuRvXX3;T
Knellinger;1rGHSvP2O8;34edd17d0f75927fa4b8a55fbfbb3d93
pKnellinger;1rGHSvP2O8;T
Lyall;VakblI8lae;4efebf9b3fd99c833013b55419755755
pLyall;VakblI8lae;T
Sisk;GJmTtpT2w6;44205fdaa35aa1b9992fb632ad638ef0
pSisk;GJmTtpT2w6;T
Mcpheeters;T6WcrBvTBt;d9f2e16804d33cfb7654c29425e5d167
pMcpheeters;T6WcrBvTBt;T
Wegman;BRe2Gv9DiK;67f7eb6f2a33cf52157647bb910c73cb
pWegman;BRe2Gv9DiK;T
Northcott;x5D863HoOt;e8cbe52db7601a3433cf41c54f2740aa
pNorthcott;x5D863HoOt;T
Ferrusi;LqX5kVlND4;933002968ceabf34fb077f254ca7787b
pFerrusi;LqX5kVlND4;T
Ranos;I5baF21vgV;e8bd9a972e70e293b6ed783b667cd136
pRanos;I5baF21vgV;T
Russell;5YKxhST9fy;5c620309c514cf3a5a5ee83b521f8d4b
pRussell;5YKxhST9fy;T
Sylney;twA1WJoDm5;9761bd902e2b624c5a21f116fb69d46f
pSylney;twA1WJoDm5;T
Clarks;J4copQrsXe;97bb7fc1779059e71090e8e298c7fe15
pClarks;J4copQrsXe;T
Garry;ko6CHos3hn;6b89cb639a854caff1d06403d8b8fce9
pGarry;ko6CHos3hn;T
Sebranek;RVVk9YN9Xx;e69d2267d034102be2446934badada27
pSebranek;RVVk9YN9Xx;T
Register;YtXdgm8jtk;0b7b3245b5f4cd2c5f360ba485c7d986
pRegister;YtXdgm8jtk;T
Moncivais;OXjxWuHe3g;7dc719fd1a9a53a62009fd5720ef2fb5
pMoncivais;OXjxWuHe3g;T
Bores;0GX8ZrcFMR;614b0e8601b07c331a27931067b7a6c7
pBores;0GX8ZrcFMR;T
Gadue;rieEo7znHU;741fbb5381b755ec5db121b759249ff5
pGadue;rieEo7znHU;T
Decaen;U5cFLspeu8;abc3a0b50882a594af56aa27fd734835
pDecaen;U5cFLspeu8;T
Khatib;rJjnlzAkvT;f43500936bbcd63713918bcca0769eda
pKhatib;rJjnlzAkvT;T
Lantagne;Qh4srPeGCL;cf71f54db6a36251de2710a15c267f13
pLantagne;Qh4srPeGCL;T
Damme;Rmo73VkcRz;a721a0f170191a71a3957e20340f436f
pDamme;Rmo73VkcRz;T
Reagle;BPPqz2sTrI;05aeb6709674b6249f40d65903285053
pReagle;BPPqz2sTrI;T
Wandless;KTNqwjvlBk;70de938813d1ecb6f2fcadc0b5bcfa10
pWandless;KTNqwjvlBk;T
Sorells;PgIZEcBUZE;dd39b368b0ad19dbd45b640fce72579b
pSorells;PgIZEcBUZE;T
Juliette;we8nKq5zye;a8394f4c34697ca67fd61b40eed62e49
pJuliette;we8nKq5zye;T
Leong;umY1xdLxCa;009421fa4a41f82304a490ba940a3595
pLeong;umY1xdLxCa;T
Talone;eTH8aDZVP6;f54e4d3d60d64e3dbf3e5470bb7ab5a9
pTalone;eTH8aDZVP6;T
Biscocho;BIplaCngNP;80e324dcf692da845c4e453b6467e47f
pBiscocho;BIplaCngNP;T
Hryniewich;marVYNG3Kz;882a66b46b6c961aff73ddcc1732d4c9
pHryniewich;marVYNG3Kz;T
Yuonne;FLY2Cs7xwK;84aacce06fac1dcfe0dbf1748a445d5c
pYuonne;FLY2Cs7xwK;T
Sages;8hCgMevb80;9335164a974af86cbac83145850fd4c2
pSages;8hCgMevb80;T
Hyberger;3bLuHjwP3I;a924b803ade926f20302827397a15f50
pHyberger;3bLuHjwP3I;T
Segoviano;YsozpuZwzn;190ea83254c7c58f6ed1f98a0a3d2c98
pSegoviano;YsozpuZwzn;T
Sue;C4rTtfubbm;bd5c30f3d88031eacd897f32a67e3971
pSue;C4rTtfubbm;T
Waiss;tk1OI6rZ8S;60a45e320e22c8514c68b100ab109874
pWaiss;tk1OI6rZ8S;T
Brando;T9KThqGEYn;7fae287ee07bc4c73a66df2a0f8cd9f7
pBrando;T9KThqGEYn;T
Vitro;rp91bWwbrS;efc068b55031b3b36cfb55a132adf21b
pVitro;rp91bWwbrS;T
Nicome;5NCgj7VGxh;2725538db7b930e79e8f587ac6f8deca
pNicome;5NCgj7VGxh;T
Wayson;gv9rzV8m4d;e4e649f1df22e0e4a1464f8076b83e8a
pWayson;gv9rzV8m4d;T
Leymeister;1O6o1oYfmW;36908e355e1aba1e73923efaa1b4b941
pLeymeister;1O6o1oYfmW;T
Goodgion;3IxaROoOWM;10069c5287cb7c7a0a5f2cca4fbfe172
pGoodgion;3IxaROoOWM;T
Kunich;nw12GK62FB;9226f8aeb7b93393e68e53d60404cc35
pKunich;nw12GK62FB;T
Ruvalcaba;yv0nyXhIcT;6158cd548ab6e12561e6e992d1bdb2d3
pRuvalcaba;yv0nyXhIcT;T
Casivant;kUVgLWGfgs;f8e27e4c63cfffaef000fd52c87e6d24
pCasivant;kUVgLWGfgs;T
Maxberry;219xDjap2Q;4a461c00480be426ba5e9eed0c1e74c7
pMaxberry;219xDjap2Q;T
Proffit;G0Oisn9TPt;951b9b4720403f6c28eab800a6fc3b68
pProffit;G0Oisn9TPt;T
Nop;KrcQADwujo;fad99e6e35145cd74473fcbce6718960
pNop;KrcQADwujo;T
Rockelman;MI8RjwRqbM;1d9bcb257148bff55c8f048b050a3eb6
pRockelman;MI8RjwRqbM;T
Goodsite;x2v8LXc1oE;4d41e36f723abe1164dbe4eb04db9a16
pGoodsite;x2v8LXc1oE;T
Jahn;BistgNoXEO;fb847ae8f46b014339833d1d42dfb695
pJahn;BistgNoXEO;T
Laos;GeKcrl5Fs9;51d6d1906cc14d76579eaf1ce0cfdcbf
pLaos;GeKcrl5Fs9;T
Filippone;I6hKJQJlKa;d830d534f91ae32c2a819056a93bca46
pFilippone;I6hKJQJlKa;T
Margurite;ZXu1szP9Ne;2458dc3adcdc529eee5019864019433c
pMargurite;ZXu1szP9Ne;T
Kooistra;HupcwHC74e;d52fbda7156dd1d4822a36bb3874d231
pKooistra;HupcwHC74e;T
Tonsil;zIxEMsukVQ;41d3fa88c20f46ca284b6fa616250437
pTonsil;zIxEMsukVQ;T
Deana;j58wZjsqnd;7e0c4c7fc881b6ac5d4de1c20d00c3dd
pDeana;j58wZjsqnd;T
Steinback;oGaIM4Ibo5;f0b820c62b191212a02d2c5df3e9aa0c
pSteinback;oGaIM4Ibo5;T
Vanpoucke;NQg7AEpjH4;5355561698647a62aa572cc4956f1a56
pVanpoucke;NQg7AEpjH4;T
Cutler;QTOvwNHHUg;a4a93326331edda857a6f1fce888e93e
pCutler;QTOvwNHHUg;T
Irizzary;1HZezKeM3L;9219fbaaae970dd0a7235cb50d62ed30
pIrizzary;1HZezKeM3L;T
Warn;yNXkOA0f3X;3801005327146d77871b79d599093f8f
pWarn;yNXkOA0f3X;T
Gonzelas;rEOozTOh3S;3016770b623de29f4d0e68d156fd0e17
pGonzelas;rEOozTOh3S;T
Tangari;C73v6cWP6F;bbdff65fe427fea420308c3afba474f7
pTangari;C73v6cWP6F;T
Kur;kKhLHhxttp;711ff5b4b29c268e736e3335ba698237
pKur;kKhLHhxttp;T
Traylor;xZd661i7NS;79bf9e57fd563e3a62bb290f2510d09a
pTraylor;xZd661i7NS;T
Korczynski;fG9apCHBFb;286c0a25b8422b4800cd910cfdccf230
pKorczynski;fG9apCHBFb;T
Rondell;qfs2jrJD99;75109ce8d2559de7b563ec743ababebd
pRondell;qfs2jrJD99;T
Desantiago;tH70MHWE2w;8d380ce62972341e51d6e5e30bf77f1b
pDesantiago;tH70MHWE2w;T
Sticht;SR60tnEVTM;785372cc1c3e6df088642ac1161d01ca
pSticht;SR60tnEVTM;T
Bickham;hRYJY93dAq;55bdb2f23d11979be00d7c024b38f24b
pBickham;hRYJY93dAq;T
Camilleri;Nd484B7oot;9fe2222077c5b89444b53d37a8dfcec8
pCamilleri;Nd484B7oot;T
Edelstein;iIdfbpLxbm;6ad131615cc74830231154e12b5f5894
pEdelstein;iIdfbpLxbm;T
Loeb;qZQOxeOamw;0698932ea8819570ea47389354102dad
pLoeb;qZQOxeOamw;T
Helble;gNwmw80Dfz;b07ed0d3535a89121773505236f051a0
pHelble;gNwmw80Dfz;T
Plush;yJSA4jjYAz;4d7b32a719f02f48501c35334063808c
pPlush;yJSA4jjYAz;T
Wilmes;Mi3IUqRbDV;70c2ca1029adcf74cad27f83256fd23e
pWilmes;Mi3IUqRbDV;T
Braatz;AQWNc9HmE7;0ea3d9eca15bc99c32894bcae8616ce3
pBraatz;AQWNc9HmE7;T
Mestrovich;srDqwJyPP2;56ac20d70abb1f4e8ad3ddd88bf04645
pMestrovich;srDqwJyPP2;T
Winning;jPCYnPYp7c;999e79c5e4d1fd8758f786ed38a3e86c
pWinning;jPCYnPYp7c;T
Jordan;LqAPgOPx4j;ed141c1da85ce8eca84b1ea97f33d592
pJordan;LqAPgOPx4j;T
Sinnett;6hp3gK8LHT;cfd8b7c6ededf0cd918e3943ef60c3f9
pSinnett;6hp3gK8LHT;T
Zincke;ODrQlugAEu;4df5949e17660d95ff33af71ce9575db
pZincke;ODrQlugAEu;T
Showen;Npl7OP1NO7;15a48380632b0b9f89260ed509cf4068
pShowen;Npl7OP1NO7;T
Gidden;sSzEt02feK;9e6dc6da34b17435c1dd30ee5691052e
pGidden;sSzEt02feK;T
Macaraeg;qeHgPtzp44;3053f4b2e51260a4e47838037cc00f88
pMacaraeg;qeHgPtzp44;T
Walin;I68mujNhxF;8976eb2ba487e1522bae1619ef4a9190
pWalin;I68mujNhxF;T
Raimondi;5rVHQvg5VH;eeb84ea25890f2c3dc43ef68aab0cd7b
pRaimondi;5rVHQvg5VH;T
Meagan;Grxp5yCMBy;bd89f436fbb3935287c20d028f08966b
pMeagan;Grxp5yCMBy;T
Tubertini;gn1KCjvwGT;8f81dba7cbbe229bb75e891324a6bc85
pTubertini;gn1KCjvwGT;T
Platt;jX9TVDIItP;5c84cc1336a3d8d9cf572897d7ca7fb5
pPlatt;jX9TVDIItP;T
Kanzenbach;1ubjHaAh58;2f72e4f5b5a439c9448f64f4161af7e4
pKanzenbach;1ubjHaAh58;T
Lek;7NPR7wyu2D;51fdf74411096d434e26afe219e62f6f
pLek;7NPR7wyu2D;T
Terzo;VL0E75QM1D;57a8e12f08cdae0847db99d65a68f7d8
pTerzo;VL0E75QM1D;T
Zaidel;EyUmEmuoCe;b7329eb302053b5b6fa4127413426135
pZaidel;EyUmEmuoCe;T
Sempek;kVNK6HREMk;b4fa2a45b928ca0ff74ecec6fa811c3d
pSempek;kVNK6HREMk;T
Eyster;7WhbxNuSeg;70ff67ff0da638b6bc623c4bbb08fd55
pEyster;7WhbxNuSeg;T
Kremer;wqvum2gaZR;62d8ec0fa7b31cda29e580ebf775df7d
pKremer;wqvum2gaZR;T
Holli;4s5p6xM9wh;f919a64acfc7169ae7926a77159858b8
pHolli;4s5p6xM9wh;T
Lockey;AJ7pWZe7CB;42211a2841433f6ac383ac9590002dbd
pLockey;AJ7pWZe7CB;T
Montbriand;4MOscxfNOM;2d0b3b56cbc55324876ae5ff6b0e2806
pMontbriand;4MOscxfNOM;T
Stumpe;l29vub4jJc;7a2021f8ca82c2de5eb67b9a4449e30d
pStumpe;l29vub4jJc;T
Norat;LoOPn0g7Yc;2a35f6cc4368d19b73b15ad40a9cb3fb
pNorat;LoOPn0g7Yc;T
Mondloch;753iiIjV2h;57ece0c341b8291d731334db024d44ad
pMondloch;753iiIjV2h;T
Stepleton;cYp4diqMeT;dfc1e03e05739d914174dc02aef0b4af
pStepleton;cYp4diqMeT;T
Vyas;rLmcC6bLBw;edc163674e94c7efd486bbf113449645
pVyas;rLmcC6bLBw;T
Smutzler;Ny9NUg0lB0;d38d9b612612bffe41975186c81337ef
pSmutzler;Ny9NUg0lB0;T
Westermeier;R77fYpnm8p;34482108549a4d441997502e22d821fa
pWestermeier;R77fYpnm8p;T
Halseth;IYkdNQrPVB;3dfd3a5d779e3f74728c0dcfdb21e98b
pHalseth;IYkdNQrPVB;T
Henandez;VzGmFTTdfJ;db19fb6a0f9b8c4c5b49b457c1d442e2
pHenandez;VzGmFTTdfJ;T
Pennywell;qA5Y95HxMj;1cd482335531c4243e1d28b89c37c570
pPennywell;qA5Y95HxMj;T
Loose;2iYj3m1DSW;e5573db49e0638e03dabdde5f50fc646
pLoose;2iYj3m1DSW;T
Hinesley;5dlDhlVNFu;3aa25cbc75e7ed2b57de8c64a1db6390
pHinesley;5dlDhlVNFu;T
Vanier;KlabpE592i;c56e9f0e6ca7f1e58da19e22be9acb5d
pVanier;KlabpE592i;T
Fendley;nbGFoBJkbD;5d79039583903e5781cf7e9db385693b
pFendley;nbGFoBJkbD;T
Hemming;hLvTCct4HS;b910edf9c3ac2354374a3903441f392b
pHemming;hLvTCct4HS;T
Shertzer;5ZmXuLdcV2;401f3f84722c5eb81963848977f5f4e5
pShertzer;5ZmXuLdcV2;T
Iberra;pJSfCipB0k;9678766bfb78c3c10038394f0884ad4b
pIberra;pJSfCipB0k;T
Giernoth;4BTQ9CSUKl;471b82b7c9b73b832d84eea84daff0d2
pGiernoth;4BTQ9CSUKl;T
Ziada;Y0hBocrIQn;0be3096478b8ec37939137e3c0636f50
pZiada;Y0hBocrIQn;T
Lavole;RtNSrfVK8N;a517f5ef7ff2f9e6d45a621a524cbd5e
pLavole;RtNSrfVK8N;T
Garling;MQnd7oq6Hm;e1e113bb2ec7dd3b58d4d15fe312ebfe
pGarling;MQnd7oq6Hm;T
Delana;zFistJEKAm;3f94f212d3f8ca4addcf927f52d1a785
pDelana;zFistJEKAm;T
Teeter;X52qZL0U3B;a95edcc4293d12f9cfe435a8b9721ec5
pTeeter;X52qZL0U3B;T
Krauss;mIYkQtKj85;c30aedae683df9bdf1fdfe8266570494
pKrauss;mIYkQtKj85;T
Guidos;OvBo3i4mlG;1806857cfe101f19fb572dceb63e5b05
pGuidos;OvBo3i4mlG;T
Brotherton;cFIj0na8WH;57666ca5bb14f8dbb493aca69a913de2
pBrotherton;cFIj0na8WH;T
Macknair;H43QCvNPJk;3e0bbf031890e7f59a2caa9d04ec5d05
pMacknair;H43QCvNPJk;T
Fogelman;J5Kpzc3irC;c551e7c80868baa591637bf75d6d8110
pFogelman;J5Kpzc3irC;T
Lavalla;vmjImCbukG;dd983d700ac6ed0d87d159d16f3ccc8c
pLavalla;vmjImCbukG;T
Denet;GzXeKYdAw5;618859435b12da229eed855400209639
pDenet;GzXeKYdAw5;T
Saling;Q3SKZTqYAB;a9c04cb25789bc4e08a5fdef2f808056
pSaling;Q3SKZTqYAB;T
Gratton;XtS2IanvIO;1a204420101002674790f157238cde5f
pGratton;XtS2IanvIO;T
Munsell;sfYiKyxOAp;1ced4dcf10ef77d3b697301b2c939cd8
pMunsell;sfYiKyxOAp;T
Plys;Ctstd8Cyd8;40a2f456196cd27932199a893b479a12
pPlys;Ctstd8Cyd8;T
Irwin;Hi0s2rUkM9;152e64170178a7a26677abdcf7416b0b
pIrwin;Hi0s2rUkM9;T
Bouillion;wG464wVrfK;ff52b928821975e29111023af6443efa
pBouillion;wG464wVrfK;T
Myung;RsOP01Bod2;3186caf19a841943c5cbd18c5309aa6a
pMyung;RsOP01Bod2;T
Deitrick;TsaqVk9eUE;2f17efd48ed79df3b4613264b1b04727
pDeitrick;TsaqVk9eUE;T
Schanck;JrJkwTvBak;5ea26531b38115aaf0bf2a5642291512
pSchanck;JrJkwTvBak;T
Buer;5Z03y1UyWo;2a154ac6b964f03a6e62eba4199545a2
pBuer;5Z03y1UyWo;T
Butzen;sKgXiAPOrq;083aae32b446441c2e84332c5e8261cb
pButzen;sKgXiAPOrq;T
Maribel;oyWKrXpmtA;336d265c3e5fa1e635fa64fa215858e3
pMaribel;oyWKrXpmtA;T
Kocaj;56GnD4maK1;124170c766cf5e9429057d69500d04cd
pKocaj;56GnD4maK1;T
Cabotaje;FUnNTwAuAY;58bed1d34af5054bde8dbdf5349c5d41
pCabotaje;FUnNTwAuAY;T
Levites;USpjtUP6a7;062d8c1fa46e11b1dfcaa5eddc6e293d
pLevites;USpjtUP6a7;T
Garthwaite;KowmlFLp4Z;9f4457c0b43678a585d9a927166aa99d
pGarthwaite;KowmlFLp4Z;T
Maia;VxafAKYOwS;ae17943eca5e3ee73c2f9ae68594fea7
pMaia;VxafAKYOwS;T
Kotrys;WpY43j7BPY;741fb980c668efb1e827813e3eac6a80
pKotrys;WpY43j7BPY;T
Rocheleau;J8ClCP0EOm;ddd98b920292cbcc573ecc3799c1606f
pRocheleau;J8ClCP0EOm;T
Huber;rtvMqPvepp;a487506322458b458f693e797b8f1ef9
pHuber;rtvMqPvepp;T
Waldrep;N90rKJyMV3;cfa750db48185adcaf16caabaf48c0b4
pWaldrep;N90rKJyMV3;T
Getchell;36bmBMQZUl;21bab8b5735bac55defb6cece3768536
pGetchell;36bmBMQZUl;T
Console;eSXh8qhzPe;3cf2cede542d2ffd291996f1757782e4
pConsole;eSXh8qhzPe;T
Malle;UNMPhb0Mlu;0c063411f9e7902476ca2bd197b5fda1
pMalle;UNMPhb0Mlu;T
Roten;mdtJzbIyKW;fb2b3ca851e421137a9587f78b2d6e9a
pRoten;mdtJzbIyKW;T
Helscher;9wnfZQRs4M;057894a47eca56a37585888a35366726
pHelscher;9wnfZQRs4M;T
Teeters;fghUKWntjr;f070b0cc6f295dc553752aa99545d030
pTeeters;fghUKWntjr;T
Sarria;eH6QiaZl0Z;dbbd016bd5479ae11b2378fe37b75e09
pSarria;eH6QiaZl0Z;T
Melen;FNh9zAnNVz;73a2b11a708a2cbc5b92869edd880c57
pMelen;FNh9zAnNVz;T
Flanegan;ODQmKsTX7C;adbec0ca2f1b502f65010d25c3a6aa3f
pFlanegan;ODQmKsTX7C;T
Skyles;HdRsAqm5zE;22785be6518ad484b199232c5c69cb1b
pSkyles;HdRsAqm5zE;T
Parmantier;lrFmzDIw3c;676141cf5a74acb5ae9acd967a1e258f
pParmantier;lrFmzDIw3c;T
Ventors;6rHJdbaVba;ad171d7a28d181f1025ce1a3c2dc983f
pVentors;6rHJdbaVba;T
Lolar;vdzJ0Zt75C;7010d13bd3353e83e3306910eedfb003
pLolar;vdzJ0Zt75C;T
Uliano;1gQYKuuU7S;865b70e39a6314d47e7475a77ef85377
pUliano;1gQYKuuU7S;T
Curo;CvjbJEa869;88f1eec47c0a9c661cb9d3810e0dd8bd
pCuro;CvjbJEa869;T
Gruda;YogbHnQgBC;36a03d3a5b5f89952f6a21ee00800e33
pGruda;YogbHnQgBC;T
Bigelow;w3C08WyazS;8832aaaa431404f0cce6d35035a65fe5
pBigelow;w3C08WyazS;T
Zelkin;x5Q5yHZzPR;1b9344c03171f9e2a5b472aca1d0f018
pZelkin;x5Q5yHZzPR;T
Petermeier;SzgHN7bx4T;2a003b249593989d8f18f1504cfea85c
pPetermeier;SzgHN7bx4T;T
Zorzi;gGevJKrxRm;6537a201e94f525641986c11c4313cb0
pZorzi;gGevJKrxRm;T
Macgregor;EHoTHgpIsm;55b379ff25cba6e1825e75bad640f8c7
pMacgregor;EHoTHgpIsm;T
Penister;oPL9cUF58a;240513e601bc994987ab5bb17bf4c8e2
pPenister;oPL9cUF58a;T
Bialke;MSjxYb6OlB;336d4ab4cb77f58ee37021ff441876a7
pBialke;MSjxYb6OlB;T
Fittje;M94cEgSQ6W;b4b8b623ff3f4ad3a3657d9a019f5bee
pFittje;M94cEgSQ6W;T
Debra;oS7S3Tbciu;671f524662a7c8c1cc750bf0eacdcb98
pDebra;oS7S3Tbciu;T
Crenshaw;EwutuzJYLP;0e571233123bb1284dd7d2f22a0ec646
pCrenshaw;EwutuzJYLP;T
Hollon;jrFCECjewm;342e22729b6231919d40f3a91669e574
pHollon;jrFCECjewm;T
Salveson;FLSft3eyHn;203e6b487f64b44ceb73256a726e3d26
pSalveson;FLSft3eyHn;T
Rann;8TgiuYmNhB;b18eb251e78c631538e15ca559d08a36
pRann;8TgiuYmNhB;T
Gietzen;6Cn3ocXLOd;f68d5e6d4e92fa20a703cf5b014283ed
pGietzen;6Cn3ocXLOd;T
Seacord;8qAhpGBzQ9;4c78fd92d108c96bf770ba3ea08f4117
pSeacord;8qAhpGBzQ9;T
Maslowski;Yr0DiVx2xu;1f60a574c2bb42b010f280d671374c75
pMaslowski;Yr0DiVx2xu;T
Woiwode;fmo3r9mbRL;83c4319e8deef689707b9165d9765f78
pWoiwode;fmo3r9mbRL;T
Friedland;Y2Qt8V9MAs;549b31ca629da8a0656c8d5b2a54fc88
pFriedland;Y2Qt8V9MAs;T
Hoffart;I2Gle25pag;957a4fb2ad698b527e569996787e76dc
pHoffart;I2Gle25pag;T
Kant;FoHmU6MPo1;4a0fdb440672092f9dffd7cc34281d8d
pKant;FoHmU6MPo1;T
Deur;Qjpoh3DP5Z;78df9af51135d08dbe222bab100685d9
pDeur;Qjpoh3DP5Z;T
Benskin;l44G3fWhIB;1fd31d5bfd8ef3000f396e13f7f4ff83
pBenskin;l44G3fWhIB;T
Brumfield;SetCrBwq9A;9d8ecec87c6fae70a1b910a844f88510
pBrumfield;SetCrBwq9A;T
Szymczyk;DMqDgROVlW;c44e617e1937a1dcf3d290011c2fc285
pSzymczyk;DMqDgROVlW;T
Bodon;AQb1VXOQeR;0af5919557b8254c4ef63ca206de7a9b
pBodon;AQb1VXOQeR;T
Sheler;H9dm1d4Q3j;6156e2c948175381d0dfed0263a85eef
pSheler;H9dm1d4Q3j;T
Darnel;4tyNjgCfn3;fac7e7658485ca45b5dce73b44455855
pDarnel;4tyNjgCfn3;T
Rolseth;kF7YSk1qHK;198e2022d36331ac709d69d6e8ff89e1
pRolseth;kF7YSk1qHK;T
Threlfall;90N22naT3G;797906291a88a5b05b4c6ce505eb352c
pThrelfall;90N22naT3G;T
Toof;1z2PGAU4Tv;b9ab3856db4bc174db8c1031d215774c
pToof;1z2PGAU4Tv;T
Viray;ZVflYIpErn;7c32bc0716a4a85c4c44aa33a018b28d
pViray;ZVflYIpErn;T
Worobel;q7NbihRM7J;d215b0097a2c0baecdc89d7c387f22da
pWorobel;q7NbihRM7J;T
Kretchmar;wTpg3qSgAy;1ad2b8689aed630ab70d42bf978d862b
pKretchmar;wTpg3qSgAy;T
Sylvester;scAwZvE0vJ;36bca348992e43197f16125a789219c5
pSylvester;scAwZvE0vJ;T
Dearo;3DyoGyl8mA;15f82d4f52106d508499efa98181b26c
pDearo;3DyoGyl8mA;T
Canal;sasiTYYCTh;5a10e655e9a850c75c6d9405b64daa7f
pCanal;sasiTYYCTh;T
Delhomme;nszdZV4FDa;8dbcbf58db8e7b0e10f5808ae88b9910
pDelhomme;nszdZV4FDa;T
Mccleveland;iDWk0O2GzF;94e74c989b6d1751027c40fd0a4d8781
pMccleveland;iDWk0O2GzF;T
Summerson;DLyA7Arn5Y;180acde261ea8bc04f0006e49e13bb07
pSummerson;DLyA7Arn5Y;T
Willaims;6LAmLFFxgM;c4cb8902bb3e079aafcd6bd1f74cbe3c
pWillaims;6LAmLFFxgM;T
Schafer;sidAIY3f8r;0c4facf4e5478e0c05946da7bdde5e29
pSchafer;sidAIY3f8r;T
Roses;tybRZBBtEd;0fc0ae183f096c9664c27a415d101c7e
pRoses;tybRZBBtEd;T
Yelverton;ZbU1RrsoNz;11bd713613412124ae546acea6e747ba
pYelverton;ZbU1RrsoNz;T
Nickolas;o2XLRkNdTq;eaadedb6bc271efe83ffb0d5a5025fd3
pNickolas;o2XLRkNdTq;T
Dusseault;4Fq1N7zYNP;33ac8268ef6fa72910364b741ef9f35b
pDusseault;4Fq1N7zYNP;T
Gorsuch;7zuQfP7vtS;d009a9245a5db192fcc15ca7ec9bc654
pGorsuch;7zuQfP7vtS;T
Mullen;LczQiJ3oWv;ee6263502a4ba2c5917eccbe2260e381
pMullen;LczQiJ3oWv;T
Detore;1xktwRMTPG;70c80fa1a84db4f91a55d32142797911
pDetore;1xktwRMTPG;T
Cookus;tnD00sO0OV;8ee1bba4d5128d424287e7e8dbd09591
pCookus;tnD00sO0OV;T
Lesniak;HakEATMcfi;849d60924fb58cebe5a794baab564260
pLesniak;HakEATMcfi;T
Guthary;YBEEeDEcnn;d9a3263af24df4d32cd31f84d814f380
pGuthary;YBEEeDEcnn;T
Maricich;ZjBj1gD4cr;d9bffea4815fdc0c49d22a9182cfadc1
pMaricich;ZjBj1gD4cr;T
Tinley;wNMKJ2IxuF;7a5bf0292fee752b2cf97d1280c33ab0
pTinley;wNMKJ2IxuF;T
Huser;hwSISgXgCm;336cb0084a46a035d8e2e699f10d3811
pHuser;hwSISgXgCm;T
Nacol;Q83E57UpVw;7fd9d9facf8e86dc17217995a10565c3
pNacol;Q83E57UpVw;T
Mccredie;JvtlFWGitc;1953ce53e94065bdf18dc063696a7525
pMccredie;JvtlFWGitc;T
Stevie;tOeFvcncI7;78c194153f561606219f679b74f6f899
pStevie;tOeFvcncI7;T
Zadroga;ZcTEmNNvhY;813077040213949987543d57bca013cd
pZadroga;ZcTEmNNvhY;T
Tuason;ooDMlSOixZ;b1c1bfc40a8e0190c9c90486db68b45e
pTuason;ooDMlSOixZ;T
Strini;MLWj4cjQ1F;fca469eef5aaefba0a5e6dc6815f6755
pStrini;MLWj4cjQ1F;T
Ferry;mzvSuAzpVT;14794844d8fa9cedc83ac45fed72285d
pFerry;mzvSuAzpVT;T
Eckland;VDjihlbf45;2927ee40661798cff4bb360f7b6f6f00
pEckland;VDjihlbf45;T
Martindelcamp;GcbsLxXyNf;1f738185e4bacba3d8826b2cb4fb802b
pMartindelcamp;GcbsLxXyNf;T
Boni;R9j685RJ7P;48f769466afec9dc58f393b21620b786
pBoni;R9j685RJ7P;T
Simpler;y5mgfI5ZwX;d7506c9c315d52736fd39050caa333eb
pSimpler;y5mgfI5ZwX;T
Hults;WqICo3sV9n;1a2d9fdb4616ce3868e98ad1406894cc
pHults;WqICo3sV9n;T
Fahner;YEjumh4icZ;cbd4e1a38eb5061f7e8ddfcf6eaaf2bd
pFahner;YEjumh4icZ;T
Jamar;35QZ9HCrI6;86343e3039d22c166adb67ae657161d4
pJamar;35QZ9HCrI6;T
Haverland;9GBUBdpwVV;1c7ee57e487beaa146937d7ce7f5de23
pHaverland;9GBUBdpwVV;T
Swindall;5DzGTLaxK5;70cb35cbe5756642bb0ca025b8da9231
pSwindall;5DzGTLaxK5;T
Keleher;tDX5IEwZON;936120c34a2c573f6bb8d1e60f615716
pKeleher;tDX5IEwZON;T
Mullinex;OpaV8miGBf;76594e418f0c8ff166fe06f8729e0a1b
pMullinex;OpaV8miGBf;T
Turnbough;cknm5IfOkL;8aaa907aa860e440b34530e4a8ebaab7
pTurnbough;cknm5IfOkL;T
Huffaker;qJde2v30Fk;32300ecda786343efd943f5ea5c5bb47
pHuffaker;qJde2v30Fk;T
Tronaas;KsJKdANZi7;6aeb6a82c59e8150587b3b93a7523b80
pTronaas;KsJKdANZi7;T
Gorringe;SkPHdNZnlx;5040add390170a715cc1397d6e483e4b
pGorringe;SkPHdNZnlx;T
Murril;0ZaQi5ld7I;7c614e2eb469f0734ae7f6ee84bcdc82
pMurril;0ZaQi5ld7I;T
Muckel;dqVBJAp237;743bc5e51105d214c4b8cac8c90a4650
pMuckel;dqVBJAp237;T
Slavick;VqaYDFBZDk;8488d20b9a159fbb5c0fbf479b43b708
pSlavick;VqaYDFBZDk;T
Turnier;B6QSRUtlRz;78e3cd82b8ba66409a8259448c8b75ba
pTurnier;B6QSRUtlRz;T
Grain;OPNEbQyeP8;540771b0e5e893eeacd2e00de987f7ef
pGrain;OPNEbQyeP8;T
Miehe;Iqaxpek19Z;d3d59ff2f9042755b7a980a427b83ea3
pMiehe;Iqaxpek19Z;T
Fidsky;r6cXLTe5A8;d964f1a5dd5ae26d0444619e2c350bd9
pFidsky;r6cXLTe5A8;T
Mitchiner;8KbUdKAj8w;b5fea7cbe1f9bde12d4c1f77db2d8009
pMitchiner;8KbUdKAj8w;T
Papetti;62PkMmBMgu;fdf062607391de17b36f7f67594eed23
pPapetti;62PkMmBMgu;T
Vaccarello;6Cy0Q2OK6N;d27998db2bab19b87f8c5596be45eabe
pVaccarello;6Cy0Q2OK6N;T
Zorko;khh5B61Jkq;b222aa6201b0e78f7c87d0fefb7231e1
pZorko;khh5B61Jkq;T
Charles;pnEgtrsEPZ;892ca43cacbe83dfc346c7b24ff436fb
pCharles;pnEgtrsEPZ;T
Kaetzel;d6Xx4loK14;7229bf3b22c65c4c4739d6c05e9fd2d4
pKaetzel;d6Xx4loK14;T
Huxhold;zoscHudEl7;22ab7fdddcd503778dbad3c664815959
pHuxhold;zoscHudEl7;T
Giacolone;QEO7CwrBfq;9183fbcda7ebbfde18b7a3e12ff0ee09
pGiacolone;QEO7CwrBfq;T
Pierzchala;h8p4V4IFhX;f138d2e444b368cb908299ddf383eaa3
pPierzchala;h8p4V4IFhX;T
Fineman;YwNIpBwCLs;e40be3494c46192b96d671501e2da298
pFineman;YwNIpBwCLs;T
Crofoot;KucgTo156j;2095f2ac0b9273ed053889a846341c16
pCrofoot;KucgTo156j;T
Borsari;tU6y9g0yp0;0b71599da176faa7b3ff8529cdece743
pBorsari;tU6y9g0yp0;T
Daughrity;MJ4aZdWfDm;21acc147f5eabb90b47fe41b71548149
pDaughrity;MJ4aZdWfDm;T
Trace;ZTjf91Su3u;664a89ea28060ea550fb437139eeacd1
pTrace;ZTjf91Su3u;T
Koeck;5k00pJBGPP;2df49b9d5e42fe3621a006ca6f9ac87a
pKoeck;5k00pJBGPP;T
Eckley;hPwXYlfoP9;229f99338201ab20fa28498d9eebf28e
pEckley;hPwXYlfoP9;T
Cranker;k85b2KGTYr;7a7a8fe04de05f50e40ef1dd4f42a76b
pCranker;k85b2KGTYr;T
Sabo;mj1GAzGdGf;7fd46ceace1e03a970e0d278b41b6aca
pSabo;mj1GAzGdGf;T
Parizek;b08XxtZz5i;ed4f4eaf19e9135529a2cd686ad414fe
pParizek;b08XxtZz5i;T
Donlan;TV2lDpKAgL;b4469c69542723626ae2a13605eb203d
pDonlan;TV2lDpKAgL;T
Henricks;G940JxV9Jo;1dc2b9b04617816cad4b21c451372979
pHenricks;G940JxV9Jo;T
Crosier;6gj3brFzVX;22306dc1d1ebd8a59827e9ba0f0a92ea
pCrosier;6gj3brFzVX;T
Moenius;Jc8vlEWDBC;d808363afd349773d000da7449cb3619
pMoenius;Jc8vlEWDBC;T
Furches;Cg0GsUKvM1;51a1c57579dec430dbe95bf958e9f30c
pFurches;Cg0GsUKvM1;T
Dimitrov;xbody0sG5w;c130bb85e935d8b60b21831ebe466bf6
pDimitrov;xbody0sG5w;T
Tetlow;zPQJVtUNFb;361e081ee0bf837b79d1dc3734b1d953
pTetlow;zPQJVtUNFb;T
Peverini;KGmA4xvNPa;151ced1ff3c59e8c7fb4184f3923375c
pPeverini;KGmA4xvNPa;T
Graper;tKc39xGuqv;5d031b07026744d4aeadcb97383cc481
pGraper;tKc39xGuqv;T
Nightingale;55UBJjyP3j;b32e98676aebb38d6d0cb4094bc9d9ab
pNightingale;55UBJjyP3j;T
Feyh;ACBD9zYN7A;7d75fd166206b1046707bf73108c1e15
pFeyh;ACBD9zYN7A;T
Desrochers;l4Pn2zC8uV;a97982d298d7527434ea6b118817d39a
pDesrochers;l4Pn2zC8uV;T
Duane;AW2dL8Az5e;142cde57e45aefc55c42b6c9701a7b0d
pDuane;AW2dL8Az5e;T
Lucks;yAsC3RL7hh;3612ea0252972bb8437e237a8bd87ed3
pLucks;yAsC3RL7hh;T
Espenschied;jmgNTnIZff;899a6999d24fa705d1751163cdc321b2
pEspenschied;jmgNTnIZff;T
Goodley;M8MzfdEmC8;0a93302a983ee18b470a48454dfdf00a
pGoodley;M8MzfdEmC8;T
Maselli;vn5zuhoQUO;f99eb7a6363621c5d0a502b6b8513700
pMaselli;vn5zuhoQUO;T
Shvey;PyWkW0PWPN;00a1b436f6b36409fc749db6ff081149
pShvey;PyWkW0PWPN;T
Ruckey;R9CfbMntUA;e3f914e004a5286bdcea8ff3b9d451a6
pRuckey;R9CfbMntUA;T
Meccia;q2iUGespVI;724cc47a4cd58a48d1e7323f390c293c
pMeccia;q2iUGespVI;T
Mizutani;h9OmdiDyIe;5f61b7b052b214adb820e83bba0450cb
pMizutani;h9OmdiDyIe;T
Berley;5vm7MXpbQO;2e70d48bf78e3636fe6f8953bb416058
pBerley;5vm7MXpbQO;T
Horr;pNXK6Kzl58;9ed711fee37570f1cf0827f166581519
pHorr;pNXK6Kzl58;T
Mcsherry;W2zcxxvmgW;15904437bbe4ccb5ed77bd5eb6af7bf9
pMcsherry;W2zcxxvmgW;T
Shellenberger;VFBBZetgTd;6204260dcb6c75c2b8e09fc5fdc0e7c8
pShellenberger;VFBBZetgTd;T
Waskiewicz;Dk3VScx8iX;49fa41cf89ddc7ea6df1c8fc934d5307
pWaskiewicz;Dk3VScx8iX;T
Steinhour;WNAxGDLOIC;4a878512baa31542998f8b4b89d628c2
pSteinhour;WNAxGDLOIC;T
Pluhar;LpF8YnNFNN;3a0f274c3a53e560aa91fc75fad5f970
pPluhar;LpF8YnNFNN;T
Sgammato;T8cxG0dobO;ada238c61156d1fa6d003e305bf149a9
pSgammato;T8cxG0dobO;T
Omega;dFizeXSt2k;5c5e2219dce423fcc24e5314d1507efc
pOmega;dFizeXSt2k;T
Gyger;nv1AkTJMuX;d4127f121da093aa3ab15b96bbc1c05e
pGyger;nv1AkTJMuX;T
Jaynes;fstxTjjnYP;bfd05f06f9eaa92183946ab000485f93
pJaynes;fstxTjjnYP;T
Dekker;atmyiJDuqo;f61bccd0a43a87b8a622b5ab88c71774
pDekker;atmyiJDuqo;T
Gupta;eplHKCq2aL;edc6d1a00980e26321aa59b1ff51bf67
pGupta;eplHKCq2aL;T
Dail;4GdYVXxv82;4850ff9e26a71f30ed7d2e18d05018a1
pDail;4GdYVXxv82;T
Foos;yyCUOis9R2;e4e48984eb9a52bfdff261c71af59a00
pFoos;yyCUOis9R2;T
Demoss;0SDDqqZJ1z;c89c3359b9b8904f20e0751cbe6bd061
pDemoss;0SDDqqZJ1z;T
Birky;dpHI6pT7Uk;d5bea418e8fe91e870443da437b255bd
pBirky;dpHI6pT7Uk;T
Sloman;3DP5x3isqs;f0b12de8e5241472dcfa7f585e31c863
pSloman;3DP5x3isqs;T
Nichols;8sPsm0SlQd;989cdb901f91855e0b43f76081299b4e
pNichols;8sPsm0SlQd;T
Carmen;KtK45RBPnc;89615664f6bcd2f1b5cfabf3bb98fe56
pCarmen;KtK45RBPnc;T
Bugtong;tGvefveTTn;aff10fa6d471fec10c57abbfc9a39109
pBugtong;tGvefveTTn;T
Macall;ORZbxRgKPW;eb561acfc96b34563d85b5ff930731a8
pMacall;ORZbxRgKPW;T
Timmis;EL7DYH4znt;1d107158dd0783d0018f142b6503a818
pTimmis;EL7DYH4znt;T
Taverna;P0fk1zTdGd;ee47585f889c7a7a1a5ec46fe2eabac2
pTaverna;P0fk1zTdGd;T
Egeland;Qu3Q8yhpPQ;b4723a04c35ebc9ca4e89d827d886b38
pEgeland;Qu3Q8yhpPQ;T
Huelle;fm0L5boL6M;da5302208a5c10b4525f3323efc78c1d
pHuelle;fm0L5boL6M;T
Kinloch;Y0ngHykUWk;c63abed69d5c15e499aeb4b9ac08e080
pKinloch;Y0ngHykUWk;T
Josephina;xDjJqU56MO;73129f6649a87f32c9601c2c115d4e37
pJosephina;xDjJqU56MO;T
Normand;PnCimOK7xG;f265e0ed10ce31a94091abcbe36343e3
pNormand;PnCimOK7xG;T
Lamadrid;t8y1RaNREm;00b3ec97f78ab97ae2824e234858bae5
pLamadrid;t8y1RaNREm;T
Leininger;eT0eR3Sloi;102db4ed212c3a1b0f544f2fdab70a14
pLeininger;eT0eR3Sloi;T
Falgoust;i0ntfKvkhF;9cd0ccbc63a3b54bbad95a81affdc783
pFalgoust;i0ntfKvkhF;T
Deadmond;BImbbvjgSw;2bd8fb7f3e986b12bdb7a31ae940aecf
pDeadmond;BImbbvjgSw;T
Delorge;qcbUiQ9DQP;b2c46259ca5072cf3dd0562512878392
pDelorge;qcbUiQ9DQP;T
Calk;vU5hSXWXVm;63d41234d5aa58c9b8e9e1519e92ee80
pCalk;vU5hSXWXVm;T
Desai;n90Ue6CfXc;db9518e8f34bccd8130f88f443621fd2
pDesai;n90Ue6CfXc;T
Ringler;uni0qCZ1vU;9291d2968ae92989f8925724ed6cf6c5
pRingler;uni0qCZ1vU;T
Ikeda;9WMjzYsL3i;b06720b032d6d6400fd65fb7da84f01f
pIkeda;9WMjzYsL3i;T
Philippi;Ryx4kPKYUW;ea4bb388e652782a29bd554e63b09c09
pPhilippi;Ryx4kPKYUW;T
Schacter;zEyyc3d1AV;04ac81dc253bf6d6ce41656bc90a5732
pSchacter;zEyyc3d1AV;T
Cabreros;sIslapJZkY;7d813b690832cefe444815572310aa87
pCabreros;sIslapJZkY;T
Erck;byuyBAzW60;2f4cd4f8215eceec4f3311bf5869af45
pErck;byuyBAzW60;T
Wondoloski;sAaOm0Tz3Y;7dd6c30a4f332ad7932c7acf6f1a3a04
pWondoloski;sAaOm0Tz3Y;T
Reznicek;8xbXziLP2v;e131ccc3c1e1503f42634d4ecbed4dc5
pReznicek;8xbXziLP2v;T
Mocha;EN4DCJE5e5;546594e77aac7d32e55816b584aca077
pMocha;EN4DCJE5e5;T
Houskeeper;N89N4rwOjE;7b38922bceb259fa7e5f8378f14ae218
pHouskeeper;N89N4rwOjE;T
Hayes;mZsZYZgVj7;bfabc6574f078e1d19e118cdcfca6aea
pHayes;mZsZYZgVj7;T
Vrieze;52c4BllUh6;c4e22e29c4ac1493c300c5f3823aecc1
pVrieze;52c4BllUh6;T
Gesamondo;dqQUbJx5eQ;310bfd19cdc60b789d0d8e5192449a43
pGesamondo;dqQUbJx5eQ;T
Overy;xvQi6eSQry;182f3425c255ef1fd79a74cf6bee16f3
pOvery;xvQi6eSQry;T
Massena;44xrKaWyJT;a654cb93b375ed680cd3c77641da0c71
pMassena;44xrKaWyJT;T
Tosto;wyfu6aG8zY;ae3bc2207bd351bc081658cddcbeeb14
pTosto;wyfu6aG8zY;T
Warbritton;ILYKyiRmRQ;2c1da078a3d331af36c68a3278747104
pWarbritton;ILYKyiRmRQ;T
Verbeck;bLg878VTmI;41e3ff81bf3c77e1565dcfa575acd69b
pVerbeck;bLg878VTmI;T
Tat;yL9tVALf9L;b17f3364e90d85712307a689a8f7477d
pTat;yL9tVALf9L;T
Chinzi;u08bTdrCR1;4fc845425bd040a3b1812f3ac8e55e0a
pChinzi;u08bTdrCR1;T
Sacca;pmeRqEYqdM;5b1b860d6570ca21ac793129d42e1a0a
pSacca;pmeRqEYqdM;T
Kikkert;O93Vi0Hk84;ad33bc1d6b1acee2695e37248a4ea57d
pKikkert;O93Vi0Hk84;T
Firestine;iggTimfZXH;98b41c0967363744dd5cd8c369f44a04
pFirestine;iggTimfZXH;T
Stuber;FFiLFwSe0w;00f002d8465edd460bd931dad6bce119
pStuber;FFiLFwSe0w;T
Matuszek;FTa8cgir4P;76106a1383a85ce960cef09fdec18a0d
pMatuszek;FTa8cgir4P;T
Carthen;ECqGKZ7B3F;f3a51cba2f867c083f146a36b247d167
pCarthen;ECqGKZ7B3F;T
Duresky;BAybOu8Xt3;53c66601ec0e1dbbd4300541cd060c3c
pDuresky;BAybOu8Xt3;T
Lindquist;1IzbMmZKyn;5068dbb7a9744943cedc00787887baf6
pLindquist;1IzbMmZKyn;T
Eugenie;LhJShUafoO;5920600ff7fbd9ea7ff186f5fec7b216
pEugenie;LhJShUafoO;T
Emmrich;0rO7YdnLMm;8bf010330c00d0f2d870f280019d71c4
pEmmrich;0rO7YdnLMm;T
Ducceschi;TOy5BPRM3N;dc51105889ecdf63c33f9906fd63727a
pDucceschi;TOy5BPRM3N;T
Mckinney;4jrlKjxngb;ffcd0635d7c92980d8100ed99ced50cf
pMckinney;4jrlKjxngb;T
Largin;TfnJfAhxTB;0f1f04970d47e4983d710a5fc7075e1d
pLargin;TfnJfAhxTB;T
Gedeon;2hpVQ7D0n3;d627804a96abb63692d18f68a6f0f69f
pGedeon;2hpVQ7D0n3;T
Renfrew;7Ed660bwbg;428e45c68edc3b2b657d73f0710f6992
pRenfrew;7Ed660bwbg;T
Tahir;tH00JBAbM5;53383d5663fbe3d93cd9485f72604ba4
pTahir;tH00JBAbM5;T
Quelch;QTMEseSFwy;77f2280904ca2b309f9632efb114dcf0
pQuelch;QTMEseSFwy;T
Berkebile;fp8kjxTWKH;22855b4cb82a6dac3e473a28c948bc04
pBerkebile;fp8kjxTWKH;T
Rydeen;dI7tBaqjGU;f27114064a0f4414a9e2be5875bb7006
pRydeen;dI7tBaqjGU;T
Cosier;n2rNrcgx2t;2e0647851026cd63686a648df8479d8a
pCosier;n2rNrcgx2t;T
Devenny;e1dqEiILHg;b3234384b4907a13e2a4b263e6e46298
pDevenny;e1dqEiILHg;T
Councill;wd0lb3Hkzl;90470b4a3b249cc0e99e757921f64060
pCouncill;wd0lb3Hkzl;T
Nadelbach;htW53yoYMh;4dd291d36e64436026005202684af97b
pNadelbach;htW53yoYMh;T
Sheets;LYkFwjumUf;40ea5ae90010100c47a54c8afe607c5b
pSheets;LYkFwjumUf;T
Gano;qzv2krGFzT;0a11d8a03c283f75420b3882ec9f22e9
pGano;qzv2krGFzT;T
Freytas;CXetLnsob6;b170bfb5c9900d75aa36191b48399536
pFreytas;CXetLnsob6;T
Outten;Pp4O5f9w5L;01a49c0110b6a42e7c3071c571dfc360
pOutten;Pp4O5f9w5L;T
Klopf;AVrYf66dxP;d671a4f4c159d8b8df6bf9f09bc698f2
pKlopf;AVrYf66dxP;T
Glowacki;ct95e7216t;6e1fe8fe17da9bb697592a3599ecdfff
pGlowacki;ct95e7216t;T
Heral;hHDh631rDv;531fab9b9ed0228a3a6fdc4c29d4f574
pHeral;hHDh631rDv;T
Charlesworth;ABCvxh4naM;adac6b62b9898ddfdf7cce487cc0dcba
pCharlesworth;ABCvxh4naM;T
Qadeer;0ekidgcRvl;3e773e8ff62ce65730b862c881d5291d
pQadeer;0ekidgcRvl;T
Troublefield;TGvFauGqQk;05b315110303bf2586dc4b4e603fde1b
pTroublefield;TGvFauGqQk;T
Duplin;yeyqpQJRY1;559c65376b7a150e7100a011c8767a4f
pDuplin;yeyqpQJRY1;T
Bliven;KDUGL5J03b;ede5f74837a45540d7e66fbb946cc60c
pBliven;KDUGL5J03b;T
Rexwinkle;BELBGCjrGJ;003f7db384a53720c4ac73c8baad0d8d
pRexwinkle;BELBGCjrGJ;T
Lankster;nhhSQ4LYZX;e46ed85cfd72fec6df566d768d4f9d24
pLankster;nhhSQ4LYZX;T
Tritz;IsvYXCuNzb;c9edd029cc98111f922d02253c025584
pTritz;IsvYXCuNzb;T
Stasik;iWzH58Gb6w;5c6db430ae084cd19ee11ce4f07b0f6f
pStasik;iWzH58Gb6w;T
Centanni;mV8HfnbBzJ;ac447358d7ebab0b5ffb71334957a15a
pCentanni;mV8HfnbBzJ;T
Struckhoff;LEZQmy5lF1;771d8bccba7ed2d6934823b8d30c4ac8
pStruckhoff;LEZQmy5lF1;T
Coleman;T7QC2k5BSv;c52a6ac1b25008174c9709ba6b74de86
pColeman;T7QC2k5BSv;T
Noftsier;ZUzSsxBZPZ;a41bd0db2c082699a6e92e0cbef79a16
pNoftsier;ZUzSsxBZPZ;T
Euna;MKtliPfHHU;8f0359e0716845ccd7e53cc58bd78b76
pEuna;MKtliPfHHU;T
Plato;tG7ishiKN8;d147006e6df905f6c565266d23b5bfb3
pPlato;tG7ishiKN8;T
Pelletiu;S4CddYkSb4;d0b14327d3d1a0f61dc063d97b2e5d30
pPelletiu;S4CddYkSb4;T
Moehring;xZkxR7UGZF;de897b3d4f7b4b8965ea28c5fe926640
pMoehring;xZkxR7UGZF;T
Pluta;wdab0AeoWB;b7849b54a75991849cfea59977c38df3
pPluta;wdab0AeoWB;T
Gohlke;RMQMPjsWR5;90abbe91f5c8df3f89750d963e08279b
pGohlke;RMQMPjsWR5;T
Pierrot;5ZJ5GpuQJC;edfee40e2a99203bbacca4562de4159b
pPierrot;5ZJ5GpuQJC;T
Damoro;wx92dgQDMw;a41ab14e67e392992c7962a4976e60b2
pDamoro;wx92dgQDMw;T
Teltschik;VhhtK1cyCf;e16a0a070c3c37c6ced936f3f213fd19
pTeltschik;VhhtK1cyCf;T
Stweart;QaJLJCKcja;9742db1f7fcb456a85bc96bffe60532a
pStweart;QaJLJCKcja;T
Gourdin;dWEUeU80Rl;f0dac33e8599008f40a96d0ad4232f03
pGourdin;dWEUeU80Rl;T
Valery;f3uHMtgEQu;892039909f1ccd3922722fe8f7615eae
pValery;f3uHMtgEQu;T
Uong;7dDfb9LdHa;d55a43ce9e35e0c9248bd7b46ef8071f
pUong;7dDfb9LdHa;T
Koziel;mUu3Prknac;d419d927c4bee5af901b945a1581e8d2
pKoziel;mUu3Prknac;T
Nichelson;v3ukMFoI1q;4cae8566e5b38cf32bf9e6dafc2b3e63
pNichelson;v3ukMFoI1q;T
Estell;t9Zihdam67;4ed7fe19be9eee883f241da83ebaedd1
pEstell;t9Zihdam67;T
Markwood;ZoGAMORGvG;2f6e677759baeaaee11dbec9ddcbf942
pMarkwood;ZoGAMORGvG;T
Faerber;rL5ml6wngl;553661e41e0722ded0dd2e974a4994ff
pFaerber;rL5ml6wngl;T
Gafanha;zTHzjmFkHG;353f1b887cd3e2f7cf7e7d5da666b46a
pGafanha;zTHzjmFkHG;T
Bellflower;Zsw4EkAsS8;53fda7e181bf34ee8af0e3ac98427303
pBellflower;Zsw4EkAsS8;T
Hegyi;xDJyivwLHp;c590f48d339c115b7e8a3ee4f6b26bea
pHegyi;xDJyivwLHp;T
Dimalanta;liaMifpAS5;cfec82ec6478b5fba6f8884fcd99b6fd
pDimalanta;liaMifpAS5;T
Brandman;1MYvhVNVgW;d1fb3c4fc24c4f19634e9ba3c3967fb2
pBrandman;1MYvhVNVgW;T
Warren;PQUIQEH6VF;91cf957659e76b58a0643c8065b0e5cf
pWarren;PQUIQEH6VF;T
Veil;Pq8xgH9Ikq;795c6256fdee9f68637c3007266ac714
pVeil;Pq8xgH9Ikq;T
Wirsing;EI9wSSAtlA;ef9e2e15eaf736a747a8d91f9b41fd85
pWirsing;EI9wSSAtlA;T
Gustave;8OKI9Zgqaf;544c306fd8cd5b82a8927f35827eabc8
pGustave;8OKI9Zgqaf;T
Wojtecki;JKk7H13KN0;bdc0440f8136f571a1386451ee48d156
pWojtecki;JKk7H13KN0;T
Poertner;XxOBckwFy5;aa8f6e910538b83bd758042f12af77ef
pPoertner;XxOBckwFy5;T
Braught;IlkhPsSrwa;85a303635a00386f4861df9e69d516f9
pBraught;IlkhPsSrwa;T
Neff;Jto1wnEbhG;6f81d441de4b56e8a27c43d38e4333b9
pNeff;Jto1wnEbhG;T
Ruley;VIPF42d8uE;7e2d6be873cfecd721a5349bdd5f696e
pRuley;VIPF42d8uE;T
Rotering;HquDmYBnVj;f5638c21e6b094b589aca0ce284ba9fc
pRotering;HquDmYBnVj;T
Spettel;HPPJR6fps7;da4880026ce17e5dddd1bf371a89a5c6
pSpettel;HPPJR6fps7;T
Gamewell;Lom5pH55V1;657742e738b0eb1df9c480596cd91447
pGamewell;Lom5pH55V1;T
Nardozzi;eClB2QmK3L;f9faaade50f84402ca453beff91f11b1
pNardozzi;eClB2QmK3L;T
Marci;TPzfSCGJRP;e14fa13ad121f01e2f166eeae4a8b02d
pMarci;TPzfSCGJRP;T
Pichard;q91NOGeQYR;3274b0e7678c033e3bb3ac8f0abc47fe
pPichard;q91NOGeQYR;T
Wallau;pQcyujng8I;7815f8b5aacfc0ebfc28ed796b80b760
pWallau;pQcyujng8I;T
Vitellaro;IGFHZb9Tff;37d08b7b0242e944aefc4025f7920484
pVitellaro;IGFHZb9Tff;T
Scholl;cDQIJPro1E;2b53f893c251286dcf3654ecf36da964
pScholl;cDQIJPro1E;T
Lepp;MJjd61CKPQ;0955671e942de06a847dd766786c2714
pLepp;MJjd61CKPQ;T
Whitver;Lw7hWChfiK;37197dbbb95af536e382f51e910e80bd
pWhitver;Lw7hWChfiK;T
Ramrirez;uFe6yt2fBS;627a5b8d156cc5abaecc4c10c07a5834
pRamrirez;uFe6yt2fBS;T
Muscolino;KbCS77HQMD;b152ab5607675c674b8e3b3cf0e56265
pMuscolino;KbCS77HQMD;T
Olivo;Xa679VzqLO;7a4e8ba5a1e3b45de6b5febacf1ae34f
pOlivo;Xa679VzqLO;T
Wedi;A8SsbeV3SP;f7a0d828741662f7722420a25be2351d
pWedi;A8SsbeV3SP;T
Beyl;ZIeV2sjxdd;9b70798bef4574dca77e20344ccabd3d
pBeyl;ZIeV2sjxdd;T
Blasi;fRkTczd7zs;c17e10237d6af73d9db21f9a7ab88d94
pBlasi;fRkTczd7zs;T
Werger;rTQrrTfw67;ea618961315b61b4aa6c13502b17797e
pWerger;rTQrrTfw67;T
Darlington;3YptGGGNGV;88aad6b57bd228cfbaf92fa83e2d31ba
pDarlington;3YptGGGNGV;T
Hollie;ApGf3ZlCtE;067ec8076cc93fded4f237008c97a2cf
pHollie;ApGf3ZlCtE;T
Glessing;jBumEKHwkk;929cc8646c26d2e4266e76adc005dd8e
pGlessing;jBumEKHwkk;T
Jennie;I5RcusLgml;75204c45f2cb392d47ac5f10e6b501d0
pJennie;I5RcusLgml;T
Otten;moRlQEA4Ll;d9ac113e1d428b64612ad05403c1d581
pOtten;moRlQEA4Ll;T
Sackey;wk8fMlcd68;bbb055e594247a7d658d33866cdd6fac
pSackey;wk8fMlcd68;T
Snellman;ftnZFkuxpG;a6031b6168a9f553ff5a74da254807be
pSnellman;ftnZFkuxpG;T
Kley;zuAO09pzd4;7e54a1eb3301e7aa426aa03e21db2998
pKley;zuAO09pzd4;T
Sroufe;oYmiugEZAI;22471c05a0f08ae8701d53636e7e8f7a
pSroufe;oYmiugEZAI;T
Piccinini;rWAoQwUbr3;779db713d516a6506d1cbc01142f1c32
pPiccinini;rWAoQwUbr3;T
Colene;FkCqtSGlYU;5409f9662b2562971f27cfdf6f032357
pColene;FkCqtSGlYU;T
Halgrimson;PaF88TFik8;1844cbe86b1e9dbf5a0199956dda8a20
pHalgrimson;PaF88TFik8;T
Witham;ZqegS5FwMu;4b932b1ff3ae093852ddce82fa455d13
pWitham;ZqegS5FwMu;T
Vanmetre;HOjphqtvd8;577a3c80cc4574ff8a3eb2c01f5586e3
pVanmetre;HOjphqtvd8;T
Medosch;Hbzq7eKgSd;96537395621a203ae2cb8542a5d557dc
pMedosch;Hbzq7eKgSd;T
Newens;mp7BXIjEH2;a1da7d7051420503ec1d84ad4b90990d
pNewens;mp7BXIjEH2;T
Magitt;jo7aGJf7PV;84f48a50dcf655fae36ca5b01f030a76
pMagitt;jo7aGJf7PV;T
Campi;Xix0o3GsZ5;67ffb04b414c309578102d0740b90259
pCampi;Xix0o3GsZ5;T
Faure;HNOlpBhS5G;f4aa93b81b89d1fdad61db85d46234ec
pFaure;HNOlpBhS5G;T
Helgaas;TZzuWG9rXv;d591405f11f0cf4d8cbdc34e282710f6
pHelgaas;TZzuWG9rXv;T
Hust;cjm39x6MIq;adfe8bac8bf741a66b930a946f9990fc
pHust;cjm39x6MIq;T
Felice;EEaV4512Lx;778ecd3528d0a6d66833b28ab79cbdca
pFelice;EEaV4512Lx;T
Lamica;IxAiTY6mFl;49d5e3aec4fd491a6d1e52cbc3ec9cfe
pLamica;IxAiTY6mFl;T
Vas;JcSvbepF1m;16aada397c7502eac3b83dbe6b7aebdb
pVas;JcSvbepF1m;T
Tapp;dxfyxCdIxE;285f775c5aa6eca9ad1544af171e5025
pTapp;dxfyxCdIxE;T
Salzer;fXk5SVzmNk;8ad1c93be78f5b13d4db394497a0d49b
pSalzer;fXk5SVzmNk;T
Mccraw;WhTzYxpUK8;e8d3a71a3424f265d87c125bac0b8fff
pMccraw;WhTzYxpUK8;T
Durette;U3gTqfxfGr;2ed8697881170a16ea4d50019f82d087
pDurette;U3gTqfxfGr;T
Lenberg;geB2wu1CL8;c31ae03f00cb23c42d2d67eee29ae843
pLenberg;geB2wu1CL8;T
Provines;tVTpJF4fEY;0ec26f20308e57548c16fb9af3628dc5
pProvines;tVTpJF4fEY;T
Nicklin;PJpR5Nauih;c96f65bc50fbec6ab44108a56249ca87
pNicklin;PJpR5Nauih;T
Marcussen;IrZgTJCvDH;c2c0893241c83d7c74cde5ceca077b61
pMarcussen;IrZgTJCvDH;T
Geiman;W6golGhgXy;3814c6c8e906953d8a7ad5c1503ed003
pGeiman;W6golGhgXy;T
Eilertson;lNJ8PDWpWp;3f88df41b283abf6d0935e5fbc9687fc
pEilertson;lNJ8PDWpWp;T
Mintey;mva77pQYAs;4ceee4d8aef943fc2dceab545884de22
pMintey;mva77pQYAs;T
Joellen;1Ln7k0tc5m;d2cb7e5b3014241be7416ed25a67d9a2
pJoellen;1Ln7k0tc5m;T
Klimesh;xol3tiQWIU;037ce212def137fa0ed3977575eea305
pKlimesh;xol3tiQWIU;T
Sally;Tw1X1b0buX;abef4aef76d262e8f75899bc922e0e15
pSally;Tw1X1b0buX;T
Mentnech;Y9IDaJKlIz;413ce69b663fcf13979124326fcf5d1c
pMentnech;Y9IDaJKlIz;T
Moller;ASx3VvrQya;738cfaa66bc1b2a48610302bab57a205
pMoller;ASx3VvrQya;T
Yael;qR05PtPsyH;f09559b3dbece898bb48ac55f6d174c1
pYael;qR05PtPsyH;T
Honkanen;qMNNUoKHLa;89d88fa5facb14e2cc3e9c9d7de41ba8
pHonkanen;qMNNUoKHLa;T
Cevallos;3PRUSr4uLu;593e596550e0d60870f1ee6f26f6b189
pCevallos;3PRUSr4uLu;T
Wittel;rSKZjxaJU0;7f393c4b41901abe4e6e7ad14f53a0e1
pWittel;rSKZjxaJU0;T
Edling;dbTvimfsZL;d8c0c10410430b8f40b1d2cdd0b3d187
pEdling;dbTvimfsZL;T
Rolins;NxAnEwX5eX;c3146e93030dfb721a34510107487a2c
pRolins;NxAnEwX5eX;T
Spessard;qk461GtiF3;4b350ff1eec572d2baf139b5f02faf96
pSpessard;qk461GtiF3;T
Shahinian;rHaNZEPziT;1b7bd8e4990e732bcc5c5a6accca3e51
pShahinian;rHaNZEPziT;T
Gecan;9Ro5rdQngi;1934e6d7641074f2a264a83de1ba2ca3
pGecan;9Ro5rdQngi;T
Younker;datnjcdunS;31f036b07f2bfb6d1a3a22ce4d14b935
pYounker;datnjcdunS;T
Lalinde;TJSkDe1ldG;cc247fe61d3144fbe085f7f0979ccfa4
pLalinde;TJSkDe1ldG;T
Zaharis;Aug7hqYpwq;fd8c6f5f30527e8b1134d0a9e063db38
pZaharis;Aug7hqYpwq;T
Hahm;VaI1ckgEvG;ff26618f5a2cb81ea419ae17e322147e
pHahm;VaI1ckgEvG;T
Noll;mcrC6raC3i;d494f78943ba299bcb57f6a37a84a72f
pNoll;mcrC6raC3i;T
Rattler;4G8y8yl6An;36ac1e33bfb26d88475855ec66b1c48c
pRattler;4G8y8yl6An;T
Sakata;klNdiF7pkm;484621e02772d5ad8e58b34dcdf0fae1
pSakata;klNdiF7pkm;T
Stanger;1HqjLIeqlc;9ab4031f837a12e00744427139933743
pStanger;1HqjLIeqlc;T
Gimlin;EzCjYRacjP;d9ebd6add1a6ef33e1ed23e70b5d8da1
pGimlin;EzCjYRacjP;T
Oudker;bwZy5Tr9xc;7258cd2299bc7a81e30575d080c6cf71
pOudker;bwZy5Tr9xc;T
Kruzewski;C0Ozqt768h;d3d591e5598de157d0bc1e3c5cd7e3f4
pKruzewski;C0Ozqt768h;T
Guida;yaPtzODM2D;7fe7fb4b2289c12698602d69d2cf698a
pGuida;yaPtzODM2D;T
Corneille;ilmQUDOqH6;9a8864a57db86a70178e334de84cbb2d
pCorneille;ilmQUDOqH6;T
Soward;8YmCpKPM1O;6f86ab825702d61febbaff80a0d0654d
pSoward;8YmCpKPM1O;T
Vreugdenhil;5KJ0FMB7QC;820d2a5c074c30adaaa5e47b6ea009e1
pVreugdenhil;5KJ0FMB7QC;T
Strimling;Gcg7A06ajt;629b11e0a541af3ef564dc49f13be9bc
pStrimling;Gcg7A06ajt;T
Rideaux;gHlIydfyVy;a5d6c22aed6a9f9c64ce7210a844a4a8
pRideaux;gHlIydfyVy;T
Brisbin;zIrBjGdFh5;a11267e2d58c905b0deb86df60eef66b
pBrisbin;zIrBjGdFh5;T
Sewester;VrHnPG0uID;0054554b8479d3264f6840b53edb4fbc
pSewester;VrHnPG0uID;T
Feaster;nO8MAJ2lss;92c19fb6b80e4e5e4facf76a486c69d2
pFeaster;nO8MAJ2lss;T
Eskin;GbPNn4OE5C;65d8990ccb3b6290813b7cee6dd90721
pEskin;GbPNn4OE5C;T
Schaupp;KHwsv24ZIn;74901a06cb5a5dd251ff46441739b5de
pSchaupp;KHwsv24ZIn;T
Moman;tQCa7cmoBJ;a87582087b3d60361d7c086fcbf1a345
pMoman;tQCa7cmoBJ;T
Julio;M1obRnWRBE;017c2540274eb89b240956cde7f073ad
pJulio;M1obRnWRBE;T
Hasse;8FKFFZUjzF;13ab47f111262f61101059220fd00e77
pHasse;8FKFFZUjzF;T
Fletcher;HGMkoXInWR;aed2efe2c7b20fe959fb8f8fef84eeb4
pFletcher;HGMkoXInWR;T
Gladding;wZvNEbJ7V6;55b36e565488d35cf1e6ae0c2f96ccd7
pGladding;wZvNEbJ7V6;T
Lambino;LWqBVlIo43;cb386f3c7a08e5d9b4999982d345dabb
pLambino;LWqBVlIo43;T
Pounder;UIRh2Vhi9u;be023b0e0a6ccaa7163294ca333d1e20
pPounder;UIRh2Vhi9u;T
Reando;4Ijhgld7yO;a8092ffeb032660ab4deae46fadb9879
pReando;4Ijhgld7yO;T
Wathen;mOnXkZDpGU;9b3697f590ee86eee3629790ab585a3b
pWathen;mOnXkZDpGU;T
Wackenhut;ffdKRcFmEr;8d2219ffe560e7a0a9680fa1af7ae9db
pWackenhut;ffdKRcFmEr;T
Hawksley;1NJXZfNEOK;7db072427d2153566d0da80ec24975e4
pHawksley;1NJXZfNEOK;T
Tilly;2FqtjEFzEy;5114e6a702b180814b881759e0bb78ac
pTilly;2FqtjEFzEy;T
Vuoso;UvUCBrePW6;92f2615c18e1cca7e893d56e5943503e
pVuoso;UvUCBrePW6;T
Ruhstorfer;HDH10DhDut;a3b1b64c607c2775016af2241d991773
pRuhstorfer;HDH10DhDut;T
Liza;v34BfND7SB;58463137aff49824699f3947dd0c7302
pLiza;v34BfND7SB;T
