Petry;43u2lP91Wx;5f710b60c5c450e975498f73004f305a
Gennie;ffygifmsD6;dea15ebc4fff9f3ac480e62ba0b1e141
Bisesi;pj6b3KZYR5;1a031ea558ce66a79f38665600b49e02
Snyder;P0xin9ugjM;e50a21cd423d98d35dfcf2259340e14d
Macabeo;BUopON9Hdt;080e6933c83f137984f2a586e5d15ab7
Trompeter;qso5ukrI4k;15ed2a63eda956ec5d7d5716dd8f3b86
Ericsson;NYBA8eLBAx;7096db0257b81ed11535ea10326e7707
Ludden;afpyK5JRTU;b855e87c8dfa4fbcea758933e2d0f85a
Harkins;zol979KtvK;23400358492d35d021b794f6ed1f41d3
Serafina;hE4vKDqXHe;922dc1a9caf9500f0ff99c5896b98b78
Weirick;KaI6J3MH13;2e9945b5936259676d55629e08b88731
Benda;DO2jxsOo42;5eea6f3ba6425a5e64a3a7990e812129
Marentis;0Az48u2DDA;e65b02d156d05fae435328b0cc16398a
Ganji;CcrrKgX3wo;352e6763ab1dd175e4842012066a1e61
Hofstadter;ZyCtWjgrKv;3a1d4d4b368cb31f7dd061f091f21327
Rosa;GrtYaVhfH7;071279eceedb1cb7dee1252f1c659002
Reiko;auUppW1mvu;206e63aa67cbfcc335d6454f3ade76ac
Telles;O0FAGgs7OZ;62f0a5c460b284c582b400375840844b
Odin;oOaTeqDQFu;1f8a57fd77caf0deef77dfbfcaebaf25
Heumann;hhsbnyECTF;5dd693a55085c249bc14f83b4af049ef
