Schnack;9QWWbKIuEM;965041944719dffc2f5b63018e327358;128;S
Schnack;9QWWbKIuEM;965041944719dffc2f5b63018e327358;128;P
Revell;8eznoDb9Yw;9eaa175f50f4c1244f376fc00ca6e96d;128;S
Revell;8eznoDb9Yw;9eaa175f50f4c1244f376fc00ca6e96d;128;P
Knerr;KcgK86GCW3;6e079371609f050a7c883c45aa99fbcf;128;S
Knerr;KcgK86GCW3;6e079371609f050a7c883c45aa99fbcf;128;P
Cooper;pSFZZwmiLD;d5fb7827456ea5e66f0f0eb2a40dbc83;128;S
Cooper;pSFZZwmiLD;d5fb7827456ea5e66f0f0eb2a40dbc83;128;P
Vilches;pLxpgFkOX1;8342c190c02878767e4e6f861386eab5;128;S
Vilches;pLxpgFkOX1;8342c190c02878767e4e6f861386eab5;128;P
Xue;yCKw5yquBj;23e52dc809c613c7320d9049d51d3904;128;S
Xue;yCKw5yquBj;23e52dc809c613c7320d9049d51d3904;128;P
Mervin;vqxWK2wSxk;bda9f70042c71773fb1822418a1ca4a6;128;S
Mervin;vqxWK2wSxk;bda9f70042c71773fb1822418a1ca4a6;128;P
Taubert;uaHiZBm9Nn;ecccdd59c0d1d26c9dc335b948f543a3;128;S
Taubert;uaHiZBm9Nn;ecccdd59c0d1d26c9dc335b948f543a3;128;P
Yorty;4f1LZoG5W0;f8900050af686ff432465445a1125ecc;128;S
Yorty;4f1LZoG5W0;f8900050af686ff432465445a1125ecc;128;P
Kahaleua;cLRlCYkBfw;f65d2274922a7fe38c2de9b33c0a10b8;128;S
Kahaleua;cLRlCYkBfw;f65d2274922a7fe38c2de9b33c0a10b8;128;P
Forwood;syJofQREMQ;f911c30d174f1f62eadf733f6551a5f0;128;S
Forwood;syJofQREMQ;f911c30d174f1f62eadf733f6551a5f0;128;P
Romney;FLrXFl5916;45fe203ae1053495542f2be59e3354fe;128;S
Romney;FLrXFl5916;45fe203ae1053495542f2be59e3354fe;128;P
Brazzle;nf6n3b1831;686df3c04ee215f9eb39906f37d9f7b5;128;S
Brazzle;nf6n3b1831;686df3c04ee215f9eb39906f37d9f7b5;128;P
Wollmer;25VeOPgqaA;4c6e6f5888efd4847cf3bd5e6b121542;128;S
Wollmer;25VeOPgqaA;4c6e6f5888efd4847cf3bd5e6b121542;128;P
Sovern;FhZcigbW8u;c20cace648625aedd040f2dad40a61ac;128;S
Sovern;FhZcigbW8u;c20cace648625aedd040f2dad40a61ac;128;P
Rainone;OeBdxEKQcM;3da0f2c68cee91924e03d5f0b9234671;128;S
Rainone;OeBdxEKQcM;3da0f2c68cee91924e03d5f0b9234671;128;P
Massoni;yPbUNAyCUm;c5937b729ccaf730d468d08ec54fa902;128;S
Massoni;yPbUNAyCUm;c5937b729ccaf730d468d08ec54fa902;128;P
Slawson;jRw5jOK0zY;2d0d0d91111cbeef70837df4abe959ef;128;S
Slawson;jRw5jOK0zY;2d0d0d91111cbeef70837df4abe959ef;128;P
Kapitula;FO9Zdz3qrn;d877af6d470cd4929e49633561bee2b9;128;S
Kapitula;FO9Zdz3qrn;d877af6d470cd4929e49633561bee2b9;128;P
Biglin;EfFAwXsk5D;0343f1b7a106d2d51ada96a23e194152;128;S
Biglin;EfFAwXsk5D;0343f1b7a106d2d51ada96a23e194152;128;P
Custis;ANEutDJ5Ez;1ddb6034d3c56c6772c8eae997518595;128;S
Custis;ANEutDJ5Ez;1ddb6034d3c56c6772c8eae997518595;128;P
Drew;A7m5peZF2v;70c7228b8829d37d1cb2ac71778acda3;128;S
Drew;A7m5peZF2v;70c7228b8829d37d1cb2ac71778acda3;128;P
Brandis;xnLcuqPxNG;131ec93835a783e2ee84e114a9955577;128;S
Brandis;xnLcuqPxNG;131ec93835a783e2ee84e114a9955577;128;P
Cayabyab;9brPbZ6scW;a558e834476b50d00c83866fff4db3d2;128;S
Cayabyab;9brPbZ6scW;a558e834476b50d00c83866fff4db3d2;128;P
Burba;nvJrcDJPUj;a981f0c1416b5e6debc979e64648f0b1;128;S
Burba;nvJrcDJPUj;a981f0c1416b5e6debc979e64648f0b1;128;P
Giesel;LOEdXkVJ8Z;5a77a8e7d50c72ec0fb2e8b8a19aeb1e;128;S
Giesel;LOEdXkVJ8Z;5a77a8e7d50c72ec0fb2e8b8a19aeb1e;128;P
Manicchio;qDMsz4vpCJ;dd130699185d82dc8526c904c7c2eac7;128;S
Manicchio;qDMsz4vpCJ;dd130699185d82dc8526c904c7c2eac7;128;P
Tufte;UgurdWdfcp;f1b50e5b5cc5c330788c27b6224f2679;128;S
Tufte;UgurdWdfcp;f1b50e5b5cc5c330788c27b6224f2679;128;P
Eschenbrenner;j0SeG3Mf4a;05db8e6f4d4f6a85e13bb7c014ad47df;128;S
Eschenbrenner;j0SeG3Mf4a;05db8e6f4d4f6a85e13bb7c014ad47df;128;P
Veach;OHUItahZyw;8aa895d37bee98ddf8075c4ca67a40bf;128;S
Veach;OHUItahZyw;8aa895d37bee98ddf8075c4ca67a40bf;128;P
Morency;gj0fAFmYzm;9d0f15b4048aaa4af997d8bba2cc7a55;129;S
Morency;gj0fAFmYzm;9d0f15b4048aaa4af997d8bba2cc7a55;129;P
Brando;BtOxgUhJcp;8fa6b2054857a82ec69277c03d447202;129;S
Brando;BtOxgUhJcp;8fa6b2054857a82ec69277c03d447202;129;P
Pepka;XkyZSBmAJF;8ea375c1acbe67ee92a57015bcd148b3;129;S
Pepka;XkyZSBmAJF;8ea375c1acbe67ee92a57015bcd148b3;129;P
Scheve;9gpONzKGGy;a8f5df3b9e5a66c72b4ad8578e4657f6;129;S
Scheve;9gpONzKGGy;a8f5df3b9e5a66c72b4ad8578e4657f6;129;P
Odens;791iEJl7Ad;d41490511402e2175cec38f4de2807d6;129;S
Odens;791iEJl7Ad;d41490511402e2175cec38f4de2807d6;129;P
Henkin;nvuOtVPP9u;0e8ab13d0982098f5b6c020642af8ec3;129;S
Henkin;nvuOtVPP9u;0e8ab13d0982098f5b6c020642af8ec3;129;P
Bussing;CBXsfHEqWQ;30ea61daedf52244b4c196ed310f7f8d;129;S
Bussing;CBXsfHEqWQ;30ea61daedf52244b4c196ed310f7f8d;129;P
Purswell;R9R6bWEqCz;10ae9a79b8a5a1e4fcb7eb8b6c65e9f0;129;S
Purswell;R9R6bWEqCz;10ae9a79b8a5a1e4fcb7eb8b6c65e9f0;129;P
Mccleery;Wq0bNhUWYc;bf11848d6551be94249caecc17a4ab69;129;S
Mccleery;Wq0bNhUWYc;bf11848d6551be94249caecc17a4ab69;129;P
Freeney;QAq69jRTuo;ad23b4de98fdf4ee22346e6e09b16b3e;129;S
Freeney;QAq69jRTuo;ad23b4de98fdf4ee22346e6e09b16b3e;129;P
Linzan;gFO1q8Vs4y;836fb166e2a0da4731ce7ffe0fcf37c6;129;S
Linzan;gFO1q8Vs4y;836fb166e2a0da4731ce7ffe0fcf37c6;129;P
Elvin;zsWHao4u3z;cd2a6dae3b8f089b08ae62ca25a9d786;129;S
Elvin;zsWHao4u3z;cd2a6dae3b8f089b08ae62ca25a9d786;129;P
Keppers;E0oWqjG7T6;c0fe2fe52415d6f6c4bc353166a3dfef;129;S
Keppers;E0oWqjG7T6;c0fe2fe52415d6f6c4bc353166a3dfef;129;P
Shumski;LfuY0z7Xw2;b7010417185616938ac49cd21df1eb73;129;S
Shumski;LfuY0z7Xw2;b7010417185616938ac49cd21df1eb73;129;P
Liscio;KfKh0RK8EU;ea7cfacecf9ef19af69a0f4c9e647bec;129;S
Liscio;KfKh0RK8EU;ea7cfacecf9ef19af69a0f4c9e647bec;129;P
Morning;sB3EFiuy2i;80fc7098c71395e192fc94a5ae788251;129;S
Morning;sB3EFiuy2i;80fc7098c71395e192fc94a5ae788251;129;P
Lieurance;VLJai209FL;58bd523d58ad295fe7eb2cb69a7efc2c;129;S
Lieurance;VLJai209FL;58bd523d58ad295fe7eb2cb69a7efc2c;129;P
Mckeown;ItYM1w86zv;8881e4b83ca46312b8ea97a7097dce3e;129;S
Mckeown;ItYM1w86zv;8881e4b83ca46312b8ea97a7097dce3e;129;P
Goswami;tCi1ZdgdPI;ae89f6ed892371d922125d753f9ab8c3;129;S
Goswami;tCi1ZdgdPI;ae89f6ed892371d922125d753f9ab8c3;129;P
Streib;G8QKOw3yzG;59286f52b53a1557ef407a7b76fd36a1;129;S
Streib;G8QKOw3yzG;59286f52b53a1557ef407a7b76fd36a1;129;P
Stemmerman;BugdhfLVOx;599772120e15b3d6df9e1700d45dbdad;129;S
Stemmerman;BugdhfLVOx;599772120e15b3d6df9e1700d45dbdad;129;P
Soenksen;58p5G7nMrx;134af90dbd9e34d8ba63f78cb8029832;129;S
Soenksen;58p5G7nMrx;134af90dbd9e34d8ba63f78cb8029832;129;P
Kopelman;H6sJ8VJnak;88a153cc1fec3d78af91673007687131;129;S
Kopelman;H6sJ8VJnak;88a153cc1fec3d78af91673007687131;129;P
Garden;rK46EDciVO;54c38ea344781e8b3f722e8ad4f93c33;129;S
Garden;rK46EDciVO;54c38ea344781e8b3f722e8ad4f93c33;129;P
Wrightington;uzpLkibW8T;6571b21df729d198d663c4b435cea246;129;S
Wrightington;uzpLkibW8T;6571b21df729d198d663c4b435cea246;129;P
Wooters;06ImtkzosA;9e38b8a96d40f56fe8bcd4859f5b45ba;129;S
Wooters;06ImtkzosA;9e38b8a96d40f56fe8bcd4859f5b45ba;129;P
Busche;Xof3tc99CX;3e7babe93be36454e4143db0288589cf;129;S
Busche;Xof3tc99CX;3e7babe93be36454e4143db0288589cf;129;P
Rhim;4Ka2HKz5tr;c979e836bb9438999ebb4969263ba4d2;129;S
Rhim;4Ka2HKz5tr;c979e836bb9438999ebb4969263ba4d2;129;P
Schoell;pE20JyLMAE;d9ab4462821be5f01be155f2e74be129;129;S
Schoell;pE20JyLMAE;d9ab4462821be5f01be155f2e74be129;129;P
Kirker;cKhjZWVIBi;eb426aa08865fe944beef24be000de4a;129;S
Kirker;cKhjZWVIBi;eb426aa08865fe944beef24be000de4a;129;P
Nyland;f9aPpWwzLu;69faa467f97065f9a2d8dbf4cf9731f7;130;S
Nyland;f9aPpWwzLu;69faa467f97065f9a2d8dbf4cf9731f7;130;P
Velo;e6SQJjUKWg;54cd664931366a5fadbfe9a11d6a31a3;130;S
Velo;e6SQJjUKWg;54cd664931366a5fadbfe9a11d6a31a3;130;P
Fredrick;ubcZCfc2HF;d1e9b522e19a1db961a6933904fa8fef;130;S
Fredrick;ubcZCfc2HF;d1e9b522e19a1db961a6933904fa8fef;130;P
Sayaphon;9GLEEU1m04;cf30e30601ab037784f455b6cd8f250b;130;S
Sayaphon;9GLEEU1m04;cf30e30601ab037784f455b6cd8f250b;130;P
Peyton;ALT4oZxOCN;0a91ca2c54e61e9fc2476e8dace448d5;130;S
Peyton;ALT4oZxOCN;0a91ca2c54e61e9fc2476e8dace448d5;130;P
Mceuen;TKvZIfiZ7o;7978b3bf848e4bab3af879f6193dd075;130;S
Mceuen;TKvZIfiZ7o;7978b3bf848e4bab3af879f6193dd075;130;P
Walinski;R4cJ3MOBtM;d571262ff032cbed3109f85b4f452712;130;S
Walinski;R4cJ3MOBtM;d571262ff032cbed3109f85b4f452712;130;P
Gugler;O0wA3FrnZJ;a61445d19f3bf506e4fa81fe044c20df;130;S
Gugler;O0wA3FrnZJ;a61445d19f3bf506e4fa81fe044c20df;130;P
Lanois;msGj0u5C92;320433308c1810ef40fede792b632456;130;S
Lanois;msGj0u5C92;320433308c1810ef40fede792b632456;130;P
Serrata;fEi7JGa5qF;fe3221a8de8098baaf73c3d5da47f988;130;S
Serrata;fEi7JGa5qF;fe3221a8de8098baaf73c3d5da47f988;130;P
Tonnar;k0gEoYUPCw;9b15a795a228110cb929a690d8ad9b4b;130;S
Tonnar;k0gEoYUPCw;9b15a795a228110cb929a690d8ad9b4b;130;P
Deritis;ZrNz8TRib0;25e2e7de14e3fc92d77030178b721fb3;130;S
Deritis;ZrNz8TRib0;25e2e7de14e3fc92d77030178b721fb3;130;P
Guttman;REQAXHehWT;da5182f52f69f3a2564e7c7a0a0848eb;130;S
Guttman;REQAXHehWT;da5182f52f69f3a2564e7c7a0a0848eb;130;P
Emrick;7H1Ev908gW;f7373048f87d4612c5601253c8fea415;130;S
Emrick;7H1Ev908gW;f7373048f87d4612c5601253c8fea415;130;P
Mcbrien;Xqm23hEQe5;0c1e39c469c37e48578d9d6cbb976dcb;130;S
Mcbrien;Xqm23hEQe5;0c1e39c469c37e48578d9d6cbb976dcb;130;P
Clausing;bBD3NKF4wz;82b7ae899380fafe6f6f395f40e051a3;130;S
Clausing;bBD3NKF4wz;82b7ae899380fafe6f6f395f40e051a3;130;P
Rennick;MLhryPnYea;dec896c5f7eceb5a478a86cce5d7f824;130;S
Rennick;MLhryPnYea;dec896c5f7eceb5a478a86cce5d7f824;130;P
Zdon;Pf0JWG0zED;05b74cf920d05b9b5b6ffc7762c87227;130;S
Zdon;Pf0JWG0zED;05b74cf920d05b9b5b6ffc7762c87227;130;P
Lacer;Wh8FZnWq7g;3edbb099baebbe6e389aec4fdf0ee36d;130;S
Lacer;Wh8FZnWq7g;3edbb099baebbe6e389aec4fdf0ee36d;130;P
Briones;lD3EdQRhnW;4a82143e5b846e393ab624b36388ab7b;130;S
Briones;lD3EdQRhnW;4a82143e5b846e393ab624b36388ab7b;130;P
Koers;juf2Qlv4k7;d761e1a256f82d01e61f95201fae1a70;130;S
Koers;juf2Qlv4k7;d761e1a256f82d01e61f95201fae1a70;130;P
Hatley;Q9TTFnjw7I;77fe2d70122563ed170b912273bae000;130;S
Hatley;Q9TTFnjw7I;77fe2d70122563ed170b912273bae000;130;P
Herren;8qDCZQYemm;f7c01960ec1f62588a7eef97ba6701cc;130;S
Herren;8qDCZQYemm;f7c01960ec1f62588a7eef97ba6701cc;130;P
Ami;ttTqM6NFWs;f903b96a979ea6b1ba42dc0f84633402;130;S
Ami;ttTqM6NFWs;f903b96a979ea6b1ba42dc0f84633402;130;P
Ordiway;JtOWH5I0bd;c99588ea21ef5938a6ed8040492681ee;130;S
Ordiway;JtOWH5I0bd;c99588ea21ef5938a6ed8040492681ee;130;P
Gras;ESw7Ksi0Qw;a314b16e53bfc20b39c865bcfc25008b;130;S
Gras;ESw7Ksi0Qw;a314b16e53bfc20b39c865bcfc25008b;130;P
Naveed;4I8qFqUGiY;28c7084223386178b3046942f0524f17;130;S
Naveed;4I8qFqUGiY;28c7084223386178b3046942f0524f17;130;P
Hammar;Vzv13BAULQ;ce04c614cc3ce8b9d172177a5e8d9b63;130;S
Hammar;Vzv13BAULQ;ce04c614cc3ce8b9d172177a5e8d9b63;130;P
Bushweller;YIMWWVxfcl;5c81236d6ed4957e2d8eef17c8bd5412;130;S
Bushweller;YIMWWVxfcl;5c81236d6ed4957e2d8eef17c8bd5412;130;P
Manuele;pACk8Ro2Fj;771cec43ffcdefd78e3c86c5ee258f13;130;S
Manuele;pACk8Ro2Fj;771cec43ffcdefd78e3c86c5ee258f13;130;P
Fausto;N8y9rQCE9Z;9aeea3f6f3c9164c570f3232a6048d7e;131;S
Fausto;N8y9rQCE9Z;9aeea3f6f3c9164c570f3232a6048d7e;131;P
Tippey;HCGFGz8ZAX;dba86d213c16346a52384c2ba0a7b63c;131;S
Tippey;HCGFGz8ZAX;dba86d213c16346a52384c2ba0a7b63c;131;P
Stehle;YifgqLMnR5;1585cda9b418c9d27f14cb918e56c45c;131;S
Stehle;YifgqLMnR5;1585cda9b418c9d27f14cb918e56c45c;131;P
Guilbault;RCFOCQs8xA;f772c5df1f25291f02a1e993db41716f;131;S
Guilbault;RCFOCQs8xA;f772c5df1f25291f02a1e993db41716f;131;P
Tambra;WU6cStWxfe;2be80e038bbdadc6c78e895cb317fc79;131;S
Tambra;WU6cStWxfe;2be80e038bbdadc6c78e895cb317fc79;131;P
Jeanclaude;zZwx11zHPo;e354070254a5da25fb6d82fb59891993;131;S
Jeanclaude;zZwx11zHPo;e354070254a5da25fb6d82fb59891993;131;P
Koerber;KvBj6I6M0L;150b80d49045f820911889dbb51f2f30;131;S
Koerber;KvBj6I6M0L;150b80d49045f820911889dbb51f2f30;131;P
Magers;Q9cp31ktBK;5c6d01ca1b9333308bb00cfbdb4f81d5;131;S
Magers;Q9cp31ktBK;5c6d01ca1b9333308bb00cfbdb4f81d5;131;P
Perotti;vokxaSdVLP;6c651922c10b10eb456e33d4430ac1d6;131;S
Perotti;vokxaSdVLP;6c651922c10b10eb456e33d4430ac1d6;131;P
Maresca;zqjo0uQLdS;cb47ceaf8da255b9704759226f3d4d22;131;S
Maresca;zqjo0uQLdS;cb47ceaf8da255b9704759226f3d4d22;131;P
Revelli;P2tN46KEuc;c097729652190279ea252edbc4cf0f9a;131;S
Revelli;P2tN46KEuc;c097729652190279ea252edbc4cf0f9a;131;P
Stiehm;fN5B4NGPHc;c2652d534078737945035640f4dce4ce;131;S
Stiehm;fN5B4NGPHc;c2652d534078737945035640f4dce4ce;131;P
Sarnicola;eLy4JlqKEF;2e3b000285079556662b52197f4fc8d0;131;S
Sarnicola;eLy4JlqKEF;2e3b000285079556662b52197f4fc8d0;131;P
Christi;Lp2YulDDHn;88e1a5f1a34ef350d501f030576f8329;131;S
Christi;Lp2YulDDHn;88e1a5f1a34ef350d501f030576f8329;131;P
Jankauskas;P4qjW86o0s;0e18e11194ac7d630f422f06a5e0231f;131;S
Jankauskas;P4qjW86o0s;0e18e11194ac7d630f422f06a5e0231f;131;P
Pippens;ZY9ypUB0qk;dfb58edf7a2604f726ffe4054ff850e6;131;S
Pippens;ZY9ypUB0qk;dfb58edf7a2604f726ffe4054ff850e6;131;P
Shenker;XzlyJltk04;b5c839c39b0e2673ff01fa7a25a042c3;131;S
Shenker;XzlyJltk04;b5c839c39b0e2673ff01fa7a25a042c3;131;P
Coppage;3Z1r6Dxid1;898400c9abd8244db9aad4b456b99bb8;131;S
Coppage;3Z1r6Dxid1;898400c9abd8244db9aad4b456b99bb8;131;P
Whitenack;GqmdQhd6ib;7d81e3da4eac2359bb6e793cf7d6c821;131;S
Whitenack;GqmdQhd6ib;7d81e3da4eac2359bb6e793cf7d6c821;131;P
Schou;uRAQiHH1X3;4f7633b9a05fc44c98d09c675add7fad;131;S
Schou;uRAQiHH1X3;4f7633b9a05fc44c98d09c675add7fad;131;P
Strysko;hz5NRBcV7Q;834f54a1c8715f1a9b7b884432f3ecfb;131;S
Strysko;hz5NRBcV7Q;834f54a1c8715f1a9b7b884432f3ecfb;131;P
Guinyard;mxrPFZrbt2;89dc0799b59a6461906765eb7e59d3ff;131;S
Guinyard;mxrPFZrbt2;89dc0799b59a6461906765eb7e59d3ff;131;P
Geneseo;HGNlUYyw3N;4e888ec0188b9851b871802f82eaa0d7;131;S
Geneseo;HGNlUYyw3N;4e888ec0188b9851b871802f82eaa0d7;131;P
Langgood;AuBnzoY4GF;f66b26cb34895c8cd5d74c4b5cc81b90;131;S
Langgood;AuBnzoY4GF;f66b26cb34895c8cd5d74c4b5cc81b90;131;P
Wheler;9JEDOfkO87;43d6b53ad870f42218ee9cdfb859b4fb;131;S
Wheler;9JEDOfkO87;43d6b53ad870f42218ee9cdfb859b4fb;131;P
Peteet;QyyLiuME9l;afd6f01170e7eff169da2bf9d6ed4ae8;131;S
Peteet;QyyLiuME9l;afd6f01170e7eff169da2bf9d6ed4ae8;131;P
Kujat;VUuk0rWNR7;a2f6b9f38ec7d418fc78b28484a27c81;131;S
Kujat;VUuk0rWNR7;a2f6b9f38ec7d418fc78b28484a27c81;131;P
Radunz;CDK4NvVPu6;ed0820a9908bd238175264e002e80470;131;S
Radunz;CDK4NvVPu6;ed0820a9908bd238175264e002e80470;131;P
Grinner;VbnnzyshAZ;d48dba7b6bbc9b1aabf9d3489c186ed4;131;S
Grinner;VbnnzyshAZ;d48dba7b6bbc9b1aabf9d3489c186ed4;131;P
Colker;mgGqIbH8Y0;72c895a6863732d51c3db154857c5d90;131;S
Colker;mgGqIbH8Y0;72c895a6863732d51c3db154857c5d90;131;P
Mathiasen;PFqaaLiZpW;ca57398849575d42d4ea57cabcadebb9;132;S
Mathiasen;PFqaaLiZpW;ca57398849575d42d4ea57cabcadebb9;132;P
Petronzio;Bjh8ugpGXF;549d9cfbe8a3ed6e790fc6d0ecf23493;132;S
Petronzio;Bjh8ugpGXF;549d9cfbe8a3ed6e790fc6d0ecf23493;132;P
Redle;vs1LARv9Zm;0f662047e857b680f1b10ff26ed1d5d8;132;S
Redle;vs1LARv9Zm;0f662047e857b680f1b10ff26ed1d5d8;132;P
Fioretti;AWkt3hFQtF;85862d05f4e0d0905d98fa5da27c6a82;132;S
Fioretti;AWkt3hFQtF;85862d05f4e0d0905d98fa5da27c6a82;132;P
Bukowski;gQc7KMyeoO;429f0bb76bacb4c201dc750a76bf850a;132;S
Bukowski;gQc7KMyeoO;429f0bb76bacb4c201dc750a76bf850a;132;P
Rossana;cXcTVLuKHl;85441ebdb5d4a13e2fe6b3a092eb3138;132;S
Rossana;cXcTVLuKHl;85441ebdb5d4a13e2fe6b3a092eb3138;132;P
Dankmeyer;zrsHFuLHFK;51463134238b4354361af6778bf35594;132;S
Dankmeyer;zrsHFuLHFK;51463134238b4354361af6778bf35594;132;P
Constance;vBbN2wgtJA;85b5af46cdbfe697313bd7600d78b166;132;S
Constance;vBbN2wgtJA;85b5af46cdbfe697313bd7600d78b166;132;P
Krommes;tgcEWUSzr3;7ac86c997345fdfe7e6c30d465fe5650;132;S
Krommes;tgcEWUSzr3;7ac86c997345fdfe7e6c30d465fe5650;132;P
Grybel;UDpdJN0YSL;aff9f749dc902577f7f6eb44618e7779;132;S
Grybel;UDpdJN0YSL;aff9f749dc902577f7f6eb44618e7779;132;P
Rushworth;YjzrfqDG5S;114508102a2ff87ca54d9e469991eb1b;132;S
Rushworth;YjzrfqDG5S;114508102a2ff87ca54d9e469991eb1b;132;P
Dyas;K25K2LqaRe;f3a72e0913a12ec67d2a65eaa898efc6;132;S
Dyas;K25K2LqaRe;f3a72e0913a12ec67d2a65eaa898efc6;132;P
Daiz;z6AFBR0y5t;7f9ca371c174319bd93547dc4424dfac;132;S
Daiz;z6AFBR0y5t;7f9ca371c174319bd93547dc4424dfac;132;P
Buday;oYcp2nl1o5;440067cefa1c9123a4768264af370ec6;132;S
Buday;oYcp2nl1o5;440067cefa1c9123a4768264af370ec6;132;P
Schussler;Vox42e7YZN;3ca00a0c924aaef9cd902b10b5d792e5;132;S
Schussler;Vox42e7YZN;3ca00a0c924aaef9cd902b10b5d792e5;132;P
Fland;PqphpQItjL;efe15555f2542e1baf5953ba8f9d3729;132;S
Fland;PqphpQItjL;efe15555f2542e1baf5953ba8f9d3729;132;P
Zagel;crB51Ek4tp;154e63c7071809a5d5a882833f334215;132;S
Zagel;crB51Ek4tp;154e63c7071809a5d5a882833f334215;132;P
Marcaida;uyJ2tIRsKy;cb0e81b159e0d2d8d471275ae83436ae;132;S
Marcaida;uyJ2tIRsKy;cb0e81b159e0d2d8d471275ae83436ae;132;P
Cromey;ZD4Ue4UwH9;384809d1b12f05ee083e34c79fb81000;132;S
Cromey;ZD4Ue4UwH9;384809d1b12f05ee083e34c79fb81000;132;P
Brosch;F53sn0zCmC;4293d4435a4f4bfc45f5199486723a3e;132;S
Brosch;F53sn0zCmC;4293d4435a4f4bfc45f5199486723a3e;132;P
Liftin;NLM78qNitW;e0cdd11537ea7f28be05b6ff80d4e10d;132;S
Liftin;NLM78qNitW;e0cdd11537ea7f28be05b6ff80d4e10d;132;P
Royals;ULq4NJdxS5;c198311d7a5302dedb1e17d76a392204;132;S
Royals;ULq4NJdxS5;c198311d7a5302dedb1e17d76a392204;132;P
Branscomb;FJFXQXLV3n;56693146cadf11e16e5ad400194f560c;132;S
Branscomb;FJFXQXLV3n;56693146cadf11e16e5ad400194f560c;132;P
Devis;RTfstgoB7c;9d369d59b5b181fe94caad3ca4c5a973;132;S
Devis;RTfstgoB7c;9d369d59b5b181fe94caad3ca4c5a973;132;P
Turrill;EosWDMCyf0;ec183fe420fca2b31c3f0a2ed9fab5c4;132;S
Turrill;EosWDMCyf0;ec183fe420fca2b31c3f0a2ed9fab5c4;132;P
Stiff;uCiXFs78Uv;5d866e2646ffe7d9c8851a1564759544;132;S
Stiff;uCiXFs78Uv;5d866e2646ffe7d9c8851a1564759544;132;P
Petitto;iSt8fqf2IP;328d07c438420826476f720ecccbfe9f;132;S
Petitto;iSt8fqf2IP;328d07c438420826476f720ecccbfe9f;132;P
Pauldo;F14erzUEnC;48d0d2dd8da464f04f80691611204324;132;S
Pauldo;F14erzUEnC;48d0d2dd8da464f04f80691611204324;132;P
Lippi;VsKuGWnjmK;9290b8065f70ac9740969fe91f1303fb;132;S
Lippi;VsKuGWnjmK;9290b8065f70ac9740969fe91f1303fb;132;P
Moody;yVkaZJNCEv;11f6863fe15ff6cdc735029c72986a0e;132;S
Moody;yVkaZJNCEv;11f6863fe15ff6cdc735029c72986a0e;132;P
Szalai;SXSkI3M5ws;cc6b029bd8d9479019586d30cfd698a5;133;S
Szalai;SXSkI3M5ws;cc6b029bd8d9479019586d30cfd698a5;133;P
Rieken;hKqRZcLehM;41d4ea793dfee11c8ba36c7423771ff0;133;S
Rieken;hKqRZcLehM;41d4ea793dfee11c8ba36c7423771ff0;133;P
Emayo;q26sz684jH;9cbc36ef53838b3746ff1e372ca48ca4;133;S
Emayo;q26sz684jH;9cbc36ef53838b3746ff1e372ca48ca4;133;P
Pansini;InQxSRq6fX;ab7ff43d30a46fa60cf2fdf8b295bcb4;133;S
Pansini;InQxSRq6fX;ab7ff43d30a46fa60cf2fdf8b295bcb4;133;P
Rhody;5vEULKKJzA;de399fdf66aa5a30c7d76e99a1d251dc;133;S
Rhody;5vEULKKJzA;de399fdf66aa5a30c7d76e99a1d251dc;133;P
Rafuse;St49bxiYRg;2cf49dc995eb3dbc560abd943bd053fa;133;S
Rafuse;St49bxiYRg;2cf49dc995eb3dbc560abd943bd053fa;133;P
Digennaro;WBTOyEXO0Z;92b758d2bb4ac1a2332eb0c2d2c847d5;133;S
Digennaro;WBTOyEXO0Z;92b758d2bb4ac1a2332eb0c2d2c847d5;133;P
Tobacco;xvBV0bOJ3X;ec95b6c84fd8b45b4e5d3c74ca6e5128;133;S
Tobacco;xvBV0bOJ3X;ec95b6c84fd8b45b4e5d3c74ca6e5128;133;P
Heriberto;u5dRZAsaQH;9c3aef8f5d6084f1357c2e722bd17e38;133;S
Heriberto;u5dRZAsaQH;9c3aef8f5d6084f1357c2e722bd17e38;133;P
Dison;HqPNsqYW8D;cd61a0c404f3f0e917d3c9e9d7f8b51c;133;S
Dison;HqPNsqYW8D;cd61a0c404f3f0e917d3c9e9d7f8b51c;133;P
Feighan;DgESWRcxhe;5d61ea0b2aed7fe37dfb7fe641753d29;133;S
Feighan;DgESWRcxhe;5d61ea0b2aed7fe37dfb7fe641753d29;133;P
Slim;7YoXHZbMrj;b7d3845240274863770febabd3046f9d;133;S
Slim;7YoXHZbMrj;b7d3845240274863770febabd3046f9d;133;P
Crutchev;eAY7HWk0Ch;8925c51f413406cfccdbb0d3e9fb70ce;133;S
Crutchev;eAY7HWk0Ch;8925c51f413406cfccdbb0d3e9fb70ce;133;P
Taback;1adLpW0lSL;9e4b284dce37cdaa3dbb3e14c2631b3d;133;S
Taback;1adLpW0lSL;9e4b284dce37cdaa3dbb3e14c2631b3d;133;P
Fransisco;jDM2yWBxZL;947939649c6ec9d6911729437a83be1f;133;S
Fransisco;jDM2yWBxZL;947939649c6ec9d6911729437a83be1f;133;P
Code;AtfTEupdWF;51b7256c98f75d2ac9eab52e5639eb85;133;S
Code;AtfTEupdWF;51b7256c98f75d2ac9eab52e5639eb85;133;P
Diggs;tWVB8Zj1RT;942a57f87e8de0de5a9363627a75566a;133;S
Diggs;tWVB8Zj1RT;942a57f87e8de0de5a9363627a75566a;133;P
Gallucci;PUrDuMFpfR;1858fca9324b1f310822e9a0f479e95b;133;S
Gallucci;PUrDuMFpfR;1858fca9324b1f310822e9a0f479e95b;133;P
Macchia;ylhcjIIsVn;42348b2f872f398fb5c28ca991a9e4c3;133;S
Macchia;ylhcjIIsVn;42348b2f872f398fb5c28ca991a9e4c3;133;P
Sojo;L9aTxDMWpE;243759ab8a8f59101e2bce98571af0c0;133;S
Sojo;L9aTxDMWpE;243759ab8a8f59101e2bce98571af0c0;133;P
Brauner;GRcrcjS4JK;7ac514857036fbb383be6fdb5097b75e;133;S
Brauner;GRcrcjS4JK;7ac514857036fbb383be6fdb5097b75e;133;P
Bowl;iqkZNtcEyO;c85f5df240d6959d4c58fcb50d92b382;133;S
Bowl;iqkZNtcEyO;c85f5df240d6959d4c58fcb50d92b382;133;P
Brisbin;h6MlXzr44m;3df581000e52e0214446121220879131;133;S
Brisbin;h6MlXzr44m;3df581000e52e0214446121220879131;133;P
Bria;EwbnSqnM4Z;7500d6fd1e0d57ddbfe7c75d2c2005e3;133;S
Bria;EwbnSqnM4Z;7500d6fd1e0d57ddbfe7c75d2c2005e3;133;P
Vollmar;QQENys0jRJ;23c957fbb96244a538bb19b45cd51797;133;S
Vollmar;QQENys0jRJ;23c957fbb96244a538bb19b45cd51797;133;P
Shalhoub;rePsHPifWK;73bb14013039734f20c8b792be3b07ab;133;S
Shalhoub;rePsHPifWK;73bb14013039734f20c8b792be3b07ab;133;P
Grieff;P0h7I9qbHc;aa45dc4476aea5de78fed212f0b0847a;133;S
Grieff;P0h7I9qbHc;aa45dc4476aea5de78fed212f0b0847a;133;P
Clavin;IGzStL5B9m;a8b2b290b68efe26e40142e05e7b7019;133;S
Clavin;IGzStL5B9m;a8b2b290b68efe26e40142e05e7b7019;133;P
Pynes;T3Qxi9gSQW;76003240f74cf6aff815ae0addcfde57;133;S
Pynes;T3Qxi9gSQW;76003240f74cf6aff815ae0addcfde57;133;P
Sisler;Spaj3ang1g;6df5f6024743328b2e2210230daf5e2e;133;S
Sisler;Spaj3ang1g;6df5f6024743328b2e2210230daf5e2e;133;P
Bethurum;UFdwM4d1H6;4760e8753ad5361a5aca6c5442b7c793;134;S
Bethurum;UFdwM4d1H6;4760e8753ad5361a5aca6c5442b7c793;134;P
Snobeck;t2AWlOsg9n;023b4e15204cc035bdaebbcd0f671eb5;134;S
Snobeck;t2AWlOsg9n;023b4e15204cc035bdaebbcd0f671eb5;134;P
Garfield;Of228H9Fs6;9d15f2cdb4ffb5fd58ed8402cbe6fc6b;134;S
Garfield;Of228H9Fs6;9d15f2cdb4ffb5fd58ed8402cbe6fc6b;134;P
Ghiringhelli;cLZbVbLx3j;34c9f27879643bb4dfdd7ebc0791704d;134;S
Ghiringhelli;cLZbVbLx3j;34c9f27879643bb4dfdd7ebc0791704d;134;P
Toscano;eCJslgGcsV;a3d870df7a02b89f6c3e98f6b340f169;134;S
Toscano;eCJslgGcsV;a3d870df7a02b89f6c3e98f6b340f169;134;P
Tress;LJcBg7nciO;e16f07dd87d1f248e457ebe0ebfbd56c;134;S
Tress;LJcBg7nciO;e16f07dd87d1f248e457ebe0ebfbd56c;134;P
Sciabica;a1fatnkgBy;f8e3db1efd4ef7ab0a859106834d36f1;134;S
Sciabica;a1fatnkgBy;f8e3db1efd4ef7ab0a859106834d36f1;134;P
Shedd;A7ORD9HPgo;c72296c9e16bc794c8fe0fcf92b39e3a;134;S
Shedd;A7ORD9HPgo;c72296c9e16bc794c8fe0fcf92b39e3a;134;P
Pruess;XOftdCYASR;cc1006378bce0af12e297281912f9fe8;134;S
Pruess;XOftdCYASR;cc1006378bce0af12e297281912f9fe8;134;P
Laird;CEfiCXbeu7;737a1ee6802a6c4c2612a12d8220db02;134;S
Laird;CEfiCXbeu7;737a1ee6802a6c4c2612a12d8220db02;134;P
Hamway;5T9ZigDJLR;9e3d2cb831fc458976daf578cfc42cc6;134;S
Hamway;5T9ZigDJLR;9e3d2cb831fc458976daf578cfc42cc6;134;P
Breeman;SuviLMwivA;75238b1d075113753882ab61e57c4cb6;134;S
Breeman;SuviLMwivA;75238b1d075113753882ab61e57c4cb6;134;P
Smialek;VZovooeG1z;1382f181f8d3e706e48e1eaf6107c27b;134;S
Smialek;VZovooeG1z;1382f181f8d3e706e48e1eaf6107c27b;134;P
Rysavy;CJAyYuoU9O;ca5b54a20f6255bad5b45a57f061b48c;134;S
Rysavy;CJAyYuoU9O;ca5b54a20f6255bad5b45a57f061b48c;134;P
Buckles;fZP1THXvnu;75296868804548197b0cf344c94a94a9;134;S
Buckles;fZP1THXvnu;75296868804548197b0cf344c94a94a9;134;P
Mccallough;0q9IhhTqxR;bc20f2fbdc7077c9f4042753332bfc87;134;S
Mccallough;0q9IhhTqxR;bc20f2fbdc7077c9f4042753332bfc87;134;P
Jackson;84qCIFj5Ue;6dcdb988890cd15defc544c6220d3dab;134;S
Jackson;84qCIFj5Ue;6dcdb988890cd15defc544c6220d3dab;134;P
Gutzmer;7cA7xofB2A;abe88d89637ed7d04c2788004f41a0d7;134;S
Gutzmer;7cA7xofB2A;abe88d89637ed7d04c2788004f41a0d7;134;P
Sulloway;kKkO17pex4;82c8c6c2ea160117cf05ba8f8dcc7787;134;S
Sulloway;kKkO17pex4;82c8c6c2ea160117cf05ba8f8dcc7787;134;P
Willibrand;PHtosmmhcm;6743dc16d3b5ad08ef723897153d59a4;134;S
Willibrand;PHtosmmhcm;6743dc16d3b5ad08ef723897153d59a4;134;P
Celia;guaW7sMgQ7;6022757c9a73860a9ab99f3a1d9c085a;134;S
Celia;guaW7sMgQ7;6022757c9a73860a9ab99f3a1d9c085a;134;P
Bromwell;JdkAkvc66n;112bed4093f679669327f134c0fdf9a4;134;S
Bromwell;JdkAkvc66n;112bed4093f679669327f134c0fdf9a4;134;P
Szwed;AADPBg4Mo1;f1977082ddbe6227d7df0fcf1e4990d1;134;S
Szwed;AADPBg4Mo1;f1977082ddbe6227d7df0fcf1e4990d1;134;P
Prewitt;PfD2KFFnjo;e7a34c1ae0bb71e34041818ef7543995;134;S
Prewitt;PfD2KFFnjo;e7a34c1ae0bb71e34041818ef7543995;134;P
Vanderbie;jK5jTkJEAr;0d8dbbbb5efe691ef9a518eb37161464;134;S
Vanderbie;jK5jTkJEAr;0d8dbbbb5efe691ef9a518eb37161464;134;P
Fonnesbeck;XxpvTgDElU;c7e328241ad939da3a9a766d8395c88c;134;S
Fonnesbeck;XxpvTgDElU;c7e328241ad939da3a9a766d8395c88c;134;P
Kubilus;JTzyAtKS0H;43bacfc702d99a3c05198b86dfd54d98;134;S
Kubilus;JTzyAtKS0H;43bacfc702d99a3c05198b86dfd54d98;134;P
Lannon;diBMkrBQMR;746b62dd49708c610f0d5c8d0c91cac2;134;S
Lannon;diBMkrBQMR;746b62dd49708c610f0d5c8d0c91cac2;134;P
Gaseoma;FY6hBehXCT;be5d8825e3a73a79cb203de4e72870de;134;S
Gaseoma;FY6hBehXCT;be5d8825e3a73a79cb203de4e72870de;134;P
Zorens;pR8xSdisJy;bcd674968508b5f960402480f6b0fe46;134;S
Zorens;pR8xSdisJy;bcd674968508b5f960402480f6b0fe46;134;P
Hile;DVOZm798nh;94d2681a0b7356c1d0d6f7e9e7caf925;135;S
Hile;DVOZm798nh;94d2681a0b7356c1d0d6f7e9e7caf925;135;P
Harrey;M0BPSqyWL2;3fb201747887ee8bb6e05affdde0a731;135;S
Harrey;M0BPSqyWL2;3fb201747887ee8bb6e05affdde0a731;135;P
Hilla;FyDesK56mQ;b9a0921bc5f1ec51dc99bc5364b25240;135;S
Hilla;FyDesK56mQ;b9a0921bc5f1ec51dc99bc5364b25240;135;P
Demont;RdaIPJowf9;6c7ddca3cd0b261cfa1ee231bf0f9a16;135;S
Demont;RdaIPJowf9;6c7ddca3cd0b261cfa1ee231bf0f9a16;135;P
Binstock;5ofaXTaTwp;49c3e03541bcc2fdea1b05c120393234;135;S
Binstock;5ofaXTaTwp;49c3e03541bcc2fdea1b05c120393234;135;P
Rowsell;NAfd9JQjb0;a3f3745b594a875eb15252c6b3694216;135;S
Rowsell;NAfd9JQjb0;a3f3745b594a875eb15252c6b3694216;135;P
Brynestad;lcXb3M9ALO;811511adc3859055504d6de251db5a78;135;S
Brynestad;lcXb3M9ALO;811511adc3859055504d6de251db5a78;135;P
Hannem;T9lea2b48x;2bdf0b0c7597a921233d9488a48a4004;135;S
Hannem;T9lea2b48x;2bdf0b0c7597a921233d9488a48a4004;135;P
Debera;taJbRWNifm;c63c6866b71feebca9eba23de064edfc;135;S
Debera;taJbRWNifm;c63c6866b71feebca9eba23de064edfc;135;P
Brodt;WORA9iIPBv;ef49d6539dcb1778aebe5c7353bd4571;135;S
Brodt;WORA9iIPBv;ef49d6539dcb1778aebe5c7353bd4571;135;P
Sargis;D786swOcb2;fe7d086f963dee817bd0b6472e862455;135;S
Sargis;D786swOcb2;fe7d086f963dee817bd0b6472e862455;135;P
Ruedas;iwUk1hrjj3;293089ba5c23a42a18ca7bf271f1f0a9;135;S
Ruedas;iwUk1hrjj3;293089ba5c23a42a18ca7bf271f1f0a9;135;P
Emanus;F5qL2lSYlF;5ce7c81a527b14e6e25f73d396dd424d;135;S
Emanus;F5qL2lSYlF;5ce7c81a527b14e6e25f73d396dd424d;135;P
Broeckel;FTexiyI8qR;c60019d5e68808eb068fcbf3d6687851;135;S
Broeckel;FTexiyI8qR;c60019d5e68808eb068fcbf3d6687851;135;P
Moehlman;ptEkL52Und;dc48a7944a7fa5a3eefd50073faa140b;135;S
Moehlman;ptEkL52Und;dc48a7944a7fa5a3eefd50073faa140b;135;P
Hortin;fzvF0Tp0kY;80b234de00d82fcddac96e072aed00ce;135;S
Hortin;fzvF0Tp0kY;80b234de00d82fcddac96e072aed00ce;135;P
Knazs;PT5RB9FvDw;da64da810d304c82c71f13b0ccb556ef;135;S
Knazs;PT5RB9FvDw;da64da810d304c82c71f13b0ccb556ef;135;P
Burry;ReASlzRUgB;4b8307b541120f1ee494e68dbbb44cc6;135;S
Burry;ReASlzRUgB;4b8307b541120f1ee494e68dbbb44cc6;135;P
Derienzo;LxItZlEwZQ;cc2ba9aa912e7d7a4f54265d0499ee7b;135;S
Derienzo;LxItZlEwZQ;cc2ba9aa912e7d7a4f54265d0499ee7b;135;P
Daves;XsQVKXeW4X;89a7ca06024d2b553f8cc4f92cfc4352;135;S
Daves;XsQVKXeW4X;89a7ca06024d2b553f8cc4f92cfc4352;135;P
Doede;VCrB0wgXIQ;c06ca7887d48115fe72eba9217b88f38;135;S
Doede;VCrB0wgXIQ;c06ca7887d48115fe72eba9217b88f38;135;P
Pangan;DyebHPTTcR;07ddefbfabee4b938172b5a7cbb32186;135;S
Pangan;DyebHPTTcR;07ddefbfabee4b938172b5a7cbb32186;135;P
Jimeno;fhzxJaIxLb;b65ac92dfa9040873567cbec1cbb54ef;135;S
Jimeno;fhzxJaIxLb;b65ac92dfa9040873567cbec1cbb54ef;135;P
Gambold;X0lGZjSO78;be0e72f4329fa218bdfca3f525280b95;135;S
Gambold;X0lGZjSO78;be0e72f4329fa218bdfca3f525280b95;135;P
Park;QIfWwiihVc;6fdb236035a162531d7e88e7a7e72d46;135;S
Park;QIfWwiihVc;6fdb236035a162531d7e88e7a7e72d46;135;P
Kualii;rivsH5R0ma;2de10409c78b24213d386034cd12957a;135;S
Kualii;rivsH5R0ma;2de10409c78b24213d386034cd12957a;135;P
Casso;quOP85dSQr;4df31d58d9476da22e1c73f7458e3e62;135;S
Casso;quOP85dSQr;4df31d58d9476da22e1c73f7458e3e62;135;P
Polo;fCT1T8tD1f;c483a8d4096ddf2b6d9b664f37f41a73;135;S
Polo;fCT1T8tD1f;c483a8d4096ddf2b6d9b664f37f41a73;135;P
Mannschreck;j8MKZU62p1;6f3b9c9323e67b1cd0667a6181acdfc4;135;S
Mannschreck;j8MKZU62p1;6f3b9c9323e67b1cd0667a6181acdfc4;135;P
Nesby;iLhXb9cdDX;872a4decc32604b581c6844a2a011d13;135;S
Nesby;iLhXb9cdDX;872a4decc32604b581c6844a2a011d13;135;P
Trytten;lN0DfIjLSO;2d1f3a70b655e75d214ccd024b108f66;136;S
Trytten;lN0DfIjLSO;2d1f3a70b655e75d214ccd024b108f66;136;P
Wagenaar;jmu1e3QUeh;2273c89aecbabf1794cb3edc53f8b4f4;136;S
Wagenaar;jmu1e3QUeh;2273c89aecbabf1794cb3edc53f8b4f4;136;P
Knipe;mOO5yozrVE;7c4ee4febe6d42e6a0c30e16cf6485d0;136;S
Knipe;mOO5yozrVE;7c4ee4febe6d42e6a0c30e16cf6485d0;136;P
Pischke;7QwRlRYK81;541eb75da1640287c195ffc71fca9436;136;S
Pischke;7QwRlRYK81;541eb75da1640287c195ffc71fca9436;136;P
Myes;nl7N90TWx3;1c901f5c5a77ce10c5ca6f53c71206a3;136;S
Myes;nl7N90TWx3;1c901f5c5a77ce10c5ca6f53c71206a3;136;P
Majette;dQEUB9vft0;55274dd1cb8e4f324383655f9b833b5e;136;S
Majette;dQEUB9vft0;55274dd1cb8e4f324383655f9b833b5e;136;P
Suchan;v8FH17m5AK;fc92d4ebba83d30f7071e1574ede6914;136;S
Suchan;v8FH17m5AK;fc92d4ebba83d30f7071e1574ede6914;136;P
Throne;llMqZUadue;58dd1d1d58598333ced328cd7e95bc87;136;S
Throne;llMqZUadue;58dd1d1d58598333ced328cd7e95bc87;136;P
Margan;HGwVIxmzVV;37ced2ca259f8c8c72183340c8840a43;136;S
Margan;HGwVIxmzVV;37ced2ca259f8c8c72183340c8840a43;136;P
Kazmi;ZpyYFZ8Wgw;204b0cb08d0aaf0cbdc3c1337e35f0c4;136;S
Kazmi;ZpyYFZ8Wgw;204b0cb08d0aaf0cbdc3c1337e35f0c4;136;P
Garett;OqCznwmDru;54447f254da2b6a5d9647c26a5f47dba;136;S
Garett;OqCznwmDru;54447f254da2b6a5d9647c26a5f47dba;136;P
Stoia;9w5HU1CEUJ;6719577f5d576efd3cc82f494a88c546;136;S
Stoia;9w5HU1CEUJ;6719577f5d576efd3cc82f494a88c546;136;P
Vancheri;TkEMsB0M2F;6b7ca9e0f2da22d2c69b4b51b97b857f;136;S
Vancheri;TkEMsB0M2F;6b7ca9e0f2da22d2c69b4b51b97b857f;136;P
Rago;C5zxJapBw0;9db5bb42bea72cec32265fb26987485c;136;S
Rago;C5zxJapBw0;9db5bb42bea72cec32265fb26987485c;136;P
Olympia;IEVtHnjbnZ;a9f2ad6d94dc422ff4a17540ccf3b39d;136;S
Olympia;IEVtHnjbnZ;a9f2ad6d94dc422ff4a17540ccf3b39d;136;P
Schilawski;wLY8VVfnZ3;7d64e4891a85e7a5cc5f630a9c680232;136;S
Schilawski;wLY8VVfnZ3;7d64e4891a85e7a5cc5f630a9c680232;136;P
Minalga;izT4VLGOQn;6d1a7d0307e8cfc8c981a7811394b913;136;S
Minalga;izT4VLGOQn;6d1a7d0307e8cfc8c981a7811394b913;136;P
Collazo;lgL58syoI8;d9be43c832dba03ad5202b29d6ef0aed;136;S
Collazo;lgL58syoI8;d9be43c832dba03ad5202b29d6ef0aed;136;P
Kohus;dw2RdHTeUn;753afa87e55f23feed43bc21e981c661;136;S
Kohus;dw2RdHTeUn;753afa87e55f23feed43bc21e981c661;136;P
Zapien;phDkvrzR58;8903836e93b1b807b1b67f3701cd4d6c;136;S
Zapien;phDkvrzR58;8903836e93b1b807b1b67f3701cd4d6c;136;P
Leidy;c1nKGOa8FR;2e5383571792815c7b0870008bdb678a;136;S
Leidy;c1nKGOa8FR;2e5383571792815c7b0870008bdb678a;136;P
Triche;nlXu0G22aW;92d987ac65efa2c83bc8064ee4159e1c;136;S
Triche;nlXu0G22aW;92d987ac65efa2c83bc8064ee4159e1c;136;P
Willhelm;DhGeVG6NML;61f5aac9fd43628f1f1c629b44c2927a;136;S
Willhelm;DhGeVG6NML;61f5aac9fd43628f1f1c629b44c2927a;136;P
Trilli;1WgIZlJgL7;e5463a4a2f71cd3289a04fdf9073678a;136;S
Trilli;1WgIZlJgL7;e5463a4a2f71cd3289a04fdf9073678a;136;P
Chilton;plI8pMrXWP;ff05d0d86e999d8917bb02762d5e261e;136;S
Chilton;plI8pMrXWP;ff05d0d86e999d8917bb02762d5e261e;136;P
Thaman;OplixPhVZN;04aa6520214f49538ed70dedc4e3ff58;136;S
Thaman;OplixPhVZN;04aa6520214f49538ed70dedc4e3ff58;136;P
Marola;uPxCSUfw6y;3bd1d3af297caac86832f107e26febfa;136;S
Marola;uPxCSUfw6y;3bd1d3af297caac86832f107e26febfa;136;P
Margarito;qs0kpPNj7A;bd03cd5e52ecc3ef3edb3e60f1cf0129;136;S
Margarito;qs0kpPNj7A;bd03cd5e52ecc3ef3edb3e60f1cf0129;136;P
Kudej;DxqCgVaudl;57980b1fcbd3d99ac5d38798cc018256;136;S
Kudej;DxqCgVaudl;57980b1fcbd3d99ac5d38798cc018256;136;P
Estrello;ei9Avx62nv;7d3683ff82a9b871bf000777f404103f;136;S
Estrello;ei9Avx62nv;7d3683ff82a9b871bf000777f404103f;136;P
Kelter;mDTN4lUiNC;bb006a96a7ca8e7e8b2e53cdcbc52739;137;S
Kelter;mDTN4lUiNC;bb006a96a7ca8e7e8b2e53cdcbc52739;137;P
Flemm;8V9sUnLh8S;cc90519a4a5c4cce938aba8cd4d4a1fb;137;S
Flemm;8V9sUnLh8S;cc90519a4a5c4cce938aba8cd4d4a1fb;137;P
Bieker;SDcqxV1cJJ;93a52adc56f4628d3eb59f35f7dcc1ca;137;S
Bieker;SDcqxV1cJJ;93a52adc56f4628d3eb59f35f7dcc1ca;137;P
Booten;2k7pmUMUej;2c07ef7fa6d574130e85acbb59df448f;137;S
Booten;2k7pmUMUej;2c07ef7fa6d574130e85acbb59df448f;137;P
Vanbibber;kgiM4IyDWk;6a4999f6cc4f77d367e8492b4c575dfa;137;S
Vanbibber;kgiM4IyDWk;6a4999f6cc4f77d367e8492b4c575dfa;137;P
Inskeep;7T3tX77d57;b7b7dbc52876c96796b11d022a456604;137;S
Inskeep;7T3tX77d57;b7b7dbc52876c96796b11d022a456604;137;P
Loyola;YtL8cXfzww;8fc56a383cad71dc0e04676101b0951f;137;S
Loyola;YtL8cXfzww;8fc56a383cad71dc0e04676101b0951f;137;P
Nerlich;eSMVrcnx3j;b76fc15c8d88740b8c69abe056e4a851;137;S
Nerlich;eSMVrcnx3j;b76fc15c8d88740b8c69abe056e4a851;137;P
Swaim;LKFy5L1FnZ;b610a28992ba5314184f0eca902b8c00;137;S
Swaim;LKFy5L1FnZ;b610a28992ba5314184f0eca902b8c00;137;P
Moises;d4NtYpsETt;e392e90c720a2007f17d3d72b8070ca9;137;S
Moises;d4NtYpsETt;e392e90c720a2007f17d3d72b8070ca9;137;P
Elewa;xmpZFmBl42;2d94374ca18d1725468dd091889c7b11;137;S
Elewa;xmpZFmBl42;2d94374ca18d1725468dd091889c7b11;137;P
Vivien;MYuBqSZZcn;c0ab25bb32f1d3ef074a36d9ce270f02;137;S
Vivien;MYuBqSZZcn;c0ab25bb32f1d3ef074a36d9ce270f02;137;P
Elina;dS8IJtdfcI;51cd95f38dd8f5237bfc0e282cefe9d7;137;S
Elina;dS8IJtdfcI;51cd95f38dd8f5237bfc0e282cefe9d7;137;P
Berisha;953MPJLnPi;568979792a93a36426f0d75cd9e6804e;137;S
Berisha;953MPJLnPi;568979792a93a36426f0d75cd9e6804e;137;P
Bowcock;Yvf4Rdzts9;aa8d00a31c22fc4f3394b480987a40b4;137;S
Bowcock;Yvf4Rdzts9;aa8d00a31c22fc4f3394b480987a40b4;137;P
Landsman;B3jPcAIfIT;215d0eed47b97d82edf00078c81115d0;137;S
Landsman;B3jPcAIfIT;215d0eed47b97d82edf00078c81115d0;137;P
Fuglsang;MpUQMMTJlF;aad7b44b39a3cfddfa393315fca4a277;137;S
Fuglsang;MpUQMMTJlF;aad7b44b39a3cfddfa393315fca4a277;137;P
Little;l5X5v3yqg7;33f62efed2acede7dbfa135c53d1384f;137;S
Little;l5X5v3yqg7;33f62efed2acede7dbfa135c53d1384f;137;P
Magnia;jtUkScoLqE;52e549c0401c0338d537d01bcb8b3087;137;S
Magnia;jtUkScoLqE;52e549c0401c0338d537d01bcb8b3087;137;P
Stairs;1qc0ubNx9V;3c45daf633d09838be099fae4bc5e939;137;S
Stairs;1qc0ubNx9V;3c45daf633d09838be099fae4bc5e939;137;P
Heebner;buTGnQCGDO;104cbec87dc835bb8a8f1ceb09183f5d;137;S
Heebner;buTGnQCGDO;104cbec87dc835bb8a8f1ceb09183f5d;137;P
Marsili;LNBnRAAmy1;52ac71cbef3431f90ef79c1eeadc0625;137;S
Marsili;LNBnRAAmy1;52ac71cbef3431f90ef79c1eeadc0625;137;P
Tognazzini;XQGRWSjvnS;035265b469902094c508a0e38154a227;137;S
Tognazzini;XQGRWSjvnS;035265b469902094c508a0e38154a227;137;P
Czerkies;prgK3Dv7WH;f0f5381e8c88dc13cc236dfbc23f892e;137;S
Czerkies;prgK3Dv7WH;f0f5381e8c88dc13cc236dfbc23f892e;137;P
Novick;aLGgxcfjau;e8682c005568871777998e0854680fc5;137;S
Novick;aLGgxcfjau;e8682c005568871777998e0854680fc5;137;P
Natalya;ayAqiqA8Uq;97ef9d3005452791057b640768bbbaab;137;S
Natalya;ayAqiqA8Uq;97ef9d3005452791057b640768bbbaab;137;P
Cappello;6msjsE9DDB;7e82bf179db6cd53678f1b333e82bb72;137;S
Cappello;6msjsE9DDB;7e82bf179db6cd53678f1b333e82bb72;137;P
Merrihew;t2jmZ7hTZ2;7aed3699baf29fd66b8ef820efec3a1d;137;S
Merrihew;t2jmZ7hTZ2;7aed3699baf29fd66b8ef820efec3a1d;137;P
Galbiso;UJLVKAG1Lj;f507c827102e3e2e3d2865bc00390c43;137;S
Galbiso;UJLVKAG1Lj;f507c827102e3e2e3d2865bc00390c43;137;P
Iliff;K3Ze5kO0S9;d6aa55571930797abc5f81fe6a82a31d;137;S
Iliff;K3Ze5kO0S9;d6aa55571930797abc5f81fe6a82a31d;137;P
Krog;j3arFcQJXq;315a43d9b4b1eb706c9736485d949539;138;S
Krog;j3arFcQJXq;315a43d9b4b1eb706c9736485d949539;138;P
Womeldorf;N1HaqMOtLq;247247cc4e3938f5466cb99b5ffffc69;138;S
Womeldorf;N1HaqMOtLq;247247cc4e3938f5466cb99b5ffffc69;138;P
Messerschmidt;BwwrT3e7cb;4415f06a12e1e896529dc8e8f9c532ed;138;S
Messerschmidt;BwwrT3e7cb;4415f06a12e1e896529dc8e8f9c532ed;138;P
Dirico;hAiMJ0SVaL;51a160f70669819ca722e328fe14a32c;138;S
Dirico;hAiMJ0SVaL;51a160f70669819ca722e328fe14a32c;138;P
Pasana;QSqbSibTvZ;c8ad02f9091c799926b2c5669c6e3bd6;138;S
Pasana;QSqbSibTvZ;c8ad02f9091c799926b2c5669c6e3bd6;138;P
Norrington;mwGtH1pJfd;b83efb7fc3895fd3487c2d28416351b7;138;S
Norrington;mwGtH1pJfd;b83efb7fc3895fd3487c2d28416351b7;138;P
Kea;tZThFoiQaQ;ed6d4939e94fa2b105e6448441d6765f;138;S
Kea;tZThFoiQaQ;ed6d4939e94fa2b105e6448441d6765f;138;P
Pullem;lCuZkVovIs;2cc7a8962833806769541acad797609a;138;S
Pullem;lCuZkVovIs;2cc7a8962833806769541acad797609a;138;P
Muckley;u3BmklYyh9;0f6fa224e6b611bfacadeab2f563fc1d;138;S
Muckley;u3BmklYyh9;0f6fa224e6b611bfacadeab2f563fc1d;138;P
Scheide;Be1648i831;39e36f9657b93f62b328b360d430edfe;138;S
Scheide;Be1648i831;39e36f9657b93f62b328b360d430edfe;138;P
Verhines;YPpuVwWVQV;6aaa8eceb19144fa80bb21587bfe8347;138;S
Verhines;YPpuVwWVQV;6aaa8eceb19144fa80bb21587bfe8347;138;P
Cienfuegos;pZr5eKWUnK;223e7671549d13b6f0a64a3dac99e2c7;138;S
Cienfuegos;pZr5eKWUnK;223e7671549d13b6f0a64a3dac99e2c7;138;P
Reives;SU9uiMiP3b;3e46aa339d34a70b854c74cb7164ba31;138;S
Reives;SU9uiMiP3b;3e46aa339d34a70b854c74cb7164ba31;138;P
Llewlyn;AYwnWmTruH;7ab5faf64fbdb3c0ac3ef5f9976003a0;138;S
Llewlyn;AYwnWmTruH;7ab5faf64fbdb3c0ac3ef5f9976003a0;138;P
Twogood;VFUPQTP3gh;1ea50ca970915fefd007636908c36963;138;S
Twogood;VFUPQTP3gh;1ea50ca970915fefd007636908c36963;138;P
Middough;QHVLmKMu6m;48ce8b18a5ef3877de01b65213a8895b;138;S
Middough;QHVLmKMu6m;48ce8b18a5ef3877de01b65213a8895b;138;P
Patrone;uWGkx6UBof;4ea03c8322833c80ac3bba6979f50a01;138;S
Patrone;uWGkx6UBof;4ea03c8322833c80ac3bba6979f50a01;138;P
Sachiko;cEfPlrDu0v;f1498cd8bb937d9e199a6df0dfd009bf;138;S
Sachiko;cEfPlrDu0v;f1498cd8bb937d9e199a6df0dfd009bf;138;P
Vecchia;kNZBkTGkUK;4b32e2ec2b54d3d477e434d46bfaa3e7;138;S
Vecchia;kNZBkTGkUK;4b32e2ec2b54d3d477e434d46bfaa3e7;138;P
Loukanis;zVUvqInm0U;58a440983f2196368109f448a6c13eec;138;S
Loukanis;zVUvqInm0U;58a440983f2196368109f448a6c13eec;138;P
Haddox;UUdgLSqoPB;878585cef8705bf037606fcc8514a7d0;138;S
Haddox;UUdgLSqoPB;878585cef8705bf037606fcc8514a7d0;138;P
Dowda;GoOGisSXD7;81f37f7a3888109d61fbd9298e86f440;138;S
Dowda;GoOGisSXD7;81f37f7a3888109d61fbd9298e86f440;138;P
Mcguirl;rptQZkRF6s;07df7612598c9d5194ab117cad3f5ddc;138;S
Mcguirl;rptQZkRF6s;07df7612598c9d5194ab117cad3f5ddc;138;P
Rusher;4RyURT6k1S;760b0a78c7606e340f8f29ac836b9de7;138;S
Rusher;4RyURT6k1S;760b0a78c7606e340f8f29ac836b9de7;138;P
Yeske;amE9UGvYx3;2681bf31f6ba83d47dfac4e8b9ec2f1c;138;S
Yeske;amE9UGvYx3;2681bf31f6ba83d47dfac4e8b9ec2f1c;138;P
Cassese;7JNrptjCHi;2487621064bfe5be65dd0d4aeb0832f0;138;S
Cassese;7JNrptjCHi;2487621064bfe5be65dd0d4aeb0832f0;138;P
Vanda;pBzaMtdrmD;3c8f466d5f2fc74dc53e4f46c335b8ad;138;S
Vanda;pBzaMtdrmD;3c8f466d5f2fc74dc53e4f46c335b8ad;138;P
Bobbie;1pJl3qlzFV;6e6f63980013e5a200875f04b36412b5;138;S
Bobbie;1pJl3qlzFV;6e6f63980013e5a200875f04b36412b5;138;P
Meaney;YdRrTa4Ke5;2f5c5a0f79529470a2e8b67f557b4fff;138;S
Meaney;YdRrTa4Ke5;2f5c5a0f79529470a2e8b67f557b4fff;138;P
Grosswiler;V9R8rZAupT;043a44d4c865b14c0bf5cef366aa4dbe;138;S
Grosswiler;V9R8rZAupT;043a44d4c865b14c0bf5cef366aa4dbe;138;P
Dekay;imFXReOe5C;f148501541629ec059246ceb88c1e9bf;139;S
Dekay;imFXReOe5C;f148501541629ec059246ceb88c1e9bf;139;P
Seen;Lg8lkm3K4Z;7df85ea746599e353e29f90acfa6a490;139;S
Seen;Lg8lkm3K4Z;7df85ea746599e353e29f90acfa6a490;139;P
Zelkind;CMazpK7T0b;873d9b8cab01d1a8ccdc4d15e4dd3a01;139;S
Zelkind;CMazpK7T0b;873d9b8cab01d1a8ccdc4d15e4dd3a01;139;P
Bosh;BNmgn5K3ZM;98324a746a39a874d083102bc30747a8;139;S
Bosh;BNmgn5K3ZM;98324a746a39a874d083102bc30747a8;139;P
Petris;sNwOqZ6PK2;532c4cb206132300b8d8b4b221c13b0e;139;S
Petris;sNwOqZ6PK2;532c4cb206132300b8d8b4b221c13b0e;139;P
Mckinnies;D0gWUDr4qT;685bfcbe182cd8982e74f183b5f5439a;139;S
Mckinnies;D0gWUDr4qT;685bfcbe182cd8982e74f183b5f5439a;139;P
Olejarski;3t4txnqEs5;4aeb499b724b57164459ae4e1eb7b1ad;139;S
Olejarski;3t4txnqEs5;4aeb499b724b57164459ae4e1eb7b1ad;139;P
Herkstroeter;UNZKt7luOe;03bf87ec305b1593ff1cc3aa1bfd7783;139;S
Herkstroeter;UNZKt7luOe;03bf87ec305b1593ff1cc3aa1bfd7783;139;P
Papenfuss;Ts5SMFtehg;a52535f742640b0e8bafc442c1d1eead;139;S
Papenfuss;Ts5SMFtehg;a52535f742640b0e8bafc442c1d1eead;139;P
Whitley;vSzuwe10iS;a1cab3836b697c4c08ebda97bb1baed1;139;S
Whitley;vSzuwe10iS;a1cab3836b697c4c08ebda97bb1baed1;139;P
Bisso;myMc6VfIe4;0149e19a9ecb0b8f2d730ff888463c4b;139;S
Bisso;myMc6VfIe4;0149e19a9ecb0b8f2d730ff888463c4b;139;P
Froese;D0iCuxkbmF;83c368724c37902ac432f44688ba68f5;139;S
Froese;D0iCuxkbmF;83c368724c37902ac432f44688ba68f5;139;P
Novickis;R721IYgUtA;2daac0d21d880bfe6b5fa45879841da7;139;S
Novickis;R721IYgUtA;2daac0d21d880bfe6b5fa45879841da7;139;P
Berthelsen;OTnIhOIukq;1ba9a1ade3789e3f955836c95117f6a4;139;S
Berthelsen;OTnIhOIukq;1ba9a1ade3789e3f955836c95117f6a4;139;P
Cathrine;8sgIMi2LZH;804d391f50485ca7920b8c1b13cb811a;139;S
Cathrine;8sgIMi2LZH;804d391f50485ca7920b8c1b13cb811a;139;P
Rumbo;P0RCDt833B;479d1abb5a8f96b77383cac81b2d89bd;139;S
Rumbo;P0RCDt833B;479d1abb5a8f96b77383cac81b2d89bd;139;P
Delsordo;ORWJk0dBqH;b3a26a9eedd1cd2f9efe5c7428a63ca8;139;S
Delsordo;ORWJk0dBqH;b3a26a9eedd1cd2f9efe5c7428a63ca8;139;P
Vansant;rYiaRo3UeT;e32355de5d192efbed5d01f5206142ad;139;S
Vansant;rYiaRo3UeT;e32355de5d192efbed5d01f5206142ad;139;P
Loggens;TDNYVuCh9q;a4f1d262c0d66cfad514ea315fea0690;139;S
Loggens;TDNYVuCh9q;a4f1d262c0d66cfad514ea315fea0690;139;P
Meinecke;ORE895YxLx;61d72b4f422c7942bbc78a99e225b282;139;S
Meinecke;ORE895YxLx;61d72b4f422c7942bbc78a99e225b282;139;P
Devane;QAxK3UBh5z;5a2e1c098b119584b8c8cfca21c07295;139;S
Devane;QAxK3UBh5z;5a2e1c098b119584b8c8cfca21c07295;139;P
Slivka;W17A3ZgPk0;8270eef10a57b89345a47dc8d309205f;139;S
Slivka;W17A3ZgPk0;8270eef10a57b89345a47dc8d309205f;139;P
Horsey;tKPghvBCty;627a2b59331e816de57a0b5be551e97a;139;S
Horsey;tKPghvBCty;627a2b59331e816de57a0b5be551e97a;139;P
Haig;LhdvjleOS1;c6ca6c222401c2c841bc9adebf305ee2;139;S
Haig;LhdvjleOS1;c6ca6c222401c2c841bc9adebf305ee2;139;P
Durhan;jPSPl6YAxa;beb3748b94c91c498a591b69003ee7f0;139;S
Durhan;jPSPl6YAxa;beb3748b94c91c498a591b69003ee7f0;139;P
Nervis;zkzrJnkzg6;7d93d45f2d22788f5853159d43840425;139;S
Nervis;zkzrJnkzg6;7d93d45f2d22788f5853159d43840425;139;P
Verkler;ZVviOF9zWt;325d55e83ae4bd3a8b015a8427518857;139;S
Verkler;ZVviOF9zWt;325d55e83ae4bd3a8b015a8427518857;139;P
Brechbill;DfHFbxb0iu;ed7d11185121d50a004f6b0ee55a8f6e;139;S
Brechbill;DfHFbxb0iu;ed7d11185121d50a004f6b0ee55a8f6e;139;P
Bostelman;rYoWC2aJmv;0d3128c72eebf7c58268df38c9b43ea2;139;S
Bostelman;rYoWC2aJmv;0d3128c72eebf7c58268df38c9b43ea2;139;P
Straatmann;9PrDJrRvGL;fe87ea917df6840c05c73e7833f877e7;139;S
Straatmann;9PrDJrRvGL;fe87ea917df6840c05c73e7833f877e7;139;P
Ratulowski;AbbACmEcVg;c5c8c2311710796e2ed292c7000f901d;140;S
Ratulowski;AbbACmEcVg;c5c8c2311710796e2ed292c7000f901d;140;P
Degasparre;No2RfXOq0j;a67c565a935f27b271231bffbe81721a;140;S
Degasparre;No2RfXOq0j;a67c565a935f27b271231bffbe81721a;140;P
Saffel;k1tlR37QkL;5a9958fed5f615363743f1d3dba9cfff;140;S
Saffel;k1tlR37QkL;5a9958fed5f615363743f1d3dba9cfff;140;P
Saefong;s6gsef4uqr;fc93091f01c50c597c5e00170b1faed2;140;S
Saefong;s6gsef4uqr;fc93091f01c50c597c5e00170b1faed2;140;P
Kerrigan;fCfTSEijha;34df5b99092a00b14a422dcb51a4873e;140;S
Kerrigan;fCfTSEijha;34df5b99092a00b14a422dcb51a4873e;140;P
Mcfadin;bGGUQg41ih;ca55e534718b20f294cc8c8d74ddf7f2;140;S
Mcfadin;bGGUQg41ih;ca55e534718b20f294cc8c8d74ddf7f2;140;P
Dardy;8OvVsnnQX3;9ed9c27fc3d5466157bdb00b533c8df7;140;S
Dardy;8OvVsnnQX3;9ed9c27fc3d5466157bdb00b533c8df7;140;P
Walkington;HClkhpVfMe;cf0ffda87cef853b4e4ca17e659c7860;140;S
Walkington;HClkhpVfMe;cf0ffda87cef853b4e4ca17e659c7860;140;P
Jove;Le7EYOJshH;bde9c0ee4563edebd3b31ca150a8edb9;140;S
Jove;Le7EYOJshH;bde9c0ee4563edebd3b31ca150a8edb9;140;P
Cantre;8Sq4K2WRmg;ba913a761ae37c45f0a9a024c565392f;140;S
Cantre;8Sq4K2WRmg;ba913a761ae37c45f0a9a024c565392f;140;P
Taplin;uMa65lAj79;f527c08f40aba4182b30dd70d655fd02;140;S
Taplin;uMa65lAj79;f527c08f40aba4182b30dd70d655fd02;140;P
Villetas;l7zBVFcsdE;380f19f34f0f10e681cfa6eb31d653be;140;S
Villetas;l7zBVFcsdE;380f19f34f0f10e681cfa6eb31d653be;140;P
Malgieri;3ovqKvRtb3;b48230f2495222f862234c16d3a55d65;140;S
Malgieri;3ovqKvRtb3;b48230f2495222f862234c16d3a55d65;140;P
Gordineer;viaEiH4gyR;2882d0dbfaafac5e797630ff021e113e;140;S
Gordineer;viaEiH4gyR;2882d0dbfaafac5e797630ff021e113e;140;P
Creger;vXkPtr3m6F;208e1406254ee06ca6413fce381cc6e9;140;S
Creger;vXkPtr3m6F;208e1406254ee06ca6413fce381cc6e9;140;P
Mcghay;s7TsysLc1V;a53d7d8ebb44b58d4f4f8f21b5699941;140;S
Mcghay;s7TsysLc1V;a53d7d8ebb44b58d4f4f8f21b5699941;140;P
Morman;ka0CxbifQk;b9eee689824af78e5be4101d219bad07;140;S
Morman;ka0CxbifQk;b9eee689824af78e5be4101d219bad07;140;P
Vigliotti;oyRDtxeGQo;72251d7273b445620f5fdbd642b77156;140;S
Vigliotti;oyRDtxeGQo;72251d7273b445620f5fdbd642b77156;140;P
Santone;lNDm3r8NDY;aee0d6181767f88cc2018f5654874319;140;S
Santone;lNDm3r8NDY;aee0d6181767f88cc2018f5654874319;140;P
Dadson;xgS0i6zKZo;ee1e81b2d8cedfb813fed91c1bf50666;140;S
Dadson;xgS0i6zKZo;ee1e81b2d8cedfb813fed91c1bf50666;140;P
Cokeley;Q00epjI3OC;37a8565b6460ee8276c724e4e389da14;140;S
Cokeley;Q00epjI3OC;37a8565b6460ee8276c724e4e389da14;140;P
Traylor;fQS6sDSe3P;b2f1fbc84804ad92daffc6bce7524c80;140;S
Traylor;fQS6sDSe3P;b2f1fbc84804ad92daffc6bce7524c80;140;P
Sloan;3Qd3BeJqjX;d9de452e3c51b4fd2a0f2085b7cb39d5;140;S
Sloan;3Qd3BeJqjX;d9de452e3c51b4fd2a0f2085b7cb39d5;140;P
Madison;aChuewoO9W;b8a59994b20601d61d4b9e099120a239;140;S
Madison;aChuewoO9W;b8a59994b20601d61d4b9e099120a239;140;P
Kristek;budOoHLa1U;fa314e24d62ab50921a0112e74436f1e;140;S
Kristek;budOoHLa1U;fa314e24d62ab50921a0112e74436f1e;140;P
Morlino;DCMQCNkP6v;1a92415e4b64dbdd5ddf6df9db241429;140;S
Morlino;DCMQCNkP6v;1a92415e4b64dbdd5ddf6df9db241429;140;P
Chheang;emc5MhmGmN;5f09355036fa39c72c220841aeeaf922;140;S
Chheang;emc5MhmGmN;5f09355036fa39c72c220841aeeaf922;140;P
Wulkan;uQY5DV9Fn5;ca842db94e8906d72b0eb116bfbfa30e;140;S
Wulkan;uQY5DV9Fn5;ca842db94e8906d72b0eb116bfbfa30e;140;P
Landrigan;k58xyFS1wT;40135eff659d41ca8a8e8f7a0ad0d32f;140;S
Landrigan;k58xyFS1wT;40135eff659d41ca8a8e8f7a0ad0d32f;140;P
Heisserer;EyldX6OG19;25157c8c5a813b2a40c8246f68058ecc;140;S
Heisserer;EyldX6OG19;25157c8c5a813b2a40c8246f68058ecc;140;P
Leonick;vnuzmG779q;51b812861890b1ce8255ae4949be4556;141;S
Leonick;vnuzmG779q;51b812861890b1ce8255ae4949be4556;141;P
Georges;mI2TzPRTLC;e6630e8e69f1523163545ee7f90723b1;141;S
Georges;mI2TzPRTLC;e6630e8e69f1523163545ee7f90723b1;141;P
Bouche;4hzjhAxnNw;1e6f01df58bcbbd73c9cdf9e8f8a848a;141;S
Bouche;4hzjhAxnNw;1e6f01df58bcbbd73c9cdf9e8f8a848a;141;P
Funnye;qRFmFxjrZX;834d9b21cf69c5dda08af347943609ea;141;S
Funnye;qRFmFxjrZX;834d9b21cf69c5dda08af347943609ea;141;P
Sunga;JYCOG0nSJG;b6fb24d7a00f9c3d3e4900f98cbdd17b;141;S
Sunga;JYCOG0nSJG;b6fb24d7a00f9c3d3e4900f98cbdd17b;141;P
Milderberger;fISMgIG5OO;1df286cb399c9f95dd484705db6bd7e8;141;S
Milderberger;fISMgIG5OO;1df286cb399c9f95dd484705db6bd7e8;141;P
Guccione;pq4hdCNlh7;bf504806e59290889a55a975c670d4d8;141;S
Guccione;pq4hdCNlh7;bf504806e59290889a55a975c670d4d8;141;P
Ranweiler;vJLrYrNQEO;dba711b5adbe296e1582582f9fab0436;141;S
Ranweiler;vJLrYrNQEO;dba711b5adbe296e1582582f9fab0436;141;P
Cockran;MsCzi29fnv;925e276cb20109e50c0ae2352b95b4b5;141;S
Cockran;MsCzi29fnv;925e276cb20109e50c0ae2352b95b4b5;141;P
Kutlu;9PmkQEGNxc;aa97cc367dcfebe165205290e83a908a;141;S
Kutlu;9PmkQEGNxc;aa97cc367dcfebe165205290e83a908a;141;P
Yellen;WBnAWlJpgi;db27c1de06d451a67538ac48fdb150c5;141;S
Yellen;WBnAWlJpgi;db27c1de06d451a67538ac48fdb150c5;141;P
Mcelligott;pZmsgafoL1;816f8991b7a6673631f6d9ce06067ec3;141;S
Mcelligott;pZmsgafoL1;816f8991b7a6673631f6d9ce06067ec3;141;P
Starin;BSLy9c3wLx;3178b69969d2ddcdf816bbb22d716a84;141;S
Starin;BSLy9c3wLx;3178b69969d2ddcdf816bbb22d716a84;141;P
Burrs;2HHQBhjGTA;7fa06bc37bab1507228aff47fdf6b99c;141;S
Burrs;2HHQBhjGTA;7fa06bc37bab1507228aff47fdf6b99c;141;P
Prospero;sdXZGyYuWu;cf3c70be1b652585a8ed200736be4f68;141;S
Prospero;sdXZGyYuWu;cf3c70be1b652585a8ed200736be4f68;141;P
Schmale;PZ5tuQ6deL;4eefd42857bce160efb7fa58f237ac44;141;S
Schmale;PZ5tuQ6deL;4eefd42857bce160efb7fa58f237ac44;141;P
Golz;slYGVFS3LG;818ec7e6745ac715192450967d5214c1;141;S
Golz;slYGVFS3LG;818ec7e6745ac715192450967d5214c1;141;P
Carone;KgkEO3FgUN;4d134ca2a18e703b8f5897df8abc58aa;141;S
Carone;KgkEO3FgUN;4d134ca2a18e703b8f5897df8abc58aa;141;P
Andrea;0vqT2l3nNQ;64b512eeca6381bb4bd328a5cda680e3;141;S
Andrea;0vqT2l3nNQ;64b512eeca6381bb4bd328a5cda680e3;141;P
Heineken;6Uuvn6izSX;322a79100dc2d9801ecef409cafcd081;141;S
Heineken;6Uuvn6izSX;322a79100dc2d9801ecef409cafcd081;141;P
Byram;OG4mj4unHT;bb454de0d5bed1d803acf084294ec357;141;S
Byram;OG4mj4unHT;bb454de0d5bed1d803acf084294ec357;141;P
Sharbono;Wjs6WsCCDD;1de3601e470ca7821bcfda3167ae7bee;141;S
Sharbono;Wjs6WsCCDD;1de3601e470ca7821bcfda3167ae7bee;141;P
Mairs;5ph6jiJIKy;c75ddffc299dd11287e54adebf495ec4;141;S
Mairs;5ph6jiJIKy;c75ddffc299dd11287e54adebf495ec4;141;P
Polnau;M6O2qxxKJ4;bf8b9ee365845c3dea658c30761ba49a;141;S
Polnau;M6O2qxxKJ4;bf8b9ee365845c3dea658c30761ba49a;141;P
Virden;mwwGNPvbQs;7d25973464cb6228dc3a50a3b4d9638f;141;S
Virden;mwwGNPvbQs;7d25973464cb6228dc3a50a3b4d9638f;141;P
Splawn;nv5zJlSXT8;cf828b156cb2dc3589c1f5820fa4e43a;141;S
Splawn;nv5zJlSXT8;cf828b156cb2dc3589c1f5820fa4e43a;141;P
Dreyfuss;u2E68vBGhE;6a3a55e49053b2583008d86c342f7ca4;141;S
Dreyfuss;u2E68vBGhE;6a3a55e49053b2583008d86c342f7ca4;141;P
Hester;SacDe2BWIm;c5b1a4e095b1ad69db47e3c69aa9ab77;141;S
Hester;SacDe2BWIm;c5b1a4e095b1ad69db47e3c69aa9ab77;141;P
Super;68lY8NfsxF;b2bb36c6fcb02e3739626abab320d7bf;141;S
Super;68lY8NfsxF;b2bb36c6fcb02e3739626abab320d7bf;141;P
Raguso;7iJNthZACs;3e0d34c2b685a49167ad9ba2577c6a5a;141;S
Raguso;7iJNthZACs;3e0d34c2b685a49167ad9ba2577c6a5a;141;P
Molenda;Kusv79F0zK;b80740ff75a9ec5e80fc81bab0f7436d;142;S
Molenda;Kusv79F0zK;b80740ff75a9ec5e80fc81bab0f7436d;142;P
Shield;23MrDQaw0p;73d422f8029b47e03b6ac69e6010c06c;142;S
Shield;23MrDQaw0p;73d422f8029b47e03b6ac69e6010c06c;142;P
Ladieu;QpnOf0m8qv;ce437c1237dfdc4eefdbd56b43826d21;142;S
Ladieu;QpnOf0m8qv;ce437c1237dfdc4eefdbd56b43826d21;142;P
Raycroft;FnDR6w0do0;c1974cc63131d7c3aab5d7e98029e1b8;142;S
Raycroft;FnDR6w0do0;c1974cc63131d7c3aab5d7e98029e1b8;142;P
Gradel;6C8GltlHAi;d1bb0265791ce940f851bb391037dca8;142;S
Gradel;6C8GltlHAi;d1bb0265791ce940f851bb391037dca8;142;P
Piper;km3tWafb7y;6b304fe47afa09701a8ebedd7e6897ad;142;S
Piper;km3tWafb7y;6b304fe47afa09701a8ebedd7e6897ad;142;P
Mattione;0XCXhwWNPq;efb89b62ece5b52f02d186c8a4b53695;142;S
Mattione;0XCXhwWNPq;efb89b62ece5b52f02d186c8a4b53695;142;P
Felman;v7ge9PQMq0;d460e6823b458eb8ddb5656fad0ce084;142;S
Felman;v7ge9PQMq0;d460e6823b458eb8ddb5656fad0ce084;142;P
Treloar;SCWWOQvOVL;22ee917107c88eed6023e993f40a314c;142;S
Treloar;SCWWOQvOVL;22ee917107c88eed6023e993f40a314c;142;P
Harsey;n79K564zLh;9d6be64aea6484bdb42e6a243564c999;142;S
Harsey;n79K564zLh;9d6be64aea6484bdb42e6a243564c999;142;P
Geier;EmwkRhoDeR;f293f3c3100bc23b8d88e6bfde0bffee;142;S
Geier;EmwkRhoDeR;f293f3c3100bc23b8d88e6bfde0bffee;142;P
Kunzler;8L4bbWBYxM;ef9d111aa038c15e5c6cca0e411e01a4;142;S
Kunzler;8L4bbWBYxM;ef9d111aa038c15e5c6cca0e411e01a4;142;P
Yochim;yS3Ct5U69q;f288936cd82b0c15002d7975ee7bfc08;142;S
Yochim;yS3Ct5U69q;f288936cd82b0c15002d7975ee7bfc08;142;P
Hoxworth;y2oxLFiTWw;037d54d93b59f9add50f32a7b6b8b18b;142;S
Hoxworth;y2oxLFiTWw;037d54d93b59f9add50f32a7b6b8b18b;142;P
Kapsalis;sCuzLIFdJJ;829def4d556ed1b79a793ff2df21cb08;142;S
Kapsalis;sCuzLIFdJJ;829def4d556ed1b79a793ff2df21cb08;142;P
Skowronek;tfIsiF8Rad;29c9543f90828fd34df8f995c3f4cca4;142;S
Skowronek;tfIsiF8Rad;29c9543f90828fd34df8f995c3f4cca4;142;P
Morgia;TGU7kg7dLg;a8b02be0c86b7911bef6646345877869;142;S
Morgia;TGU7kg7dLg;a8b02be0c86b7911bef6646345877869;142;P
Esquiuel;7eB7fvKGlg;27c98e6a08d388cc2a5679f16691cb8b;142;S
Esquiuel;7eB7fvKGlg;27c98e6a08d388cc2a5679f16691cb8b;142;P
Wilcutt;3KL2lVx841;564b779494cf90c16974a8b9533f7361;142;S
Wilcutt;3KL2lVx841;564b779494cf90c16974a8b9533f7361;142;P
Weitnauer;O0VMsK50wG;c60856ca725dce988b7c579467e470da;142;S
Weitnauer;O0VMsK50wG;c60856ca725dce988b7c579467e470da;142;P
Iltzsch;7v07lpq5WP;bb076effcd9c368f809453e4779c9bf8;142;S
Iltzsch;7v07lpq5WP;bb076effcd9c368f809453e4779c9bf8;142;P
Shina;kIN2AhyJz7;f54a6ee4605b29fd1d2fb1559824c91d;142;S
Shina;kIN2AhyJz7;f54a6ee4605b29fd1d2fb1559824c91d;142;P
Hongeva;1hmHuQptFV;2c713642035ab254fdc99c5c67f8e949;142;S
Hongeva;1hmHuQptFV;2c713642035ab254fdc99c5c67f8e949;142;P
Liou;zEnBc3jVuo;ee71c5f488fd107722569d897284d234;142;S
Liou;zEnBc3jVuo;ee71c5f488fd107722569d897284d234;142;P
Mora;bC2q7VYLxz;0f19d3fd9974e62b69cbc1665a5ff675;142;S
Mora;bC2q7VYLxz;0f19d3fd9974e62b69cbc1665a5ff675;142;P
Stank;ufaJ7M57v8;f738f707ce8bc07c5b69d0cc4d6a6f30;142;S
Stank;ufaJ7M57v8;f738f707ce8bc07c5b69d0cc4d6a6f30;142;P
Chanel;T3XLDJjrWt;b9c837009cc8eaedf45f4933faf9fe07;142;S
Chanel;T3XLDJjrWt;b9c837009cc8eaedf45f4933faf9fe07;142;P
Lipa;iMXhkoLr1w;cc05a22c67ab847da0127879b0ccd845;142;S
Lipa;iMXhkoLr1w;cc05a22c67ab847da0127879b0ccd845;142;P
Rowey;m5HVzIe6Oq;518d96be811750ff071e9f8d3fe68e51;142;S
Rowey;m5HVzIe6Oq;518d96be811750ff071e9f8d3fe68e51;142;P
Toback;harRwR8kQB;f45b69444d41b8b08dd404aa966ee445;142;S
Toback;harRwR8kQB;f45b69444d41b8b08dd404aa966ee445;142;P
Patek;gMElCiRWzH;ba26798442156f8083cb72cbe8def055;143;S
Patek;gMElCiRWzH;ba26798442156f8083cb72cbe8def055;143;P
Kimbal;y37W7i6nYL;fb5078d6664f1061c251a23d0a49b8a8;143;S
Kimbal;y37W7i6nYL;fb5078d6664f1061c251a23d0a49b8a8;143;P
Dermott;iXsoN2mpYs;fc48bd9aa4a58494cb906fbaa728da5e;143;S
Dermott;iXsoN2mpYs;fc48bd9aa4a58494cb906fbaa728da5e;143;P
Chamness;4eEZAZEguJ;ed87a675897b747e061b38372eaab209;143;S
Chamness;4eEZAZEguJ;ed87a675897b747e061b38372eaab209;143;P
Coan;mwpuCI3Ijc;a75801edca861825e82b866534e91f87;143;S
Coan;mwpuCI3Ijc;a75801edca861825e82b866534e91f87;143;P
Bertus;An6pWxa9Vi;0db5b0c1ce97120347acecbf235264f0;143;S
Bertus;An6pWxa9Vi;0db5b0c1ce97120347acecbf235264f0;143;P
Lyngholm;rFeQ4H5NbH;d9509e49694151c31b8166126b40029a;143;S
Lyngholm;rFeQ4H5NbH;d9509e49694151c31b8166126b40029a;143;P
Mennecke;PuQPUgoCpX;5f6aebf5b0f05e0db50507da68a36ccb;143;S
Mennecke;PuQPUgoCpX;5f6aebf5b0f05e0db50507da68a36ccb;143;P
Botha;8uPBSn1bbw;693b6764e8a70355a9b90ecb6d91857e;143;S
Botha;8uPBSn1bbw;693b6764e8a70355a9b90ecb6d91857e;143;P
Reidinger;5cM73Gr0Hn;e33576d28fdb89ef4f96da59c1bef4ad;143;S
Reidinger;5cM73Gr0Hn;e33576d28fdb89ef4f96da59c1bef4ad;143;P
Mckenna;NHMhtiubGn;34647213483e6ad79fdb43b9cbb72db2;143;S
Mckenna;NHMhtiubGn;34647213483e6ad79fdb43b9cbb72db2;143;P
Sholtis;mVcUV38Mr9;6c3d2f02683dd94c02ec8538cbbca48b;143;S
Sholtis;mVcUV38Mr9;6c3d2f02683dd94c02ec8538cbbca48b;143;P
Siangco;8AZa60qIij;a7a6694b64dada6463fa2a2acdb9c70f;143;S
Siangco;8AZa60qIij;a7a6694b64dada6463fa2a2acdb9c70f;143;P
Mailloux;6juUNexkQC;f1cfea5160b12813cdff29d0af8ef0c3;143;S
Mailloux;6juUNexkQC;f1cfea5160b12813cdff29d0af8ef0c3;143;P
Embery;llQ010IHXK;c1a7e894b640ce8666bb7b4952250945;143;S
Embery;llQ010IHXK;c1a7e894b640ce8666bb7b4952250945;143;P
Darcy;hEwyXiVF4e;df7f83162f269d85bfea686c1a2a6e7e;143;S
Darcy;hEwyXiVF4e;df7f83162f269d85bfea686c1a2a6e7e;143;P
Saucer;yyqaQxouhm;4c9978608359f9882cd7ce5ba1f2554f;143;S
Saucer;yyqaQxouhm;4c9978608359f9882cd7ce5ba1f2554f;143;P
Cippina;kR9Qm0VioK;6cde6490678c59410bdca9019e9f84c0;143;S
Cippina;kR9Qm0VioK;6cde6490678c59410bdca9019e9f84c0;143;P
Lepak;lqh6QtXnyY;ef1e28f36fd42c7503e07de5b4e39054;143;S
Lepak;lqh6QtXnyY;ef1e28f36fd42c7503e07de5b4e39054;143;P
Ghiorso;rOVl4fyamO;fd73c79ef9342909400ff9ae848c867f;143;S
Ghiorso;rOVl4fyamO;fd73c79ef9342909400ff9ae848c867f;143;P
Hazan;VWTKK98c6L;838e586db613a4e3dd6dfe5bc0a7b808;143;S
Hazan;VWTKK98c6L;838e586db613a4e3dd6dfe5bc0a7b808;143;P
Crews;fZVRMlZcHP;8bef4eac4504717d9743a4fb6722fd72;143;S
Crews;fZVRMlZcHP;8bef4eac4504717d9743a4fb6722fd72;143;P
Ray;4u0NJsIEfX;8e3fb95f15dd0be13fb02ad9419db52d;143;S
Ray;4u0NJsIEfX;8e3fb95f15dd0be13fb02ad9419db52d;143;P
Chagoya;HBuOUE5CiJ;aeeb25eb871407d0cce2069c298fa69c;143;S
Chagoya;HBuOUE5CiJ;aeeb25eb871407d0cce2069c298fa69c;143;P
Schustrich;FAoKf2FGN1;a480b7a8c143fb2d4e63ccffbab17803;143;S
Schustrich;FAoKf2FGN1;a480b7a8c143fb2d4e63ccffbab17803;143;P
Tollefson;naaf2Lo9QD;59cfdcad0d1f68836130bee3d16ba4a6;143;S
Tollefson;naaf2Lo9QD;59cfdcad0d1f68836130bee3d16ba4a6;143;P
Thao;z27YqgxRpR;0f00d8a60c33c21de46584034aacb492;143;S
Thao;z27YqgxRpR;0f00d8a60c33c21de46584034aacb492;143;P
Bertke;RFjh5Ys9NL;b43d30b0c516e3141f9e59030b1ac567;143;S
Bertke;RFjh5Ys9NL;b43d30b0c516e3141f9e59030b1ac567;143;P
Meltz;cltMMheLLN;d7ad5fa288652e24e4464e05a532d091;144;S
Meltz;cltMMheLLN;d7ad5fa288652e24e4464e05a532d091;144;P
Estell;rV37sfSWln;c22ee53b4a0bf22e7afe647667cebd6b;144;S
Estell;rV37sfSWln;c22ee53b4a0bf22e7afe647667cebd6b;144;P
Schoenberger;uiX4r5UhyR;a6fe371558baef360a017b627ae95104;144;S
Schoenberger;uiX4r5UhyR;a6fe371558baef360a017b627ae95104;144;P
Leighton;NHbE9AM6j4;339a62b20b0435cfbe797268146b93f9;144;S
Leighton;NHbE9AM6j4;339a62b20b0435cfbe797268146b93f9;144;P
Lifland;J5FNLj3EFO;102e4f32eaf32e36c16e17b0ccf46826;144;S
Lifland;J5FNLj3EFO;102e4f32eaf32e36c16e17b0ccf46826;144;P
Mcvicar;jkIUSeVrHG;bb73612f5aa77eeee8d8290c42783199;144;S
Mcvicar;jkIUSeVrHG;bb73612f5aa77eeee8d8290c42783199;144;P
Golds;7PUGBHvmuC;e7a63aba14af40e97e44edda2d3af712;144;S
Golds;7PUGBHvmuC;e7a63aba14af40e97e44edda2d3af712;144;P
Howson;GC4TwoD95z;ca2d1c0031b3bdda3004889074f9f316;144;S
Howson;GC4TwoD95z;ca2d1c0031b3bdda3004889074f9f316;144;P
Peugh;cOD5cwj2WB;1e5c9e987a984d1625eba32e96412504;144;S
Peugh;cOD5cwj2WB;1e5c9e987a984d1625eba32e96412504;144;P
Macrae;Kh9OKMORTA;7d0ef5d45e17000c5880d1992360d9e4;144;S
Macrae;Kh9OKMORTA;7d0ef5d45e17000c5880d1992360d9e4;144;P
Hutts;iqqPSuGtQM;4cd7cab53fe1a85a990163c3c57116b1;144;S
Hutts;iqqPSuGtQM;4cd7cab53fe1a85a990163c3c57116b1;144;P
Heitkamp;7rxr76Vzxs;ec2b5c1d8a4568b025070164962de7dc;144;S
Heitkamp;7rxr76Vzxs;ec2b5c1d8a4568b025070164962de7dc;144;P
Martyr;CGhmXK4LC7;6d2e97683e6a2737e72fb84f8903f054;144;S
Martyr;CGhmXK4LC7;6d2e97683e6a2737e72fb84f8903f054;144;P
Conver;XLEKw5oGcx;511d20731f48a1d028bb15117d447b60;144;S
Conver;XLEKw5oGcx;511d20731f48a1d028bb15117d447b60;144;P
Doshi;91hnzOYmpb;b6ee10bc2a720e44cf006f35460c4724;144;S
Doshi;91hnzOYmpb;b6ee10bc2a720e44cf006f35460c4724;144;P
Borcherding;xmMCP5EfJs;264facc8c05d51600a6c805af7c2fc18;144;S
Borcherding;xmMCP5EfJs;264facc8c05d51600a6c805af7c2fc18;144;P
Creedon;ACz7AkhSEu;cb4873a70745d3bd4653e443627a7b05;144;S
Creedon;ACz7AkhSEu;cb4873a70745d3bd4653e443627a7b05;144;P
Mcluen;IoPSdRISa2;b424cf2843e83a00cb09e503149784cd;144;S
Mcluen;IoPSdRISa2;b424cf2843e83a00cb09e503149784cd;144;P
Em;XUW6Qm5ifP;dc459f90276b834509bd991c5e4bbdaf;144;S
Em;XUW6Qm5ifP;dc459f90276b834509bd991c5e4bbdaf;144;P
Gehr;2oVgGChg06;6e0a68bc7a012b258780f49d1a386f55;144;S
Gehr;2oVgGChg06;6e0a68bc7a012b258780f49d1a386f55;144;P
Kirtland;V5qXDymBlR;fa65afa210863e08262f6fa907f1e218;144;S
Kirtland;V5qXDymBlR;fa65afa210863e08262f6fa907f1e218;144;P
Romance;yOoueLmsLG;ee632b2d16ae0c9cb41f7a291533613f;144;S
Romance;yOoueLmsLG;ee632b2d16ae0c9cb41f7a291533613f;144;P
Deanda;LQK8AL8gls;a4d06ffa90417c1367ce0761c90cf76c;144;S
Deanda;LQK8AL8gls;a4d06ffa90417c1367ce0761c90cf76c;144;P
Larsh;ecR33DbGVD;3478c6790b35a738e35ab41c779bfe7c;144;S
Larsh;ecR33DbGVD;3478c6790b35a738e35ab41c779bfe7c;144;P
Hettich;I9sD17foR2;ffb2258028efcc6dc539917929adee3f;144;S
Hettich;I9sD17foR2;ffb2258028efcc6dc539917929adee3f;144;P
Mars;KJxAkUYSkv;825f4589eeb1a757680836bf16bb0b11;144;S
Mars;KJxAkUYSkv;825f4589eeb1a757680836bf16bb0b11;144;P
Paya;6rrFa421jV;7918c936cf06a29e540b489c6df09f8e;144;S
Paya;6rrFa421jV;7918c936cf06a29e540b489c6df09f8e;144;P
Heang;JLYcbH3xCl;8f25fbe58083767ecb933b3df423cffc;144;S
Heang;JLYcbH3xCl;8f25fbe58083767ecb933b3df423cffc;144;P
Florkowski;9Xwd6TA6Wp;c5a205f86e37f3cfa52c5e287d3d8dc6;144;S
Florkowski;9Xwd6TA6Wp;c5a205f86e37f3cfa52c5e287d3d8dc6;144;P
Mccartha;Et8u7ACbri;74f4ff2dd6525a4370e43b21a89d1b4f;144;S
Mccartha;Et8u7ACbri;74f4ff2dd6525a4370e43b21a89d1b4f;144;P
Lathon;2wWmvIGtCH;78a872045802df9ee8c10bd77a409813;145;S
Lathon;2wWmvIGtCH;78a872045802df9ee8c10bd77a409813;145;P
Lorentzen;85G9MdTqOF;2793efb89ac441cd0d78e943a3b87987;145;S
Lorentzen;85G9MdTqOF;2793efb89ac441cd0d78e943a3b87987;145;P
Chiszar;OkxefOC3oW;ff696c2fc8cfe9225a40dd1e54496372;145;S
Chiszar;OkxefOC3oW;ff696c2fc8cfe9225a40dd1e54496372;145;P
Declue;GGcKdtIb7g;4b1148c3ff62a8ea83b7a3d53c3d7e53;145;S
Declue;GGcKdtIb7g;4b1148c3ff62a8ea83b7a3d53c3d7e53;145;P
Triller;FBlwAyKkFX;ae17a149467fcd303e49d7dacad36574;145;S
Triller;FBlwAyKkFX;ae17a149467fcd303e49d7dacad36574;145;P
Letze;6DVgpM2gy0;ef1916b8f2b3fe03f7b94896b6ce31bd;145;S
Letze;6DVgpM2gy0;ef1916b8f2b3fe03f7b94896b6ce31bd;145;P
Hetu;sa2pvhr91t;457e33f6cddc70bab5bef857a0dd7587;145;S
Hetu;sa2pvhr91t;457e33f6cddc70bab5bef857a0dd7587;145;P
Neely;6nGHBc6qIj;f7a87d66c863ac4a00326cfc27491cef;145;S
Neely;6nGHBc6qIj;f7a87d66c863ac4a00326cfc27491cef;145;P
Daddabbo;WfzS1BMux2;b3a91fe3b9e08fcd084b7ccd99504af8;145;S
Daddabbo;WfzS1BMux2;b3a91fe3b9e08fcd084b7ccd99504af8;145;P
Briel;IeldY57Wzm;8b45200b77c800676944e5127536dd5c;145;S
Briel;IeldY57Wzm;8b45200b77c800676944e5127536dd5c;145;P
Seabrooke;2bv2PTNMek;86c9f677479dfd2bfe1e186e1993f554;145;S
Seabrooke;2bv2PTNMek;86c9f677479dfd2bfe1e186e1993f554;145;P
Renouf;r2SH2ZkxaE;be750df20defa0b8577c73436cef30cb;145;S
Renouf;r2SH2ZkxaE;be750df20defa0b8577c73436cef30cb;145;P
Spiotta;T0SNxPzLwI;729ad910cf0d91afe35fc857e2d53913;145;S
Spiotta;T0SNxPzLwI;729ad910cf0d91afe35fc857e2d53913;145;P
Garrington;qhLIPDWl9t;86543a9c75fb3256b71f6af85f52f56f;145;S
Garrington;qhLIPDWl9t;86543a9c75fb3256b71f6af85f52f56f;145;P
Kaja;oTyeUPfrMx;27574a56cdb347a3a4c107ef6c836976;145;S
Kaja;oTyeUPfrMx;27574a56cdb347a3a4c107ef6c836976;145;P
Zais;4H2pEVa5mC;b7cae50e838b050b377a9778d64437dc;145;S
Zais;4H2pEVa5mC;b7cae50e838b050b377a9778d64437dc;145;P
Steinau;XBFf9Lf13T;10758e6dd7aecd6c334fc782cba7ad54;145;S
Steinau;XBFf9Lf13T;10758e6dd7aecd6c334fc782cba7ad54;145;P
Suthoff;pTSg7lQhC7;d9cc5db6034128cb13c819821efcca3b;145;S
Suthoff;pTSg7lQhC7;d9cc5db6034128cb13c819821efcca3b;145;P
Mucciolo;MGtnqiKv2M;7d18fcbae0abc9869b2b9ca4a491f008;145;S
Mucciolo;MGtnqiKv2M;7d18fcbae0abc9869b2b9ca4a491f008;145;P
Mcclearen;uZTxmbwaWi;1aa072267ff83baef335a40316331e25;145;S
Mcclearen;uZTxmbwaWi;1aa072267ff83baef335a40316331e25;145;P
Mazo;HQsUXs1cnk;5f0b2e6100b93e4d577145af4423b4ab;145;S
Mazo;HQsUXs1cnk;5f0b2e6100b93e4d577145af4423b4ab;145;P
Reth;937nX5TdZj;801dce6bdfdfd0f016ccec273683a6eb;145;S
Reth;937nX5TdZj;801dce6bdfdfd0f016ccec273683a6eb;145;P
Gauer;HIA394v1BG;1b11ee8fbe14bb0e8dfc9590d5525187;145;S
Gauer;HIA394v1BG;1b11ee8fbe14bb0e8dfc9590d5525187;145;P
Theard;8kJcWl28ii;cebd78b9ad6e8b0902197729736cc8d7;145;S
Theard;8kJcWl28ii;cebd78b9ad6e8b0902197729736cc8d7;145;P
Duhaime;723vANbwTB;3424c409c17368c48bc71de2cd941073;145;S
Duhaime;723vANbwTB;3424c409c17368c48bc71de2cd941073;145;P
Boron;txBYq2s2iH;0d2038a01c33c6d6d79c035a6aa5ca8f;145;S
Boron;txBYq2s2iH;0d2038a01c33c6d6d79c035a6aa5ca8f;145;P
Laslie;32xJZBuDi0;0047ccfce2950a1cb2970ff950fbe339;145;S
Laslie;32xJZBuDi0;0047ccfce2950a1cb2970ff950fbe339;145;P
Philips;LaFYHfPIfz;9b0decfeab88f7b52e7a1e88fecc19fd;145;S
Philips;LaFYHfPIfz;9b0decfeab88f7b52e7a1e88fecc19fd;145;P
Mcmillin;7PjddADhWm;de348331bf1ac9fd0d48ad0c67b45069;145;S
Mcmillin;7PjddADhWm;de348331bf1ac9fd0d48ad0c67b45069;145;P
Clouston;NjbxB748uo;dabac7748bc9e92f9c6da5fa554b15a4;146;S
Clouston;NjbxB748uo;dabac7748bc9e92f9c6da5fa554b15a4;146;P
Pruter;5MWez7iiMl;0d1ec42bd263b76859ec62820751d5eb;146;S
Pruter;5MWez7iiMl;0d1ec42bd263b76859ec62820751d5eb;146;P
Molt;J4TPpFYvTK;838293236a2011649ffc58eefc0f751f;146;S
Molt;J4TPpFYvTK;838293236a2011649ffc58eefc0f751f;146;P
Kelley;4hnUAgbjPL;d313cf06ec807f9fe727820f8a5825d6;146;S
Kelley;4hnUAgbjPL;d313cf06ec807f9fe727820f8a5825d6;146;P
Leemaster;mXEu0idna0;7cb888bc8e9314f3711709acfc9b8713;146;S
Leemaster;mXEu0idna0;7cb888bc8e9314f3711709acfc9b8713;146;P
Handing;w25YnciSRh;f865efeb85d73e9edcf438c61814c948;146;S
Handing;w25YnciSRh;f865efeb85d73e9edcf438c61814c948;146;P
Perryman;dSeoRavLxi;3d1417a2efb76e79742c143aea2b8b30;146;S
Perryman;dSeoRavLxi;3d1417a2efb76e79742c143aea2b8b30;146;P
Siona;8e8wrmxU5O;c6f3163aed6a3ec2d8a06de2cacdc19b;146;S
Siona;8e8wrmxU5O;c6f3163aed6a3ec2d8a06de2cacdc19b;146;P
Pennelle;DnPlVh4BcQ;14ca94e46e8d54a297f9ef5713bc6d46;146;S
Pennelle;DnPlVh4BcQ;14ca94e46e8d54a297f9ef5713bc6d46;146;P
Liesmann;HVjxTMa8rG;b5e6b60bc8f80dc19ea7115a6f9b6793;146;S
Liesmann;HVjxTMa8rG;b5e6b60bc8f80dc19ea7115a6f9b6793;146;P
Cipolone;1vY6lTY08Z;8dad0e42d7db560b62725583513a0c90;146;S
Cipolone;1vY6lTY08Z;8dad0e42d7db560b62725583513a0c90;146;P
Shambley;BECqSw7700;ba87fb2456982ddefbc739da2dafba4c;146;S
Shambley;BECqSw7700;ba87fb2456982ddefbc739da2dafba4c;146;P
Rane;8gcDa2WVG8;30ebaf189f7e519e9623e739565982b5;146;S
Rane;8gcDa2WVG8;30ebaf189f7e519e9623e739565982b5;146;P
Feleppa;IMwtoON8Tg;462d11dd7600de809bba2e03e64bf9a2;146;S
Feleppa;IMwtoON8Tg;462d11dd7600de809bba2e03e64bf9a2;146;P
Birkey;ZLnWyNi1aG;b941497d5c855cd20a7eb408de317672;146;S
Birkey;ZLnWyNi1aG;b941497d5c855cd20a7eb408de317672;146;P
Hamburger;P4NNuFlO02;48cf7038b91920cdf569591198f7c057;146;S
Hamburger;P4NNuFlO02;48cf7038b91920cdf569591198f7c057;146;P
Yauck;hsN9w6vxr5;d29eb90665c3c9421861dd12ffff9eef;146;S
Yauck;hsN9w6vxr5;d29eb90665c3c9421861dd12ffff9eef;146;P
Mahaley;oDZsXPuvl6;f9ad4ab07a1bd1faf60f1d9cccfc76f6;146;S
Mahaley;oDZsXPuvl6;f9ad4ab07a1bd1faf60f1d9cccfc76f6;146;P
Lessard;MbG7xX2nro;f7728c9c3402f05dabcf6bea8e5d6137;146;S
Lessard;MbG7xX2nro;f7728c9c3402f05dabcf6bea8e5d6137;146;P
Dible;76GdPKe2cd;fb09f940587b81c1ca28e3a4a5279b14;146;S
Dible;76GdPKe2cd;fb09f940587b81c1ca28e3a4a5279b14;146;P
Gaunce;MeDCQmvmPA;7f383dca3ffb7dd49bd12870daa90cce;146;S
Gaunce;MeDCQmvmPA;7f383dca3ffb7dd49bd12870daa90cce;146;P
Stanish;XPAa8DNn3o;615f370aa475b3991262125a3943c255;146;S
Stanish;XPAa8DNn3o;615f370aa475b3991262125a3943c255;146;P
Manthe;ZTyhWTBxSI;5b9b386d256119e74a24da77c791e504;146;S
Manthe;ZTyhWTBxSI;5b9b386d256119e74a24da77c791e504;146;P
Mushrush;IdkcfmiDBc;c291aa8b53181bf45ade24e2595cfd04;146;S
Mushrush;IdkcfmiDBc;c291aa8b53181bf45ade24e2595cfd04;146;P
Igoe;IGqkxZKz3i;db832f873339d91a4457996a0b2138f7;146;S
Igoe;IGqkxZKz3i;db832f873339d91a4457996a0b2138f7;146;P
Lotta;W5aza7aJun;47f7e04b5f7408981de6b4aebec33d98;146;S
Lotta;W5aza7aJun;47f7e04b5f7408981de6b4aebec33d98;146;P
Calrk;b9VIYhEjKB;073e38473ae0adadff8b15089a13835f;146;S
Calrk;b9VIYhEjKB;073e38473ae0adadff8b15089a13835f;146;P
Netterville;6YawGSN8cb;e6852da539d684d93129b9e40c1a8a11;146;S
Netterville;6YawGSN8cb;e6852da539d684d93129b9e40c1a8a11;146;P
Claire;lWNrrcKuI3;eb2e6025891d7915b762006b8a1ca82c;146;S
Claire;lWNrrcKuI3;eb2e6025891d7915b762006b8a1ca82c;146;P
Faigle;6U5DEe9siz;7503a558d3f54146ae29d90504bcf73e;147;S
Faigle;6U5DEe9siz;7503a558d3f54146ae29d90504bcf73e;147;P
Bevelacqua;rEsqiYsxQj;28d1679b964f1afbdc51870a3a467cdb;147;S
Bevelacqua;rEsqiYsxQj;28d1679b964f1afbdc51870a3a467cdb;147;P
Menne;khKUHBfHok;e34af39f33a532ac94735221950a7f98;147;S
Menne;khKUHBfHok;e34af39f33a532ac94735221950a7f98;147;P
Glawson;JCr3z9a1LA;441a411a15149d5132650e55ddf2cde5;147;S
Glawson;JCr3z9a1LA;441a411a15149d5132650e55ddf2cde5;147;P
Lill;WIxdf5ePcA;42d781773c6ae89f48bb3c8f30ce415a;147;S
Lill;WIxdf5ePcA;42d781773c6ae89f48bb3c8f30ce415a;147;P
Jayes;H6kx2EBlON;0ff33fd9d5aa2dc59f025b734a346ad1;147;S
Jayes;H6kx2EBlON;0ff33fd9d5aa2dc59f025b734a346ad1;147;P
Newes;aQt03fLema;8033dd48b793b46cc497e6b5fc408348;147;S
Newes;aQt03fLema;8033dd48b793b46cc497e6b5fc408348;147;P
Kaumans;9rH8z9sZYw;b08df5671abcc44e38f980d4b18b8876;147;S
Kaumans;9rH8z9sZYw;b08df5671abcc44e38f980d4b18b8876;147;P
Likar;qY1AgwDJ1c;e9401bed619feea9da35c008ac138214;147;S
Likar;qY1AgwDJ1c;e9401bed619feea9da35c008ac138214;147;P
Guyll;eKCRuy1OFR;2c844ef74330c69fa5ce7e10459e98ae;147;S
Guyll;eKCRuy1OFR;2c844ef74330c69fa5ce7e10459e98ae;147;P
Belmonte;PwcKOfkNai;c477ca8242424dde57bb764f557696ba;147;S
Belmonte;PwcKOfkNai;c477ca8242424dde57bb764f557696ba;147;P
Kilbane;dWg1y8xGlO;2e24f18200c49b86ea118e6aeca40fca;147;S
Kilbane;dWg1y8xGlO;2e24f18200c49b86ea118e6aeca40fca;147;P
Groetsch;VEY0sDS1v2;9acffa835fffea0d873477bb724018a6;147;S
Groetsch;VEY0sDS1v2;9acffa835fffea0d873477bb724018a6;147;P
Kippley;x6QKF0rHs0;e6412cfb6b4d5fb09a270743447ea0ff;147;S
Kippley;x6QKF0rHs0;e6412cfb6b4d5fb09a270743447ea0ff;147;P
Hilton;x5MIz3nxAE;304e067e8c98468815497e3e682de59e;147;S
Hilton;x5MIz3nxAE;304e067e8c98468815497e3e682de59e;147;P
Riemer;5ltJKYdZdz;bed61d216e19abdf3acf426ce27d45fa;147;S
Riemer;5ltJKYdZdz;bed61d216e19abdf3acf426ce27d45fa;147;P
Rehn;hxhMUkIQ4u;e34d483804c47b2af796399c0f9b31bb;147;S
Rehn;hxhMUkIQ4u;e34d483804c47b2af796399c0f9b31bb;147;P
Colby;KE52q8JYvF;2853fbee68872d0a31bd9df566c2add1;147;S
Colby;KE52q8JYvF;2853fbee68872d0a31bd9df566c2add1;147;P
Osumi;PcxccLaFiW;70b89bc843c8d9862fab9e94a3f067eb;147;S
Osumi;PcxccLaFiW;70b89bc843c8d9862fab9e94a3f067eb;147;P
Kornreich;ZTnfyA0gS7;68bbc9b80cb456c3542f6b6bcfe1daad;147;S
Kornreich;ZTnfyA0gS7;68bbc9b80cb456c3542f6b6bcfe1daad;147;P
Burge;EqjRFpGCVF;9589ff247e81731c1b885e28734af9d7;147;S
Burge;EqjRFpGCVF;9589ff247e81731c1b885e28734af9d7;147;P
Buchanan;pYkpdT0UPm;834aa1baa0ea3a8c4f334148c6d6f779;147;S
Buchanan;pYkpdT0UPm;834aa1baa0ea3a8c4f334148c6d6f779;147;P
Vallarta;kTkHVyNQ2v;a435c423f44ee5b27cc071f7a3593f97;147;S
Vallarta;kTkHVyNQ2v;a435c423f44ee5b27cc071f7a3593f97;147;P
Capra;UHwgV6C5KS;91d232a6c5ef57dc5041d027932f7a90;147;S
Capra;UHwgV6C5KS;91d232a6c5ef57dc5041d027932f7a90;147;P
Torrey;53rsQcZuGK;ffcf3329dda74ac3625d197c1c91dec8;147;S
Torrey;53rsQcZuGK;ffcf3329dda74ac3625d197c1c91dec8;147;P
Frohlich;HAmv9FHxt2;12378105c4a094b7c225f0b9bda9f89f;147;S
Frohlich;HAmv9FHxt2;12378105c4a094b7c225f0b9bda9f89f;147;P
Driscoll;ddBbgC3u7I;6a4aea4f6648ba7107c1e9c1585b0eb6;147;S
Driscoll;ddBbgC3u7I;6a4aea4f6648ba7107c1e9c1585b0eb6;147;P
Chamnanphony;llz5LN5JLW;9a5db00ad867624a3d9cd2e4df7ff293;147;S
Chamnanphony;llz5LN5JLW;9a5db00ad867624a3d9cd2e4df7ff293;147;P
Peltier;ciVv2QDESb;d1cd9606ecbe01ffae0bbb568e1352ea;147;S
Peltier;ciVv2QDESb;d1cd9606ecbe01ffae0bbb568e1352ea;147;P
Garriga;vrwW8ZmJq0;f0201baba7d1134beef0ac743a0e86ea;147;S
Garriga;vrwW8ZmJq0;f0201baba7d1134beef0ac743a0e86ea;147;P
Shinaberry;ZxCKYSMVkZ;6ddd1df05d8a999e58e0ffd311b39c37;148;S
Shinaberry;ZxCKYSMVkZ;6ddd1df05d8a999e58e0ffd311b39c37;148;P
Morello;tz4gQNkUf7;6b6774b3015948576fd80fdef92c2e34;148;S
Morello;tz4gQNkUf7;6b6774b3015948576fd80fdef92c2e34;148;P
Schnure;0qjfCksoQ3;e9016c6a7e0801be1191da5dc02ac5de;148;S
Schnure;0qjfCksoQ3;e9016c6a7e0801be1191da5dc02ac5de;148;P
Woolstenhulme;oSyNzLfEq6;b062ff580f58bed48180f9fc978779f2;148;S
Woolstenhulme;oSyNzLfEq6;b062ff580f58bed48180f9fc978779f2;148;P
Micali;PkPBAcekHU;237d06d64354733c7db9ecef7ac27113;148;S
Micali;PkPBAcekHU;237d06d64354733c7db9ecef7ac27113;148;P
Zorc;dh35ddK2Eq;f06faa286e4f19773a0b44fef5b6e663;148;S
Zorc;dh35ddK2Eq;f06faa286e4f19773a0b44fef5b6e663;148;P
Minert;bZCSMh3jMu;c87ceea444abde3b3258941fbc2b6567;148;S
Minert;bZCSMh3jMu;c87ceea444abde3b3258941fbc2b6567;148;P
Brosky;bYWmHdt1ce;0617d15961a89cf57f7ef17936725f4d;148;S
Brosky;bYWmHdt1ce;0617d15961a89cf57f7ef17936725f4d;148;P
Drutman;Z0XtK8D9u9;9fea0cae0dafe4f3da7aa0885ef70711;148;S
Drutman;Z0XtK8D9u9;9fea0cae0dafe4f3da7aa0885ef70711;148;P
Wittmann;rZEPPSFA0L;38fb520586ea0bd07654cee088769cf6;148;S
Wittmann;rZEPPSFA0L;38fb520586ea0bd07654cee088769cf6;148;P
Poet;z3BgHb8jE2;3e4b7330867812be6276d7668d912098;148;S
Poet;z3BgHb8jE2;3e4b7330867812be6276d7668d912098;148;P
Hunkin;1emxGIw0Bl;ca731152e7b010eb743b11bf3e562aa6;148;S
Hunkin;1emxGIw0Bl;ca731152e7b010eb743b11bf3e562aa6;148;P
Lempicki;z2TT9YjiPo;a0f51831fc6cee6f769263bd75abf665;148;S
Lempicki;z2TT9YjiPo;a0f51831fc6cee6f769263bd75abf665;148;P
Berreth;Cz9nrQXFMn;77be578780d67adfad3dcf1280b817b0;148;S
Berreth;Cz9nrQXFMn;77be578780d67adfad3dcf1280b817b0;148;P
Koperski;MRW0s3GnUT;e9c73f644dead119addccf18a318d88a;148;S
Koperski;MRW0s3GnUT;e9c73f644dead119addccf18a318d88a;148;P
Stegmann;unE9jQuTRK;409c029cff01608222cd2e9476c856d5;148;S
Stegmann;unE9jQuTRK;409c029cff01608222cd2e9476c856d5;148;P
Guadalupe;dWN3VLBRSM;7a6630328e19fe199dd107bf5a18773a;148;S
Guadalupe;dWN3VLBRSM;7a6630328e19fe199dd107bf5a18773a;148;P
Mattiello;26zqkSR3CW;ed2e06dc9fc07ab06ee9b82a01f39ff5;148;S
Mattiello;26zqkSR3CW;ed2e06dc9fc07ab06ee9b82a01f39ff5;148;P
Tjepkema;UjtVCfGJvu;baf123cafed1b75af1903ed4c2de9353;148;S
Tjepkema;UjtVCfGJvu;baf123cafed1b75af1903ed4c2de9353;148;P
Freidin;dgdsNLcZOI;526434a67b71511d4e49ad59e0816ba9;148;S
Freidin;dgdsNLcZOI;526434a67b71511d4e49ad59e0816ba9;148;P
Tonini;3DrOyorHGO;a1d94b92e74fc360cb78a524feaac68b;148;S
Tonini;3DrOyorHGO;a1d94b92e74fc360cb78a524feaac68b;148;P
Eddinger;lGYtzxqJg5;bff0d3ca8ce6270c7abf215039c3f4a9;148;S
Eddinger;lGYtzxqJg5;bff0d3ca8ce6270c7abf215039c3f4a9;148;P
Schweer;0NHtgxdn2L;fbc4a09e9dd1baca7b97a07a0f367093;148;S
Schweer;0NHtgxdn2L;fbc4a09e9dd1baca7b97a07a0f367093;148;P
Flipp;8KtXGOuzqo;1fb4a785df564b340cf2c62201b98fc8;148;S
Flipp;8KtXGOuzqo;1fb4a785df564b340cf2c62201b98fc8;148;P
Katlyn;XpHNWJPkI5;cf44476eae5c57aa287cff00fd7eeee5;148;S
Katlyn;XpHNWJPkI5;cf44476eae5c57aa287cff00fd7eeee5;148;P
Kaui;VwdKj7hd3i;830596996ac6c7241e1c593b3e09cd09;148;S
Kaui;VwdKj7hd3i;830596996ac6c7241e1c593b3e09cd09;148;P
Standiford;mi6MpguHrC;d7042e8b1cac186b8b3720cc62a1f909;148;S
Standiford;mi6MpguHrC;d7042e8b1cac186b8b3720cc62a1f909;148;P
Solange;0M8HBgH2A9;f259b7aa7afb776c51403b81d62bb921;148;S
Solange;0M8HBgH2A9;f259b7aa7afb776c51403b81d62bb921;148;P
Vanderkooi;TxCLgMqw1y;0954f1d78bbde84dee502c6c2af617b0;148;S
Vanderkooi;TxCLgMqw1y;0954f1d78bbde84dee502c6c2af617b0;148;P
Branch;zezHPkgePY;eaecfb4656c10e531015cdf7955b22b7;148;S
Branch;zezHPkgePY;eaecfb4656c10e531015cdf7955b22b7;148;P
Izzard;sft9geCdNU;344ada90416f8ebda56d7ca3304bcf17;149;S
Izzard;sft9geCdNU;344ada90416f8ebda56d7ca3304bcf17;149;P
Burchess;qWo9Nue1YQ;1c1bd6d317f1aa29f412bac9b61cae70;149;S
Burchess;qWo9Nue1YQ;1c1bd6d317f1aa29f412bac9b61cae70;149;P
Reekie;GF682UuFaz;f52b00567006fa28d6b57dcac245090f;149;S
Reekie;GF682UuFaz;f52b00567006fa28d6b57dcac245090f;149;P
Rackett;p7yBszVDpV;848e9da7db94498487be16899ac7225c;149;S
Rackett;p7yBszVDpV;848e9da7db94498487be16899ac7225c;149;P
Osden;IHKhf8C5uw;7bf616050b6d0c898a502dd8148a7790;149;S
Osden;IHKhf8C5uw;7bf616050b6d0c898a502dd8148a7790;149;P
Luck;33vtpj1DHg;a949d68e9aa70722569a322dfb834de4;149;S
Luck;33vtpj1DHg;a949d68e9aa70722569a322dfb834de4;149;P
Losneck;t0POiw1GCB;e211093bdc3b474d785f7b28fcfd6e1a;149;S
Losneck;t0POiw1GCB;e211093bdc3b474d785f7b28fcfd6e1a;149;P
Gaerlan;F3gL2ae07I;a79c743fa037a7636c1546efc85b1f61;149;S
Gaerlan;F3gL2ae07I;a79c743fa037a7636c1546efc85b1f61;149;P
Jedik;1qohmovtHQ;9a56126a174f2338cfde56dfa7123167;149;S
Jedik;1qohmovtHQ;9a56126a174f2338cfde56dfa7123167;149;P
Daskal;m5NSVtJ59u;b6906de36dd5b38e15041394eb067936;149;S
Daskal;m5NSVtJ59u;b6906de36dd5b38e15041394eb067936;149;P
Yambao;F59WyKMHGr;dedddae0a01823ae08ab17cbe8773c6d;149;S
Yambao;F59WyKMHGr;dedddae0a01823ae08ab17cbe8773c6d;149;P
Dellaratta;qBbAwW0ivE;dfaaefa2f9c80003520b3a4ecfb6db78;149;S
Dellaratta;qBbAwW0ivE;dfaaefa2f9c80003520b3a4ecfb6db78;149;P
Galson;v6LCD7SgPQ;2c3c3f90f4387a271132329cc4691cb2;149;S
Galson;v6LCD7SgPQ;2c3c3f90f4387a271132329cc4691cb2;149;P
Holahan;EYwxgAvWAq;dffcbae45e5a28e352fc88053def3217;149;S
Holahan;EYwxgAvWAq;dffcbae45e5a28e352fc88053def3217;149;P
Paviolitis;Gp4rOcRLN9;32d78ab693e7c71620def564eab0fdee;149;S
Paviolitis;Gp4rOcRLN9;32d78ab693e7c71620def564eab0fdee;149;P
Pontremoli;cNmylhEQjB;cfd490d54a86cf48aa2ca012c3df78ec;149;S
Pontremoli;cNmylhEQjB;cfd490d54a86cf48aa2ca012c3df78ec;149;P
Bodovsky;5yt5ZLsxCy;d9f7615717072f3037e5a1d47bae93d7;149;S
Bodovsky;5yt5ZLsxCy;d9f7615717072f3037e5a1d47bae93d7;149;P
Bolado;5HClGwU5gn;ff8c7c85b4b05492f255ec0014b30eba;149;S
Bolado;5HClGwU5gn;ff8c7c85b4b05492f255ec0014b30eba;149;P
Wehmeyer;csL1o78VG1;31d61f1fb6f4d78cd4f334f49eca8935;149;S
Wehmeyer;csL1o78VG1;31d61f1fb6f4d78cd4f334f49eca8935;149;P
Rapson;z4YHmgyeh2;9c72dd2ccbb1e2b9ac7b60329d8b38cc;149;S
Rapson;z4YHmgyeh2;9c72dd2ccbb1e2b9ac7b60329d8b38cc;149;P
Heaberlin;9H61WkaIOM;771216ca977087b34e424580be97210a;149;S
Heaberlin;9H61WkaIOM;771216ca977087b34e424580be97210a;149;P
Beula;KXeNlebcS0;1526ae0e1018914c9d65a9cd2d32f07a;149;S
Beula;KXeNlebcS0;1526ae0e1018914c9d65a9cd2d32f07a;149;P
Gremler;DYDZIUzLsP;2d40de533b9515d27709abacaead9af9;149;S
Gremler;DYDZIUzLsP;2d40de533b9515d27709abacaead9af9;149;P
Hadef;y3zbp5chIc;9963d94090b4a09a7248ebd16d9dbcd3;149;S
Hadef;y3zbp5chIc;9963d94090b4a09a7248ebd16d9dbcd3;149;P
Dallas;MZhn662J33;a40f83c58d2753367f5ee51799eb6ac5;149;S
Dallas;MZhn662J33;a40f83c58d2753367f5ee51799eb6ac5;149;P
Henjes;ijT9VH8Ppq;bdbd8d1c717aa591b7c97bba69860b9c;149;S
Henjes;ijT9VH8Ppq;bdbd8d1c717aa591b7c97bba69860b9c;149;P
Hessey;Tg3XsWvcWz;824140b60bfb49f0a14f7cc0257c7d2f;149;S
Hessey;Tg3XsWvcWz;824140b60bfb49f0a14f7cc0257c7d2f;149;P
Yaish;gWDFOvJx7f;98aae8004a67ddfe979aeab56e4af176;149;S
Yaish;gWDFOvJx7f;98aae8004a67ddfe979aeab56e4af176;149;P
Wanser;YjM6pSdQKP;13f0fddeb1660ff062d51c0175aa9d03;149;S
Wanser;YjM6pSdQKP;13f0fddeb1660ff062d51c0175aa9d03;149;P
Rosella;fqdMnUrBio;153ab689b9800196f472536a78f9f6e4;149;S
Rosella;fqdMnUrBio;153ab689b9800196f472536a78f9f6e4;149;P
Cornelio;4dvvMaBWqi;80564a3756c005758a6bf7db382884bd;150;S
Cornelio;4dvvMaBWqi;80564a3756c005758a6bf7db382884bd;150;P
Wescom;TYMXJ73TWT;3a4a5dc4320c2675d4720093cfe9668b;150;S
Wescom;TYMXJ73TWT;3a4a5dc4320c2675d4720093cfe9668b;150;P
Mahuna;cwwGIv9vDH;37fdd826d230798920f7e7020906126b;150;S
Mahuna;cwwGIv9vDH;37fdd826d230798920f7e7020906126b;150;P
Roesch;4JONxsEydj;c74967e74da2ade000b282e448ddb7bf;150;S
Roesch;4JONxsEydj;c74967e74da2ade000b282e448ddb7bf;150;P
Manso;peyf0UcPDf;49cbb6dc3aea1ec15982b3d0154d06e0;150;S
Manso;peyf0UcPDf;49cbb6dc3aea1ec15982b3d0154d06e0;150;P
Massaquoi;53YjvvOAJE;0f12718d7fd0c08a7e8f27c0e6eaff8a;150;S
Massaquoi;53YjvvOAJE;0f12718d7fd0c08a7e8f27c0e6eaff8a;150;P
Heaston;A8yAN3bftP;18aab9b8e3ef5176b7bdd8cd51e4a21f;150;S
Heaston;A8yAN3bftP;18aab9b8e3ef5176b7bdd8cd51e4a21f;150;P
Redder;CkMnWCpVjX;7df80e55db018604c6050e5561ca747f;150;S
Redder;CkMnWCpVjX;7df80e55db018604c6050e5561ca747f;150;P
Jacqulyn;bd3MWxu9e4;803eb88d66e26fed165663ffacdfaabe;150;S
Jacqulyn;bd3MWxu9e4;803eb88d66e26fed165663ffacdfaabe;150;P
Tanori;C8FfrN790P;3ec341cd6bd856f4574e28f0f8c1c2d7;150;S
Tanori;C8FfrN790P;3ec341cd6bd856f4574e28f0f8c1c2d7;150;P
Moncus;dG9ikaNkIi;51411ee502c390cde85f526f27427b1f;150;S
Moncus;dG9ikaNkIi;51411ee502c390cde85f526f27427b1f;150;P
Lanie;tK1d2Iq1Py;61c7cc22b7226a626a8d1ae9dd6337de;150;S
Lanie;tK1d2Iq1Py;61c7cc22b7226a626a8d1ae9dd6337de;150;P
Bellott;OZqzq7OiZb;8c710d2e283265f2a04204762101ebaa;150;S
Bellott;OZqzq7OiZb;8c710d2e283265f2a04204762101ebaa;150;P
Couch;fKsEulraHN;75455619721792531f8ddfb0b4298ac8;150;S
Couch;fKsEulraHN;75455619721792531f8ddfb0b4298ac8;150;P
Kitching;fQaHFlo3Ae;7afec48e09e3ab4f06b2bbeb2274d4d8;150;S
Kitching;fQaHFlo3Ae;7afec48e09e3ab4f06b2bbeb2274d4d8;150;P
Yacoub;tgLrKGld9t;ddc7a11b1cab70f6240577c593b7d928;150;S
Yacoub;tgLrKGld9t;ddc7a11b1cab70f6240577c593b7d928;150;P
Ted;2th6Opf1Ny;e9c15e79aab7787df82d5dddc65f284d;150;S
Ted;2th6Opf1Ny;e9c15e79aab7787df82d5dddc65f284d;150;P
Grauer;gcXt9PsaQU;2a1b66e2f433dbda009c1b595dccc843;150;S
Grauer;gcXt9PsaQU;2a1b66e2f433dbda009c1b595dccc843;150;P
Blanchette;2hiuwqnt3F;fd9040ee2b785948a2ce6889d5220d23;150;S
Blanchette;2hiuwqnt3F;fd9040ee2b785948a2ce6889d5220d23;150;P
Clarbour;yEfuiBAiig;caa229a9590b562ef2c3d7752bce8a82;150;S
Clarbour;yEfuiBAiig;caa229a9590b562ef2c3d7752bce8a82;150;P
Stamand;hQ9o3mRKn7;63c791c94e139652d32f152f017f79d6;150;S
Stamand;hQ9o3mRKn7;63c791c94e139652d32f152f017f79d6;150;P
Leaver;bfPA7Ebscg;90ac9bc9556c23bf462d2ede298c0db5;150;S
Leaver;bfPA7Ebscg;90ac9bc9556c23bf462d2ede298c0db5;150;P
Kahoun;sF751JWumA;6fc53bf0c49fb7aa6ae5e4bcba52e901;150;S
Kahoun;sF751JWumA;6fc53bf0c49fb7aa6ae5e4bcba52e901;150;P
Gautier;Jx8r92Q1dc;02633c8a445a4c447e535b9bcfa84cc6;150;S
Gautier;Jx8r92Q1dc;02633c8a445a4c447e535b9bcfa84cc6;150;P
Harington;x7AOCTxrJs;ad00d6e4dbfbec02abdfe9ab431226e6;150;S
Harington;x7AOCTxrJs;ad00d6e4dbfbec02abdfe9ab431226e6;150;P
Oliverson;xvbAgW2mv6;a1e528b5cc587ed43b341eb8a9299b15;150;S
Oliverson;xvbAgW2mv6;a1e528b5cc587ed43b341eb8a9299b15;150;P
Hoops;hhdaGZrXur;7235a35206a31abe83bcd8a1adeebb5b;150;S
Hoops;hhdaGZrXur;7235a35206a31abe83bcd8a1adeebb5b;150;P
Koppes;uLB8r6XAh5;056af6ac5c582b583c42864d1210d006;150;S
Koppes;uLB8r6XAh5;056af6ac5c582b583c42864d1210d006;150;P
Dullum;9goQr4UbQY;c33e3e8572fb4fb8ebd376cf8cb08b6b;150;S
Dullum;9goQr4UbQY;c33e3e8572fb4fb8ebd376cf8cb08b6b;150;P
Pullie;ilRdIFQ40q;d39ee69f4fbaa93e1b110da48e99afaf;150;S
Pullie;ilRdIFQ40q;d39ee69f4fbaa93e1b110da48e99afaf;150;P
Pella;VerP4UVNHu;41c79488757e79c8523a322dcf2d115b;151;S
Pella;VerP4UVNHu;41c79488757e79c8523a322dcf2d115b;151;P
Grosch;utJKkYenzo;c7cfb8622e888f1a843b93fccb4c90f3;151;S
Grosch;utJKkYenzo;c7cfb8622e888f1a843b93fccb4c90f3;151;P
Dimon;FdcxUY422A;4507359687c61033789c3113c16034eb;151;S
Dimon;FdcxUY422A;4507359687c61033789c3113c16034eb;151;P
Musser;X0rW1M0ZZe;060353da0678546fd6e3ffc7a0cbf49f;151;S
Musser;X0rW1M0ZZe;060353da0678546fd6e3ffc7a0cbf49f;151;P
Cokely;3PEoP5hHkk;895348ad47ba1a6f12b7e6e84e1e0608;151;S
Cokely;3PEoP5hHkk;895348ad47ba1a6f12b7e6e84e1e0608;151;P
Miraflores;ar86Cg8uCX;69e530ce0fbaea4fa04604b73298e1bc;151;S
Miraflores;ar86Cg8uCX;69e530ce0fbaea4fa04604b73298e1bc;151;P
Manjarrez;9HFb8uguh7;8fd534347e36216106c12198e490fc29;151;S
Manjarrez;9HFb8uguh7;8fd534347e36216106c12198e490fc29;151;P
Katheryn;zHIFp2ndEM;0f82c682588c814f6b638ced07aab2ab;151;S
Katheryn;zHIFp2ndEM;0f82c682588c814f6b638ced07aab2ab;151;P
Locher;PY9xjF8Cev;ac01376902bf95ecf00b830d604d2c49;151;S
Locher;PY9xjF8Cev;ac01376902bf95ecf00b830d604d2c49;151;P
Hobkirk;5rCTaVymqO;dc80c2f17b23c054baa72d33cebac950;151;S
Hobkirk;5rCTaVymqO;dc80c2f17b23c054baa72d33cebac950;151;P
Duartes;19xZBkIxn4;90ee1d8b382048b31240dbdb23f29f01;151;S
Duartes;19xZBkIxn4;90ee1d8b382048b31240dbdb23f29f01;151;P
Corrigeux;pISMD0BwBz;5d9e2c5dca8fb99626ea8f9d339d4d3a;151;S
Corrigeux;pISMD0BwBz;5d9e2c5dca8fb99626ea8f9d339d4d3a;151;P
Paschal;1ntapNT1nL;97838fa79e179f55202072b05d814d4f;151;S
Paschal;1ntapNT1nL;97838fa79e179f55202072b05d814d4f;151;P
Nagele;cUDWJfvulM;8dfd7de9550f19c6d7df8acabfb95f4d;151;S
Nagele;cUDWJfvulM;8dfd7de9550f19c6d7df8acabfb95f4d;151;P
Sheridan;wj1LiBjtIM;a1f69c11c888dc7d439ad78688e39639;151;S
Sheridan;wj1LiBjtIM;a1f69c11c888dc7d439ad78688e39639;151;P
Bour;kvtBb2f81z;14a4695ac7ac20cab5687adfc823eb5b;151;S
Bour;kvtBb2f81z;14a4695ac7ac20cab5687adfc823eb5b;151;P
Trimpe;gb4KpdClme;6002eb66734935ebb2fe451c1959572c;151;S
Trimpe;gb4KpdClme;6002eb66734935ebb2fe451c1959572c;151;P
Lenertz;1jXu6rKM0e;0218da07a05895e378eacaec02b9572b;151;S
Lenertz;1jXu6rKM0e;0218da07a05895e378eacaec02b9572b;151;P
Lamos;DYni9LDdZL;62db68cc43deba1e1a5d4d7522b46e21;151;S
Lamos;DYni9LDdZL;62db68cc43deba1e1a5d4d7522b46e21;151;P
Marge;yCmjg8ChHe;80e445dae7debbcf5067d48282558de2;151;S
Marge;yCmjg8ChHe;80e445dae7debbcf5067d48282558de2;151;P
Crawn;kKimTMUgyo;bcf4c2202a30fa3c486c8716279c5aeb;151;S
Crawn;kKimTMUgyo;bcf4c2202a30fa3c486c8716279c5aeb;151;P
Elbahtity;OjpJMVie0u;98c2294e080ec7bbc4c5ee3e05dc3493;151;S
Elbahtity;OjpJMVie0u;98c2294e080ec7bbc4c5ee3e05dc3493;151;P
Nishikawa;PJgj0vXXqO;3c3e1a9d597ba136cb70ed160b288610;151;S
Nishikawa;PJgj0vXXqO;3c3e1a9d597ba136cb70ed160b288610;151;P
Poter;3kIe8Hb73c;35ffc9a934a7efe260394b5c64edf498;151;S
Poter;3kIe8Hb73c;35ffc9a934a7efe260394b5c64edf498;151;P
Bridenbecker;L9RjyiHTdb;8903c3912508be0290e64ae4fe195b56;151;S
Bridenbecker;L9RjyiHTdb;8903c3912508be0290e64ae4fe195b56;151;P
Burrel;jJIT6AcrJs;30a24f816e8065f2d403feabf8f76996;151;S
Burrel;jJIT6AcrJs;30a24f816e8065f2d403feabf8f76996;151;P
Presnar;QehLKO1jJY;397722caa07ab0a14778e30540a487aa;151;S
Presnar;QehLKO1jJY;397722caa07ab0a14778e30540a487aa;151;P
Sabini;62y74A0s6w;f25a6c95a9202ef1f10e7356de3bca30;151;S
Sabini;62y74A0s6w;f25a6c95a9202ef1f10e7356de3bca30;151;P
Blackston;8Gbod6WzDN;33a6faa94dbe78f89153f4a5dbbd6636;151;S
Blackston;8Gbod6WzDN;33a6faa94dbe78f89153f4a5dbbd6636;151;P
Lente;B3fG4FQJaL;df0dff0b569ef8144125552a0353ab03;151;S
Lente;B3fG4FQJaL;df0dff0b569ef8144125552a0353ab03;151;P
Faith;ox6aoAuKgU;f705b5adbe694bbe03e04e614475379a;152;S
Faith;ox6aoAuKgU;f705b5adbe694bbe03e04e614475379a;152;P
Yaskiewicz;HPHMM2qcGb;21a037caa211f8b9916c3b3159163aa1;152;S
Yaskiewicz;HPHMM2qcGb;21a037caa211f8b9916c3b3159163aa1;152;P
Shives;3ijLCH1AvE;5c6dc1c6f203a9d5d1314d7d260c2e19;152;S
Shives;3ijLCH1AvE;5c6dc1c6f203a9d5d1314d7d260c2e19;152;P
Winston;YUrgA8fWSd;a5b008afa7f08b6feb2aab24ae88ab82;152;S
Winston;YUrgA8fWSd;a5b008afa7f08b6feb2aab24ae88ab82;152;P
Copeland;iHXpnfOEpu;119448c9e4d5075801cab5a7741b8809;152;S
Copeland;iHXpnfOEpu;119448c9e4d5075801cab5a7741b8809;152;P
Eggen;PzBiNrZxN1;54bdeb159cd24544acf6cfb0a66be448;152;S
Eggen;PzBiNrZxN1;54bdeb159cd24544acf6cfb0a66be448;152;P
Hoffmeyer;Pfc18xxfmZ;c1fdccefc597d10b73734d88d9c68ec2;152;S
Hoffmeyer;Pfc18xxfmZ;c1fdccefc597d10b73734d88d9c68ec2;152;P
Philippe;6Jn7XLjcw9;19542bc21c128deaf70f5f4db9daaa42;152;S
Philippe;6Jn7XLjcw9;19542bc21c128deaf70f5f4db9daaa42;152;P
Bromfield;kcc17LSPZi;e66ce018fb72009dbe054c81ff55210d;152;S
Bromfield;kcc17LSPZi;e66ce018fb72009dbe054c81ff55210d;152;P
Zolman;guafupGYwM;26ddaa10887bcb0f5b7014669708769c;152;S
Zolman;guafupGYwM;26ddaa10887bcb0f5b7014669708769c;152;P
Juris;xKVL2qDHHI;5f7e384dc5fd8590fb52bcab422ccacb;152;S
Juris;xKVL2qDHHI;5f7e384dc5fd8590fb52bcab422ccacb;152;P
Bertolasio;oTj8xyc8xS;2343faee07a0ee0a25d81073de7cc276;152;S
Bertolasio;oTj8xyc8xS;2343faee07a0ee0a25d81073de7cc276;152;P
Sayers;kqWmKOSjIi;c7c56c7d47506a86902716b681ac9a5b;152;S
Sayers;kqWmKOSjIi;c7c56c7d47506a86902716b681ac9a5b;152;P
Romani;ntbBq03LyN;7faba82c07ead26023170e1d78ae8367;152;S
Romani;ntbBq03LyN;7faba82c07ead26023170e1d78ae8367;152;P
Martelli;tYelEVGTyR;5cf57cc1b9113aef4561cf28d451241b;152;S
Martelli;tYelEVGTyR;5cf57cc1b9113aef4561cf28d451241b;152;P
Kyle;qMCSV0xkHV;c33a1c8466b736bf588f91fc2b7b57d5;152;S
Kyle;qMCSV0xkHV;c33a1c8466b736bf588f91fc2b7b57d5;152;P
Kliem;LiuSUE4iSQ;8daea9018b879aa4fc89ac8e08e6c4ca;152;S
Kliem;LiuSUE4iSQ;8daea9018b879aa4fc89ac8e08e6c4ca;152;P
Lesky;BLmuIqBpkY;d40e8aadd85da9740ce77f74fbec71a0;152;S
Lesky;BLmuIqBpkY;d40e8aadd85da9740ce77f74fbec71a0;152;P
Magil;R3LWoFNN1C;af96d5433c8efb9c972de7e64a33bf9d;152;S
Magil;R3LWoFNN1C;af96d5433c8efb9c972de7e64a33bf9d;152;P
Retana;7CAB4q7nSM;ee080db2fe5fed1ff34aea19ade2a421;152;S
Retana;7CAB4q7nSM;ee080db2fe5fed1ff34aea19ade2a421;152;P
Kertz;YSZmnQkrfL;9d4ec9b4af7017829095f92297c44759;152;S
Kertz;YSZmnQkrfL;9d4ec9b4af7017829095f92297c44759;152;P
Tribbey;LHTrDQVHWA;bf3312fbdc4cf80e16dc23443a71302f;152;S
Tribbey;LHTrDQVHWA;bf3312fbdc4cf80e16dc23443a71302f;152;P
Lohoff;KfaWyfoeux;09fc14d0b6458e2041eb461a7b42a15f;152;S
Lohoff;KfaWyfoeux;09fc14d0b6458e2041eb461a7b42a15f;152;P
Jennkie;keexcPOK0g;a5e511945a162716489d80ad3043e3e8;152;S
Jennkie;keexcPOK0g;a5e511945a162716489d80ad3043e3e8;152;P
Denbow;LWqCnYTEjb;5cbe02900900b437651613a8a5e69460;152;S
Denbow;LWqCnYTEjb;5cbe02900900b437651613a8a5e69460;152;P
Petton;hwvDk4rOIZ;322d83d714b7dd053e4eb907b3be7c6c;152;S
Petton;hwvDk4rOIZ;322d83d714b7dd053e4eb907b3be7c6c;152;P
Denburger;4LfRpqim3A;228cb2e1589f6bf2cf8b2d774e5b9c6b;152;S
Denburger;4LfRpqim3A;228cb2e1589f6bf2cf8b2d774e5b9c6b;152;P
Neiswander;tAd1HHwvbZ;9fc905f44be12795375eea4203259c49;152;S
Neiswander;tAd1HHwvbZ;9fc905f44be12795375eea4203259c49;152;P
Musacchio;EyQMiel4W4;38240ab70dc0056d1734dc7e6b473ec0;152;S
Musacchio;EyQMiel4W4;38240ab70dc0056d1734dc7e6b473ec0;152;P
Smerkar;9ZVM6kq0q6;abc5eaae0e4e37a627d601c93e758cb1;152;S
Smerkar;9ZVM6kq0q6;abc5eaae0e4e37a627d601c93e758cb1;152;P
Horimoto;NzUWlihuRy;08a4b3475a836b95e2479171de60e7f6;153;S
Horimoto;NzUWlihuRy;08a4b3475a836b95e2479171de60e7f6;153;P
Susan;rYTKwabJH4;963859197c0e6f6bba4509f6fdd5b6f0;153;S
Susan;rYTKwabJH4;963859197c0e6f6bba4509f6fdd5b6f0;153;P
Chatley;1cpJDbuHdY;0518f3fc3810bae8e83c3ff263417727;153;S
Chatley;1cpJDbuHdY;0518f3fc3810bae8e83c3ff263417727;153;P
Wiatrek;Ty0r5IjdEp;99eb4292a67b44c60cf349d6923f6eee;153;S
Wiatrek;Ty0r5IjdEp;99eb4292a67b44c60cf349d6923f6eee;153;P
Terranova;1yYz3EKSO6;69e21c1d050c526e9762e7f459443bd3;153;S
Terranova;1yYz3EKSO6;69e21c1d050c526e9762e7f459443bd3;153;P
Gatzow;njLSPJfVdt;b37851f350130198b6920bc50b2c2256;153;S
Gatzow;njLSPJfVdt;b37851f350130198b6920bc50b2c2256;153;P
Ingrim;V4XzQlaXbO;0540d5477bfda9256be194a3ea240622;153;S
Ingrim;V4XzQlaXbO;0540d5477bfda9256be194a3ea240622;153;P
Peabody;huL7YSRK7L;dba36a813eb8084b6d160a3a4c9fc14e;153;S
Peabody;huL7YSRK7L;dba36a813eb8084b6d160a3a4c9fc14e;153;P
Grannell;lfdlekHfrS;172e2550baebd756cd638484676aa3ab;153;S
Grannell;lfdlekHfrS;172e2550baebd756cd638484676aa3ab;153;P
Mintor;vlUXHybjmy;707398a201a57bc73c8655d5f7722f3a;153;S
Mintor;vlUXHybjmy;707398a201a57bc73c8655d5f7722f3a;153;P
Cuervo;kO0EJZYV1D;8f335897683d4d0f81f3f7b3439071ae;153;S
Cuervo;kO0EJZYV1D;8f335897683d4d0f81f3f7b3439071ae;153;P
Rabun;KJi1xnAPg6;c80310fd019fb9b337bb8b5ac140cd72;153;S
Rabun;KJi1xnAPg6;c80310fd019fb9b337bb8b5ac140cd72;153;P
Coventon;F5MC1LpdKv;a3baf993f73fcaacdbd8d1066d6c84cd;153;S
Coventon;F5MC1LpdKv;a3baf993f73fcaacdbd8d1066d6c84cd;153;P
Boberg;41yEdsOuqV;e28c7cf5853b00347bedfdc94728256e;153;S
Boberg;41yEdsOuqV;e28c7cf5853b00347bedfdc94728256e;153;P
Kruzel;JJT4jYDnut;05a81a627acb8d9d028c83e76abf5179;153;S
Kruzel;JJT4jYDnut;05a81a627acb8d9d028c83e76abf5179;153;P
Bouffard;iC2morKDUW;481b6d3b3ab0d5215f2b9d9461cae6e8;153;S
Bouffard;iC2morKDUW;481b6d3b3ab0d5215f2b9d9461cae6e8;153;P
Nahhas;04OR6uOnlD;01c518f80bfaf3f9c07e39debbc483c8;153;S
Nahhas;04OR6uOnlD;01c518f80bfaf3f9c07e39debbc483c8;153;P
Mogensen;VFos45LLgo;dab743910a80065a9c7ff3869eabef54;153;S
Mogensen;VFos45LLgo;dab743910a80065a9c7ff3869eabef54;153;P
Izaguirre;4YZfzhJNEK;0dd84af4bb2df1e94f52d4db2238168a;153;S
Izaguirre;4YZfzhJNEK;0dd84af4bb2df1e94f52d4db2238168a;153;P
Peppard;iVD9zE5du3;8cd743ae2209f0280500e3b1032ed0cf;153;S
Peppard;iVD9zE5du3;8cd743ae2209f0280500e3b1032ed0cf;153;P
Pavelski;jaSlGKP1jW;f8f37df0e53203971a8b6a071e77816d;153;S
Pavelski;jaSlGKP1jW;f8f37df0e53203971a8b6a071e77816d;153;P
Effler;8oWmjqtfJJ;8dc3687d937fcc60ffcc4df9e0b2215b;153;S
Effler;8oWmjqtfJJ;8dc3687d937fcc60ffcc4df9e0b2215b;153;P
Horst;ddfA5RoZla;aca6d6fe6d0219c194acd56a6f43d911;153;S
Horst;ddfA5RoZla;aca6d6fe6d0219c194acd56a6f43d911;153;P
Lipoma;YYlb0qY0aX;b0a72a9c9ba458668b581d95ef658e85;153;S
Lipoma;YYlb0qY0aX;b0a72a9c9ba458668b581d95ef658e85;153;P
Villagrana;rP6w5YDrnp;0f2e78a16b07a2f9e29b4cdc6bf58928;153;S
Villagrana;rP6w5YDrnp;0f2e78a16b07a2f9e29b4cdc6bf58928;153;P
Riner;A3IL0aQTMW;ecea571f6d4a2fd4a5c3fb0808db6bb7;153;S
Riner;A3IL0aQTMW;ecea571f6d4a2fd4a5c3fb0808db6bb7;153;P
Lingner;wUMn1o0TAx;c866c9d74e7182477a37e2e59b25af65;153;S
Lingner;wUMn1o0TAx;c866c9d74e7182477a37e2e59b25af65;153;P
Coressel;liK48K0Av0;a92f8a408ac7b6b827b73c662ec68302;153;S
Coressel;liK48K0Av0;a92f8a408ac7b6b827b73c662ec68302;153;P
Wessinger;DhNbaMJ6Pb;cc7ac60d4677cc65a05f95b3d7137ac1;153;S
Wessinger;DhNbaMJ6Pb;cc7ac60d4677cc65a05f95b3d7137ac1;153;P
Mulvey;d7odB4bEjP;c23f5bb0b750af626e66d1ed6c58890f;153;S
Mulvey;d7odB4bEjP;c23f5bb0b750af626e66d1ed6c58890f;153;P
Coldivar;ZNTMiLErcL;0def7a873a3610753331e2d6e73871fb;154;S
Coldivar;ZNTMiLErcL;0def7a873a3610753331e2d6e73871fb;154;P
Mun;ANdRZyHRRb;a5fdfbb51f871a08446a8d0d85d91d13;154;S
Mun;ANdRZyHRRb;a5fdfbb51f871a08446a8d0d85d91d13;154;P
Farenbaugh;jlBaxy8CMT;c4e15e82c10e082288a9e0e39e5ef475;154;S
Farenbaugh;jlBaxy8CMT;c4e15e82c10e082288a9e0e39e5ef475;154;P
Camelin;CLUXYfibzC;32c7eea9af642b58a205858d880862b3;154;S
Camelin;CLUXYfibzC;32c7eea9af642b58a205858d880862b3;154;P
Haisten;kyv3382tL8;f0b950eca7c0b65217245479d7240eb4;154;S
Haisten;kyv3382tL8;f0b950eca7c0b65217245479d7240eb4;154;P
Thoennes;z3t5eRAUF0;4798a97c0f321d3b02219be88178f3db;154;S
Thoennes;z3t5eRAUF0;4798a97c0f321d3b02219be88178f3db;154;P
Malcomb;lhxzYkiTyN;1bd82d419423ad885289f3806bad35d3;154;S
Malcomb;lhxzYkiTyN;1bd82d419423ad885289f3806bad35d3;154;P
Madill;0WLeQBsn0L;9e506c5a88835a5853460b2249e17853;154;S
Madill;0WLeQBsn0L;9e506c5a88835a5853460b2249e17853;154;P
Moscaritolo;P3ILqfrp4t;3ed11da798901206e97825ccaece70f5;154;S
Moscaritolo;P3ILqfrp4t;3ed11da798901206e97825ccaece70f5;154;P
Hislope;Ehe3JyAOCA;63a4f410b3da072241c5fc37c8b263cc;154;S
Hislope;Ehe3JyAOCA;63a4f410b3da072241c5fc37c8b263cc;154;P
Coutcher;j4iGOAlE6C;11bc87b009391c2666b88408b9520577;154;S
Coutcher;j4iGOAlE6C;11bc87b009391c2666b88408b9520577;154;P
Valree;ML1JFmNOaO;3a4d8c60062c6dca505a149eba114efd;154;S
Valree;ML1JFmNOaO;3a4d8c60062c6dca505a149eba114efd;154;P
Fain;Xg3cN993RO;cb98e28af7a087465c467a967669892d;154;S
Fain;Xg3cN993RO;cb98e28af7a087465c467a967669892d;154;P
Norals;1QiC0BRZWX;6eb58730b8793b205726a7cef251c0c4;154;S
Norals;1QiC0BRZWX;6eb58730b8793b205726a7cef251c0c4;154;P
Bentley;9UzTMXG3AI;0f9b5b608f9625df37e25d49fec2a66c;154;S
Bentley;9UzTMXG3AI;0f9b5b608f9625df37e25d49fec2a66c;154;P
Schimizzi;ph66iwLkxm;e83df3c93c2ebaa791e49d815ff6527f;154;S
Schimizzi;ph66iwLkxm;e83df3c93c2ebaa791e49d815ff6527f;154;P
Salmonsen;oaAMUcSWjj;1271842dbdf8fafff15ec22ad77f6383;154;S
Salmonsen;oaAMUcSWjj;1271842dbdf8fafff15ec22ad77f6383;154;P
Willms;kVYyTusIpm;e6116d1088337f7773d5957bcdaba5e4;154;S
Willms;kVYyTusIpm;e6116d1088337f7773d5957bcdaba5e4;154;P
Beutel;yG0obg5Qw5;8f15730822d702b8b95448e427753e3d;154;S
Beutel;yG0obg5Qw5;8f15730822d702b8b95448e427753e3d;154;P
Elshant;GWskxZv9dG;7ed7da985a929852446278bf104f1b9a;154;S
Elshant;GWskxZv9dG;7ed7da985a929852446278bf104f1b9a;154;P
Remkus;okYALRIH4a;af233526e39d2308b50b81b4ab682d50;154;S
Remkus;okYALRIH4a;af233526e39d2308b50b81b4ab682d50;154;P
Trenton;xSKmAfceTo;d75c4a414384f7ab53e9e287b4815c77;154;S
Trenton;xSKmAfceTo;d75c4a414384f7ab53e9e287b4815c77;154;P
Linh;rXBzxB8DJa;79a9e08ed4ebecd954c835e89069ee1b;154;S
Linh;rXBzxB8DJa;79a9e08ed4ebecd954c835e89069ee1b;154;P
Oas;IztM4549fq;4e50aa29487ab3db4dafdfb9a6f0468a;154;S
Oas;IztM4549fq;4e50aa29487ab3db4dafdfb9a6f0468a;154;P
Turla;8sya2rj433;8a4ec01aa7d31a05984ac908a94722f0;154;S
Turla;8sya2rj433;8a4ec01aa7d31a05984ac908a94722f0;154;P
Dunphy;SRvU15vSwt;d88a82929f384f760b75c68f53618595;154;S
Dunphy;SRvU15vSwt;d88a82929f384f760b75c68f53618595;154;P
Daras;bN8voCH0Gh;e8d5e9477b9ee831a6ca3c8fefee32eb;154;S
Daras;bN8voCH0Gh;e8d5e9477b9ee831a6ca3c8fefee32eb;154;P
Gariety;t55HL8sC9q;3957613555466e365e6221e3f2354837;154;S
Gariety;t55HL8sC9q;3957613555466e365e6221e3f2354837;154;P
Hannaway;6rWly0gkiq;11b6e6d18655515ae3b02d1bb2ec3021;154;S
Hannaway;6rWly0gkiq;11b6e6d18655515ae3b02d1bb2ec3021;154;P
Dolio;LLdJ8BGdfy;5abaa10728721f716ae9ced81492bdf0;154;S
Dolio;LLdJ8BGdfy;5abaa10728721f716ae9ced81492bdf0;154;P
