Klahr;1c6GVTvIg9;e544cd3b6b1a4d0ae4ae1164773ce7cc
Seale;mPBuR5chvN;ba6cb8bd5b03f518706d2c31dc8100b9
Kremple;cRtUWAiLBQ;4e8c35c5451f82a8880857ee23555a98
Wantz;csFmc6oW45;dbc86a224d1614119eb9d6309e0f5f72
Hendershott;cyCe28Bup7;85441a58e593bae8f11f96e262046a67
Brenchley;FooX1cMOwn;0de3a8e273b09508ae4024650ff36078
Minerva;6RsFkxAN3C;78a2bae49cd6177f2de383c60f4c3f38
Rumburd;Nh7qYCnXg0;9e5c4c39acffabe0697fbfd086fd5fd9
Roselyn;91wp5ldPsb;7e901b68503043d4558d086b116973ec
Delgado;alBuQ0dA5w;8330daf6d7035bf2a7508919efb4ef7a
Canerday;uLc6RKelzm;603e013f7f979eef94d9f46b5273d3f3
Sinclaire;ymMPp0ZtIF;14563aca7654d77cf135efbe2bf2a7d3
Wanczyk;9xgN5X5Uaa;ebe306d1f8c2b23b25bfb55567f88f9d
Closovschi;jU0cVojFFP;8d4d77077f17faa891e5ac0372c9228f
Bertone;BLuHVRxAJK;5813feb3c9f2288f447d29bbe9fa8e6f
Ceder;dUuQLsJfkI;f2c0d998218eaeed3cc3fc7469252524
Gene;UqtR55BCtW;7a66d2cb68112ecff862eb99fb4b0875
Vizcarra;9nqcb0iBf2;254cb3bf895aec650da1a45f384e2e14
Blamer;0Se1MNKYDk;8834d5c81a5d0bc61273ffb5fc8f1816
Schlottmann;wUwQgQNGOX;f35cbf7b2692eb07eba87d60df25bb6d
